platform,product_id,title,brand,category,current_price,original_price,discount,rating,reviews_count,availability,seller,express_delivery,platform_badge,sponsored,main_image,all_images,description,weight,dimensions,model_number,country_of_origin,warranty,tech_specs,variations,ships_from,delivery_date,product_url,scraped_at
amazon,B0GRJRTPZH,Dishwashing Machine 14 Person Silver dfc287hvs,,AR-LG,"EGP 58,500.00",,,,,,,,,,https://m.media-amazon.com/images/I/41bALwj-4qL._AC_UL320_.jpg,https://m.media-amazon.com/images/I/41bALwj-4qL._AC_UL320_.jpg,,,,,,,,,,,https://www.amazon.eg/dp/B0GRJRTPZH,2026-06-07T05:56:45.946493
amazon,B09QY7CHFP,5pcs Female Port 5P SMD SMT Micro USB 2.0 Charging Socket Jack B Type 5 Pin Mini Repair Connector 4 E960 E610 P700 P705 L7 II P710 L9 P760 P768 P769 L90 Replacement Adapter,,AR-LG,EGP 169.00,,,,,,,,,,https://m.media-amazon.com/images/I/618pn5EaSmL._AC_UL320_.jpg,https://m.media-amazon.com/images/I/618pn5EaSmL._AC_UL320_.jpg,,,,,,,,,,,https://www.amazon.eg/dp/B09QY7CHFP,2026-06-07T05:56:45.947026
amazon,B0GJPYRBC8,Fresh Washing Machine Top load 5kg Silver FTM-5S,,AR-Washing-Machine,"EGP 7,139.00",,,4.8,,,,,,,https://m.media-amazon.com/images/I/516BAf-VrjL._AC_UL320_.jpg,https://m.media-amazon.com/images/I/516BAf-VrjL._AC_UL320_.jpg,,,,,,,,,,,https://www.amazon.eg/dp/B0GJPYRBC8,2026-06-07T05:56:31.157927
amazon,B098TTS66G,"Fresh washing machine with antibacterial spin drum - white, 4Kg",,AR-Washing-Machine,"EGP 2,240.00",,,4.0,,,,,,,https://m.media-amazon.com/images/I/41rVRroZQIL._AC_UL320_.jpg,https://m.media-amazon.com/images/I/41rVRroZQIL._AC_UL320_.jpg,,,,,,,,,,,https://www.amazon.eg/dp/B098TTS66G,2026-06-07T05:56:31.158565
amazon,B091K4FSMH,Fresh Duetto Washing Machine- 5 Kilogram,,AR-Washing-Machine,"EGP 4,550.00","EGP 4,876.00",,4.2,Was:,,,,,,https://m.media-amazon.com/images/I/71j0Be0UsuS._AC_UL320_.jpg,https://m.media-amazon.com/images/I/71j0Be0UsuS._AC_UL320_.jpg,,,,,,,,,,,https://www.amazon.eg/dp/B091K4FSMH,2026-06-07T05:56:31.159222
amazon,B091P1D477,"Fresh Washing Machine - 10 Kg, White",,AR-Washing-Machine,"EGP 3,500.00",,,3.8,,,,,,,https://m.media-amazon.com/images/I/51DP1mBxp4L._AC_UL320_.jpg,https://m.media-amazon.com/images/I/51DP1mBxp4L._AC_UL320_.jpg,,,,,,,,,,,https://www.amazon.eg/dp/B091P1D477,2026-06-07T05:56:31.159751
amazon,B09TBHN2GG,Fresh Auto Top Load Washer 7KG,,AR-Washing-Machine,"EGP 8,650.00",,,4.3,,,,,,,https://m.media-amazon.com/images/I/51RhHcgwl5L._AC_UL320_.jpg,https://m.media-amazon.com/images/I/51RhHcgwl5L._AC_UL320_.jpg,,,,,,,,,,,https://www.amazon.eg/dp/B09TBHN2GG,2026-06-07T05:56:31.160298
amazon,B0GNZL4LDW,"Midea Top Load MA102W90P/GK, shoes clean program, Blanket wash, I-clean, Easy dosing, 9KG, Titanium Grey",,AR-Washing-Machine,"EGP 9,499.00",,,,,,,,,,https://m.media-amazon.com/images/I/319KBba5zrL._AC_UL320_.jpg,https://m.media-amazon.com/images/I/319KBba5zrL._AC_UL320_.jpg,,,,,,,,,,,https://www.amazon.eg/dp/B0GNZL4LDW,2026-06-07T05:56:31.160742
amazon,B010JTAYZM,TORNADO Washing Machine 9 Kg Pump Dark Silver TWE-TLN09RDS,,AR-Washing-Machine,"EGP 12,267.94","EGP 12,629.00",,4.4,List:,,,,,,https://m.media-amazon.com/images/I/61Rsi-JMMiL._AC_UL320_.jpg,https://m.media-amazon.com/images/I/61Rsi-JMMiL._AC_UL320_.jpg,,,,,,,,,,,https://www.amazon.eg/dp/B010JTAYZM,2026-06-07T05:56:31.161471
amazon,B0G6ZNG21H,"Fresh Washing Machine 14 KG Digital,anti bacterial, Twin Motor,Twin tub",,AR-Washing-Machine,"EGP 7,749.00",,,,,,,,,,https://m.media-amazon.com/images/I/51gc3V3G57L._AC_UL320_.jpg,https://m.media-amazon.com/images/I/51gc3V3G57L._AC_UL320_.jpg,,,,,,,,,,,https://www.amazon.eg/dp/B0G6ZNG21H,2026-06-07T05:56:31.161934
amazon,B0D9YP55PL,"Haier 8 KG Front Loading Washing Machine, 525 mm Super Drum, BLDC Inverter Motor, Laser Welding, Steam, Silver, HW80-BP14929AS6",,AR-Washing-Machine,"EGP 17,237.00",,,4.1,,,,,,,https://m.media-amazon.com/images/I/710MRV29rHL._AC_UL320_.jpg,https://m.media-amazon.com/images/I/710MRV29rHL._AC_UL320_.jpg,,,,,,,,,,,https://www.amazon.eg/dp/B0D9YP55PL,2026-06-07T05:56:31.162480
amazon,B0FTMHZYTN,"LG Front Load Washing Machine 7kg, 1200 RPM, Platinum Silver, Model F4Y2QYG6P",,AR-Washing-Machine,"EGP 19,050.00",,,5.0,,,,,,,https://m.media-amazon.com/images/I/31HqByNCDKL._AC_UL320_.jpg,https://m.media-amazon.com/images/I/31HqByNCDKL._AC_UL320_.jpg,,,,,,,,,,,https://www.amazon.eg/dp/B0FTMHZYTN,2026-06-07T05:56:31.162986
amazon,B0CL4Y8933,Prifix panda washing machine,,AR-Washing-Machine,"EGP 1,983.71",,,3.1,,,,,,,https://m.media-amazon.com/images/I/51J7xDAhWoL._AC_UL320_.jpg,https://m.media-amazon.com/images/I/51J7xDAhWoL._AC_UL320_.jpg,,,,,,,,,,,https://www.amazon.eg/dp/B0CL4Y8933,2026-06-07T05:56:31.163579
amazon,B0F7LLTK3K,"Toshiba Front load Washing Machine TW-T21BU95UWEG(MG), Great waves, UFB, Steam, Origin Inverter, Aroma+, WIFI, Drum clean, Anti-bacterial gasket, 8.5 KG, Morandi Grey",,AR-Washing-Machine,,,,4.8,,,,,,,https://m.media-amazon.com/images/I/813CuvmnnuL._AC_UL320_.jpg,https://m.media-amazon.com/images/I/813CuvmnnuL._AC_UL320_.jpg,,,,,,,,,,,https://www.amazon.eg/dp/B0F7LLTK3K,2026-06-07T05:56:31.164313
amazon,B0DLBLHKSR,"Haier 10 KG Top Loading Fully Automatic, Soft Closing Door, Fresh Air Funcation, ABT Pulsator, Silver, HWM100-316S6",,AR-Washing-Machine,"EGP 11,500.00",,,4.6,,,,,,,https://m.media-amazon.com/images/I/516-Ccyx1uL._AC_UL320_.jpg,https://m.media-amazon.com/images/I/516-Ccyx1uL._AC_UL320_.jpg,,,,,,,,,,,https://www.amazon.eg/dp/B0DLBLHKSR,2026-06-07T05:56:31.164814
amazon,B09W44JLV3,"TOSHIBA Top Loading Washing Machine,AW-DUK1300KUPEG(SK),ULTRA FINE BUBBLE, Great Waves,Water Shield Filter, Memory,Quick wash15minn, Silver, 13Kg, Automatic",,AR-Washing-Machine,"EGP 17,299.00",,,4.2,,,,,,,https://m.media-amazon.com/images/I/51c9+jMurSL._AC_UL320_.jpg,https://m.media-amazon.com/images/I/51c9+jMurSL._AC_UL320_.jpg,,,,,,,,,,,https://www.amazon.eg/dp/B09W44JLV3,2026-06-07T05:56:31.165401
amazon,B0FTMJJQB8,"LG Front Load Washing Machine 8kg, 1400 RPM, Dark Graphite, Model F4Y2TYG6X",,AR-Washing-Machine,"EGP 20,699.00","EGP 21,899.00",,5.0,Was:,,,,,,https://m.media-amazon.com/images/I/318Ze+k98rL._AC_UL320_.jpg,https://m.media-amazon.com/images/I/318Ze+k98rL._AC_UL320_.jpg,,,,,,,,,,,https://www.amazon.eg/dp/B0FTMJJQB8,2026-06-07T05:56:31.165974
amazon,B098TXJ2XM,"Fresh Washing Machine Top Load Single Tub Shabah, 7 Kg - White",,AR-Washing-Machine,"EGP 3,699.00",,,4.1,,,,,,,https://m.media-amazon.com/images/I/41k9EmYmqhL._AC_UL320_.jpg,https://m.media-amazon.com/images/I/41k9EmYmqhL._AC_UL320_.jpg,,,,,,,,,,,https://www.amazon.eg/dp/B098TXJ2XM,2026-06-07T05:56:31.166519
amazon,B0FSY17P51,"TECHZONE Foldable Mini Washing Machine – Portable Compact Washer for Baby Clothes, Underwear & Small Laundry – Collapsible, Travel-Friendly with Touch Control for Dorm, RV & Home Use (Purple)",,AR-Washing-Machine,EGP 660.00,EGP 780.00,,2.5,List:,,,,,,https://m.media-amazon.com/images/I/31Fi2UHUKZL._AC_UL320_.jpg,https://m.media-amazon.com/images/I/31Fi2UHUKZL._AC_UL320_.jpg,,,,,,,,,,,https://www.amazon.eg/dp/B0FSY17P51,2026-06-07T05:56:31.167189
amazon,B09VY17QBR,Fresh Over Automatic Washer 7K,,AR-Washing-Machine,"EGP 8,898.00",,,3.9,,,,,,,https://m.media-amazon.com/images/I/51rAmEtbTKL._AC_UL320_.jpg,https://m.media-amazon.com/images/I/51rAmEtbTKL._AC_UL320_.jpg,,,,,,,,,,,https://www.amazon.eg/dp/B09VY17QBR,2026-06-07T05:56:31.167692
amazon,B0CJ813YHF,"Fresh Top Automatic Washing Machine, 7Kg, Silver - Ftm-09F12S",,AR-Washing-Machine,"EGP 8,600.00","EGP 8,899.00",,4.5,Was:,,,,,,https://m.media-amazon.com/images/I/51hOdF0yfeL._AC_UL320_.jpg,https://m.media-amazon.com/images/I/51hOdF0yfeL._AC_UL320_.jpg,,,,,,,,,,,https://www.amazon.eg/dp/B0CJ813YHF,2026-06-07T05:56:31.168446
amazon,B08Z6F4LZB,"Fresh FWT14000ND Top Load Washing Machine, 14 Kg - White",,AR-Washing-Machine,"EGP 8,249.00",,,4.1,,,,,,,https://m.media-amazon.com/images/I/51xqGviRUNL._AC_UL320_.jpg,https://m.media-amazon.com/images/I/51xqGviRUNL._AC_UL320_.jpg,,,,,,,,,,,https://www.amazon.eg/dp/B08Z6F4LZB,2026-06-07T05:56:31.168949
amazon,B098KPQKH4,Fresh Washing Machine STAR 7 KG,,AR-Washing-Machine,"EGP 5,300.00","EGP 5,650.00",,4.2,Was:,,,,,,https://m.media-amazon.com/images/I/515kcXoFDKL._AC_UL320_.jpg,https://m.media-amazon.com/images/I/515kcXoFDKL._AC_UL320_.jpg,,,,,,,,,,,https://www.amazon.eg/dp/B098KPQKH4,2026-06-07T05:56:31.169562
amazon,B087B9TR5H,Mabe LMA77113CBC Aqua Saver Automatic Washing Machine - 17 kg - White,,AR-Washing-Machine,"EGP 8,990.00","EGP 10,990.00",,3.7,Was:,,,,,,https://m.media-amazon.com/images/I/41jBTX5gRvL._AC_UL320_.jpg,https://m.media-amazon.com/images/I/41jBTX5gRvL._AC_UL320_.jpg,,,,,,,,,,,https://www.amazon.eg/dp/B087B9TR5H,2026-06-07T05:56:31.170192
amazon,B0FSY8XC99,"TECHZONE Foldable Mini Washing Machine – Portable Compact Washer for Baby Clothes, Underwear & Small Laundry – Collapsible, Travel-Friendly with Touch Control for Dorm, RV & Home Use (Green)",,AR-Washing-Machine,EGP 655.00,EGP 780.00,,2.5,List:,,,,,,https://m.media-amazon.com/images/I/41oxI3rExdL._AC_UL320_.jpg,https://m.media-amazon.com/images/I/41oxI3rExdL._AC_UL320_.jpg,,,,,,,,,,,https://www.amazon.eg/dp/B0FSY8XC99,2026-06-07T05:56:31.170846
amazon,B091NZ7PG9,"White point wptl9dba top load washing machine, 9 kg - silver",,AR-Washing-Machine,"EGP 9,450.00",,,3.9,,,,,,,https://m.media-amazon.com/images/I/51Or6Dgu1fL._AC_UL320_.jpg,https://m.media-amazon.com/images/I/51Or6Dgu1fL._AC_UL320_.jpg,,,,,,,,,,,https://www.amazon.eg/dp/B091NZ7PG9,2026-06-07T05:56:31.171404
amazon,B0DNMWHF75,"TORNADO Washing Machine Half Auto Capacity 12 Kg 1200 RPM Lint Filter, Anti-Shock Body, Anti-Rat Baseplate White x Black TMH-HS12C(WK)",,AR-Washing-Machine,,,,4.0,,,,,,,https://m.media-amazon.com/images/I/31BK1cYWo+L._AC_UL320_.jpg,https://m.media-amazon.com/images/I/31BK1cYWo+L._AC_UL320_.jpg,,,,,,,,,,,https://www.amazon.eg/dp/B0DNMWHF75,2026-06-07T05:56:31.171882
amazon,B0CDV8VC24,"Toshiba Tw-Bk100Gf4Eg(Mk) Washing Machine,Ultra Fine Bubbles,Inverter, Steam, Smart, Control (Wifi) 9Kg Morandi Grey, Automatic",,AR-Washing-Machine,"EGP 20,900.00",,,4.4,,,,,,,https://m.media-amazon.com/images/I/91E3y-brtLL._AC_UL320_.jpg,https://m.media-amazon.com/images/I/91E3y-brtLL._AC_UL320_.jpg,,,,,,,,,,,https://www.amazon.eg/dp/B0CDV8VC24,2026-06-07T05:56:31.172422
amazon,B08WJPZXMJ,"Fresh Washing Machine Top Load Single Tub Smart, White, 7 kg, swm700",,AR-Washing-Machine,,,,4.2,,,,,,,https://m.media-amazon.com/images/I/61mQEVdSErL._AC_UL320_.jpg,https://m.media-amazon.com/images/I/61mQEVdSErL._AC_UL320_.jpg,,,,,,,,,,,https://www.amazon.eg/dp/B08WJPZXMJ,2026-06-07T05:56:31.172898
amazon,B094HKKQV2,Fresh Washing Machine JUMBO 10 KG -Twin tub,,AR-Washing-Machine,"EGP 6,990.00",,,4.1,,,,,,,https://m.media-amazon.com/images/I/51I806F751L._AC_UL320_.jpg,https://m.media-amazon.com/images/I/51I806F751L._AC_UL320_.jpg,,,,,,,,,,,https://www.amazon.eg/dp/B094HKKQV2,2026-06-07T05:56:31.173506
amazon,B0GNN5C3VT,"Toshiab Front Load Washing Machine TW-T21BU95UWEG(SG),Inverter, Steam, WIFI, Aroma+, Great waves, UFB, slim design, 8.5KG, Silver",,AR-Washing-Machine,"EGP 17,490.00",,,,,,,,,,https://m.media-amazon.com/images/I/31e84SPKgvL._AC_UL320_.jpg,https://m.media-amazon.com/images/I/31e84SPKgvL._AC_UL320_.jpg,,,,,,,,,,,https://www.amazon.eg/dp/B0GNN5C3VT,2026-06-07T05:56:31.173963
amazon,B01KVAYCEI,"Fresh FWT14000PD Top Load Washing Machine, 14 Kg - White",,AR-Washing-Machine,"EGP 7,893.00",,,3.1,,,,,,,https://m.media-amazon.com/images/I/51xqGviRUNL._AC_UL320_.jpg,https://m.media-amazon.com/images/I/51xqGviRUNL._AC_UL320_.jpg,,,,,,,,,,,https://www.amazon.eg/dp/B01KVAYCEI,2026-06-07T05:56:31.174492
amazon,B0CZ4CVVJ7,FRESH WASHER 8 KG OVER AUTOMATIC,,AR-Washing-Machine,"EGP 9,150.00","EGP 9,400.00",,3.4,Was:,,,,,,https://m.media-amazon.com/images/I/51K2z1m6qyL._AC_UL320_.jpg,https://m.media-amazon.com/images/I/51K2z1m6qyL._AC_UL320_.jpg,,,,,,,,,,,https://www.amazon.eg/dp/B0CZ4CVVJ7,2026-06-07T05:56:31.175106
amazon,B0DDQB5GXY,"Haier 8 KG Front Loading Washing Machine, 525 mm Super Drum, Direct Motion Inverter Motor, WiFi Haismart, Laser Welding, Steam, Silver, HW80-B14959S6TU1",,AR-Washing-Machine,"EGP 16,900.00","EGP 18,999.00",,3.0,List:,,,,,,https://m.media-amazon.com/images/I/61g0bAq+FWL._AC_UL320_.jpg,https://m.media-amazon.com/images/I/61g0bAq+FWL._AC_UL320_.jpg,,,,,,,,,,,https://www.amazon.eg/dp/B0DDQB5GXY,2026-06-07T05:56:31.175711
amazon,B091J53S75,"LG Vivace Washing Machine 9/5KG Dryer, with AI DD technology,Black- LG ThinQ™-F4R5VGG2E",,AR-Washing-Machine,"EGP 36,500.00","EGP 37,699.00",,4.2,Was:,,,,,,https://m.media-amazon.com/images/I/81+Cz57ZqOL._AC_UL320_.jpg,https://m.media-amazon.com/images/I/81+Cz57ZqOL._AC_UL320_.jpg,,,,,,,,,,,https://www.amazon.eg/dp/B091J53S75,2026-06-07T05:56:31.176347
amazon,B0FPFSK7P5,"Automatic Washing Machine(PERLAMAX), Front Load(New Edition), Digital Multi Programs, Pro-white Steam, 8kg, silver with gray door - ZWF8240SV5",,AR-Washing-Machine,"EGP 17,700.00",,,3.8,,,,,,,https://m.media-amazon.com/images/I/51uDMQMrGoL._AC_UL320_.jpg,https://m.media-amazon.com/images/I/51uDMQMrGoL._AC_UL320_.jpg,,,,,,,,,,,https://www.amazon.eg/dp/B0FPFSK7P5,2026-06-07T05:56:31.176840
amazon,B01KVAYR5W,"Fresh Freestanding Top Loading Baby Washing Machine, 3 KG, White - FWS 330 NA",,AR-Washing-Machine,"EGP 1,950.00","EGP 2,100.00",,4.1,Was:,,,,,,https://m.media-amazon.com/images/I/31ZG8TFXpKS._AC_UL320_.jpg,https://m.media-amazon.com/images/I/31ZG8TFXpKS._AC_UL320_.jpg,,,,,,,,,,,https://www.amazon.eg/dp/B01KVAYR5W,2026-06-07T05:56:31.177463
amazon,B0GNN3VJ7D,"TOSHIBA Washing Machine Front Load TW-T21BU115UWEG(MG),Inverter, Steam, WIFI, Aroma+, Great waves, UFB, Slim design, 10.5KG, Morandi Grey",,AR-Washing-Machine,"EGP 21,999.00",,,3.8,,,,,,,https://m.media-amazon.com/images/I/61bn240GueL._AC_UL320_.jpg,https://m.media-amazon.com/images/I/61bn240GueL._AC_UL320_.jpg,,,,,,,,,,,https://www.amazon.eg/dp/B0GNN3VJ7D,2026-06-07T05:56:31.177978
amazon,B0CDVHRG14,SAVING HOME Mini Foldable Washing Machine Folding Small Automatic Washing Machine With Touch Screen Portable Washing Machine Small Statur Big Intelligence,,AR-Washing-Machine,EGP 634.00,,,2.8,,,,,,,https://m.media-amazon.com/images/I/611BqoQHihL._AC_UL320_.jpg,https://m.media-amazon.com/images/I/611BqoQHihL._AC_UL320_.jpg,,,,,,,,,,,https://www.amazon.eg/dp/B0CDVHRG14,2026-06-07T05:56:31.178588
amazon,B0BLVJSK1Y,HOOVER Washing Machine Fully Automatic 8 Kg Silver H3WS383TAC3R-ELA,,AR-Washing-Machine,"EGP 19,959.00",,,4.0,,,,,,,https://m.media-amazon.com/images/I/41eJQ30CYWL._AC_UL320_.jpg,https://m.media-amazon.com/images/I/41eJQ30CYWL._AC_UL320_.jpg,,,,,,,,,,,https://www.amazon.eg/dp/B0BLVJSK1Y,2026-06-07T05:56:31.179123
amazon,B0D94RQB4S,"Samsung WA11 Top Load Washing Machine, 11 kg Capacity, Grey",,AR-Washing-Machine,"EGP 15,500.00","EGP 15,999.00",,3.4,List:,,,,,,https://m.media-amazon.com/images/I/51R7eYhlqeL._AC_UL320_.jpg,https://m.media-amazon.com/images/I/51R7eYhlqeL._AC_UL320_.jpg,,,,,,,,,,,https://www.amazon.eg/dp/B0D94RQB4S,2026-06-07T05:56:31.179713
amazon,B098KQVZSK,"Fresh FWS400NA Top Load Washing Machine (4Kg, White)",,AR-Washing-Machine,"EGP 2,399.00",,,3.5,,,,,,,https://m.media-amazon.com/images/I/51QA95Vyh-L._AC_UL320_.jpg,https://m.media-amazon.com/images/I/51QA95Vyh-L._AC_UL320_.jpg,,,,,,,,,,,https://www.amazon.eg/dp/B098KQVZSK,2026-06-07T05:56:31.180244
amazon,B08Z7R4DC8,"Fresh twm600 fantasia top load washing machine, 6 kg - white",,AR-Washing-Machine,"EGP 4,750.00","EGP 4,910.00",,3.9,List:,,,,,,https://m.media-amazon.com/images/I/515hOWk3-BL._AC_UL320_.jpg,https://m.media-amazon.com/images/I/515hOWk3-BL._AC_UL320_.jpg,,,,,,,,,,,https://www.amazon.eg/dp/B08Z7R4DC8,2026-06-07T05:56:31.180836
amazon,B09TW2ZD5G,Fresh 5 Cleo Washing Machine (White),,AR-Washing-Machine,"EGP 3,000.00",,,3.6,,,,,,,https://m.media-amazon.com/images/I/51tWgIlYxCL._AC_UL320_.jpg,https://m.media-amazon.com/images/I/51tWgIlYxCL._AC_UL320_.jpg,,,,,,,,,,,https://www.amazon.eg/dp/B09TW2ZD5G,2026-06-07T05:56:31.181434
amazon,B0101SJ3P8,HOOVER Washing Machine Fully Automatic 7 Kg Inverter Motor Silver H3WS17TMF3R-ELA,,AR-Washing-Machine,"EGP 18,899.06","EGP 20,109.00",,4.6,List:,,,,,,https://m.media-amazon.com/images/I/612QepRJyyL._AC_UL320_.jpg,https://m.media-amazon.com/images/I/612QepRJyyL._AC_UL320_.jpg,,,,,,,,,,,https://www.amazon.eg/dp/B0101SJ3P8,2026-06-07T05:56:31.182099
amazon,B09BJ2RYPV,"Dilwe Mini Washing Machine, Turbine Removes Dirt, Portable Turbine Compact Washer for Trip, Apartment(white, 4-speed adjustment, Transl)",,AR-Washing-Machine,EGP 113.49,,,1.0,,,,,,,https://m.media-amazon.com/images/I/51pzANU32ZL._AC_UL320_.jpg,https://m.media-amazon.com/images/I/51pzANU32ZL._AC_UL320_.jpg,,,,,,,,,,,https://www.amazon.eg/dp/B09BJ2RYPV,2026-06-07T05:56:31.182630
amazon,B0GJFXXXYM,Fresh Automatic Washing Machine 7K,,AR-Washing-Machine,"EGP 9,500.00",,,,,,,,,,https://m.media-amazon.com/images/I/31v4uGIb7SL._AC_UL320_.jpg,https://m.media-amazon.com/images/I/31v4uGIb7SL._AC_UL320_.jpg,,,,,,,,,,,https://www.amazon.eg/dp/B0GJFXXXYM,2026-06-07T05:56:31.183097
amazon,B09N6YP9F3,SHARP Washing Machine Top Automatic 9 Kg Pump Silver ES-TN09GSLP,,AR-Washing-Machine,"EGP 13,000.00",,,4.3,,,,,,,https://m.media-amazon.com/images/I/61Fy0-96W5L._AC_UL320_.jpg,https://m.media-amazon.com/images/I/61Fy0-96W5L._AC_UL320_.jpg,,,,,,,,,,,https://www.amazon.eg/dp/B09N6YP9F3,2026-06-07T05:56:31.183637
amazon,B0DNN3BV1V,"TORNADO Washing Machine Half Auto Capacity 10 Kg 1200 RPM Lint filter, Anti-Shock Body, Anti-Rat Baseplate White x Black TMH-HS10C(WK)",,AR-Washing-Machine,,,,3.9,,,,,,,https://m.media-amazon.com/images/I/51BIDDGS0nL._AC_UL320_.jpg,https://m.media-amazon.com/images/I/51BIDDGS0nL._AC_UL320_.jpg,,,,,,,,,,,https://www.amazon.eg/dp/B0DNN3BV1V,2026-06-07T05:56:31.184140
amazon,B0F6VBCRC4,"White Point Top Load Washing Machine, 9 kg, Dark Grey - WPTL9DBTEA",,AR-Washing-Machine,"EGP 9,498.00",,,5.0,,,,,,,https://m.media-amazon.com/images/I/31ZccyjV5oL._AC_UL320_.jpg,https://m.media-amazon.com/images/I/31ZccyjV5oL._AC_UL320_.jpg,,,,,,,,,,,https://www.amazon.eg/dp/B0F6VBCRC4,2026-06-07T05:56:31.184645
amazon,B0CDY19CQF,Fresh Washing Machine 12KG Semi Automatic FWT-12000NB,,AR-Washing-Machine,"EGP 7,748.00",,,4.2,,,,,,,https://m.media-amazon.com/images/I/51std0NS0YL._AC_UL320_.jpg,https://m.media-amazon.com/images/I/51std0NS0YL._AC_UL320_.jpg,,,,,,,,,,,https://www.amazon.eg/dp/B0CDY19CQF,2026-06-07T05:56:35.727182
amazon,B0GD8718L1,"LG 11kg Front Load Washing Machine, AI Direct Drive & Wi-Fi, TurboWash Technology, Steam- F4X5EYG24",,AR-Washing-Machine,"EGP 33,059.00",,,3.0,,,,,,,https://m.media-amazon.com/images/I/31pNTfAruNL._AC_UL320_.jpg,https://m.media-amazon.com/images/I/31pNTfAruNL._AC_UL320_.jpg,,,,,,,,,,,https://www.amazon.eg/dp/B0GD8718L1,2026-06-07T05:56:35.727710
amazon,B08WJNF4Z7,White Point Washing Machine 7 Kg 1000 RPM Silver - WPW 71015 DS,,AR-Washing-Machine,"EGP 15,800.00",,,5.0,,,,,,,https://m.media-amazon.com/images/I/610LTUosMML._AC_UL320_.jpg,https://m.media-amazon.com/images/I/610LTUosMML._AC_UL320_.jpg,,,,,,,,,,,https://www.amazon.eg/dp/B08WJNF4Z7,2026-06-07T05:56:35.728834
amazon,B0CQPKQRGB,Fresh Washing Machine 08 Kgs Inverter Direct Drive PC - Dark Silver 1200 RPM W8DD1255PCDS,,AR-Washing-Machine,"EGP 18,200.00",,,4.0,,,,,,,https://m.media-amazon.com/images/I/710ad4ALMzL._AC_UL320_.jpg,https://m.media-amazon.com/images/I/710ad4ALMzL._AC_UL320_.jpg,,,,,,,,,,,https://www.amazon.eg/dp/B0CQPKQRGB,2026-06-07T05:56:35.730510
amazon,B097F4JXGD,White Point Top Loading Washing Machine 9 KG -sliver,,AR-Washing-Machine,"EGP 9,499.00",,,4.5,,,,,,,https://m.media-amazon.com/images/I/61ovS2-jymL._AC_UL320_.jpg,https://m.media-amazon.com/images/I/61ovS2-jymL._AC_UL320_.jpg,,,,,,,,,,,https://www.amazon.eg/dp/B097F4JXGD,2026-06-07T05:56:35.731063
amazon,B0FLK8ST8K,"Automatic Washing Machine(Steam MAX), Inverter, Front Load, DIGITAL MULTI PROGRAM, 2 steam system, 8kg, black- ZWF8241BS7",,AR-Washing-Machine,"EGP 23,500.00",,,4.0,,,,,,,https://m.media-amazon.com/images/I/51zZPlqqr7L._AC_UL320_.jpg,https://m.media-amazon.com/images/I/51zZPlqqr7L._AC_UL320_.jpg,,,,,,,,,,,https://www.amazon.eg/dp/B0FLK8ST8K,2026-06-07T05:56:35.731570
amazon,B0D5BPC4CB,Fresh Washing Machine Top Load 15 Kg - Panorama Black,,AR-Washing-Machine,"EGP 17,000.00",,,4.2,,,,,,,https://m.media-amazon.com/images/I/51m+-dpF1lL._AC_UL320_.jpg,https://m.media-amazon.com/images/I/51m+-dpF1lL._AC_UL320_.jpg,,,,,,,,,,,https://www.amazon.eg/dp/B0D5BPC4CB,2026-06-07T05:56:35.732082
amazon,B0GHNVXZ7C,"LG 13 kg Top Load Washing Machine, Smart Inverter, TurboDrum, Hydraulic Door, Smart Diagnosis, LoDecibel Technology - Dark Gray T1366NEHG2",,AR-Washing-Machine,"EGP 19,100.00",,,1.0,,,,,,,https://m.media-amazon.com/images/I/317fIHtmcPL._AC_UL320_.jpg,https://m.media-amazon.com/images/I/317fIHtmcPL._AC_UL320_.jpg,,,,,,,,,,,https://www.amazon.eg/dp/B0GHNVXZ7C,2026-06-07T05:56:35.732586
amazon,B0DS162P4D,"TOSHIBA TW-BK115GF4EG(MK), Front Loading Great Waves, Wi-FI-Steam, Inverter Motor, 1400 RPM UFB,10.5KG Morandi Grey Automatic",,AR-Washing-Machine,"EGP 25,340.00","EGP 27,499.00",,5.0,List:,,,,,,https://m.media-amazon.com/images/I/61eifwbH5sL._AC_UL320_.jpg,https://m.media-amazon.com/images/I/61eifwbH5sL._AC_UL320_.jpg,,,,,,,,,,,https://www.amazon.eg/dp/B0DS162P4D,2026-06-07T05:56:35.733241
amazon,B0F92MWQKP,"Midea Washing Machine Front Load,MF200W90B/TTC, 1400 RPM, Turbo wash, Steam, Inverter, Add Garment, Lunar dial 9 KG, Titanium Grey",,AR-Washing-Machine,,,,3.9,,,,,,,https://m.media-amazon.com/images/I/71Mx-n1jKxL._AC_UL320_.jpg,https://m.media-amazon.com/images/I/71Mx-n1jKxL._AC_UL320_.jpg,,,,,,,,,,,https://www.amazon.eg/dp/B0F92MWQKP,2026-06-07T05:56:35.734343
amazon,B0DT1L5NYN,Toshiba Washing Machine Capacity 10.5 Kg - Inverter - 1400 RPM - Wifi - Steam Wash - Morandi Grey - TW-BK115GF4EG(MK),,AR-Washing-Machine,"EGP 27,000.00",,,5.0,,,,,,,https://m.media-amazon.com/images/I/61mYXyD5dML._AC_UL320_.jpg,https://m.media-amazon.com/images/I/61mYXyD5dML._AC_UL320_.jpg,,,,,,,,,,,https://www.amazon.eg/dp/B0DT1L5NYN,2026-06-07T05:56:35.735522
amazon,B0FZ55QBDK,"SHARP K-PRO Capcity 10 Kg Front Loading Washing Machine Fully Automatic 1400 RPM Inverter, Add Laundry, Steam Function, Hygiene, Drum Clean, Quick Wash, Japanese Technology Dark Grey ES-FS104KLE-G",,AR-Washing-Machine,"EGP 30,200.00",,,5.0,,,,,,,https://m.media-amazon.com/images/I/41sbWU0DfSL._AC_UL320_.jpg,https://m.media-amazon.com/images/I/41sbWU0DfSL._AC_UL320_.jpg,,,,,,,,,,,https://www.amazon.eg/dp/B0FZ55QBDK,2026-06-07T05:56:35.736083
amazon,B0CX22K937,Beko 7 Kg Front Load Automatic Washing Machine - 1000 RPM - Smart Inverter Motor - Steam Cure - White - WTV 7512 XWCI,,AR-Washing-Machine,"EGP 18,500.00",,,4.6,,,,,,,https://m.media-amazon.com/images/I/51IUtfwC5QL._AC_UL320_.jpg,https://m.media-amazon.com/images/I/51IUtfwC5QL._AC_UL320_.jpg,,,,,,,,,,,https://www.amazon.eg/dp/B0CX22K937,2026-06-07T05:56:35.736606
amazon,B09HSKY8HF,Samsung WW90T534DAN1AS Digital Inverter Front Loading Washing Machine With Wi-Fi - 9Kg - Inox- (local warranty),,AR-Washing-Machine,"EGP 27,656.92",,,4.4,,,,,,,https://m.media-amazon.com/images/I/61T7v5AeRBL._AC_UL320_.jpg,https://m.media-amazon.com/images/I/61T7v5AeRBL._AC_UL320_.jpg,,,,,,,,,,,https://www.amazon.eg/dp/B09HSKY8HF,2026-06-07T05:56:35.737152
amazon,B0CWFKNDKJ,LG Washing Machine 13 K Above Automatic Silver Dark Inverter T1388NEHGB,,AR-Washing-Machine,"EGP 19,900.00",,,4.0,,,,,,,https://m.media-amazon.com/images/I/51klTSizVXL._AC_UL320_.jpg,https://m.media-amazon.com/images/I/51klTSizVXL._AC_UL320_.jpg,,,,,,,,,,,https://www.amazon.eg/dp/B0CWFKNDKJ,2026-06-07T05:56:35.737663
amazon,B091NZ2S8D,"LG Vivace Washing Machine 8/5KG Dryer, with AI DD technology, Silver-LG ThinQ™-F4R5TGG2T",,AR-Washing-Machine,"EGP 35,800.00",,,4.6,,,,,,,https://m.media-amazon.com/images/I/817VkqOeEpL._AC_UL320_.jpg,https://m.media-amazon.com/images/I/817VkqOeEpL._AC_UL320_.jpg,,,,,,,,,,,https://www.amazon.eg/dp/B091NZ2S8D,2026-06-07T05:56:35.738211
amazon,B0GZQYBX2D,"LG Top Loading Washing Machine, 17 kg Capacity, Middle Black, Model T17V1NDHG2",,AR-Washing-Machine,"EGP 24,200.00",,,,,,,,,,https://m.media-amazon.com/images/I/4108YfAJoYL._AC_UL320_.jpg,https://m.media-amazon.com/images/I/4108YfAJoYL._AC_UL320_.jpg,,,,,,,,,,,https://www.amazon.eg/dp/B0GZQYBX2D,2026-06-07T05:56:35.738657
amazon,B0BLVJJ2XF,HOOVER Washing Machine Front Loading Fully Automatic Capcity 7 Kg-1100 RPM -Steam Function -WIFI -KG Mode-3D Wash Cycle- Easy Iron-Rapid Wash-Italian Technology-Silver H3WS173DC3R-ELA,,AR-Washing-Machine,"EGP 18,199.00",,,3.9,,,,,,,https://m.media-amazon.com/images/I/416s4PMsEWL._AC_UL320_.jpg,https://m.media-amazon.com/images/I/416s4PMsEWL._AC_UL320_.jpg,,,,,,,,,,,https://www.amazon.eg/dp/B0BLVJJ2XF,2026-06-07T05:56:35.739197
amazon,B0GFFCKN9X,"LG 10kg Front Load Washing Machine, AI Direct Drive, Smart ThinQ™ WIFI, Steam, 6 Motion Technology - F4X5RYG24 Black",,AR-Washing-Machine,"EGP 30,500.00","EGP 32,990.00",,5.0,Was:,,,,,,https://m.media-amazon.com/images/I/31TxQoJiqoL._AC_UL320_.jpg,https://m.media-amazon.com/images/I/31TxQoJiqoL._AC_UL320_.jpg,,,,,,,,,,,https://www.amazon.eg/dp/B0GFFCKN9X,2026-06-07T05:56:35.739798
amazon,B0DNWMR7QF,"Portable washing machine,Mini Washer,11L upgraded large capacity foldable Washer.Deep cleaning of underwear, baby clothes and other small clothes.Suitable for apartments, dormitories, hotels (Green)",,AR-Washing-Machine,EGP 653.99,EGP 780.00,,3.4,List:,,,,,,https://m.media-amazon.com/images/I/61xKJK2zSZL._AC_UL320_.jpg,https://m.media-amazon.com/images/I/61xKJK2zSZL._AC_UL320_.jpg,,,,,,,,,,,https://www.amazon.eg/dp/B0DNWMR7QF,2026-06-07T05:56:35.740435
amazon,B010JTB212,TORNADO Washing Machine Top Automatic 9 Kg Pump Silver TWE-TLN09RSL,,AR-Washing-Machine,"EGP 14,150.00",,,4.4,,,,,,,https://m.media-amazon.com/images/I/61prxqyKNWL._AC_UL320_.jpg,https://m.media-amazon.com/images/I/61prxqyKNWL._AC_UL320_.jpg,,,,,,,,,,,https://www.amazon.eg/dp/B010JTB212,2026-06-07T05:56:35.740985
amazon,B0DDQC83FF,"Haier 9 KG Front Loading Washing Machine, 525 mm Super Drum, Direct Motion Inverter Motor, WiFi Haismart, Laser Welding, Steam, Silver, HW90-B14959S6TU1",,AR-Washing-Machine,"EGP 21,700.00",,,3.8,,,,,,,https://m.media-amazon.com/images/I/61g0bAq+FWL._AC_UL320_.jpg,https://m.media-amazon.com/images/I/61g0bAq+FWL._AC_UL320_.jpg,,,,,,,,,,,https://www.amazon.eg/dp/B0DDQC83FF,2026-06-07T05:56:35.741540
amazon,B09L1GMQTV,غسالة من زانوسي، ستيم ماكس، 7 كجم - ZWF7221DL7,,AR-Washing-Machine,"EGP 20,500.00",,,4.6,,,,,,,https://m.media-amazon.com/images/I/61Pvtnh7ZbL._AC_UL320_.jpg,https://m.media-amazon.com/images/I/61Pvtnh7ZbL._AC_UL320_.jpg,,,,,,,,,,,https://www.amazon.eg/dp/B09L1GMQTV,2026-06-07T05:56:35.742090
amazon,B00OLI6FFG,HOOVER Washing Machine Front Loading Fully Automatic Capcity 8 Kg Inverter Motor-1300 RPM -Steam Function -WIFI -KG Mode-3D Wash Cycle- Easy Iron-Rapid Wash-Italian Technology-Silver H3WS38TAMF7R-ELA,,AR-Washing-Machine,"EGP 21,399.06",,,4.0,,,,,,,https://m.media-amazon.com/images/I/41akT09VTYL._AC_UL320_.jpg,https://m.media-amazon.com/images/I/41akT09VTYL._AC_UL320_.jpg,,,,,,,,,,,https://www.amazon.eg/dp/B00OLI6FFG,2026-06-07T05:56:35.742667
amazon,B0CBHGWF7Q,"BEKO Washing Machine Full Automatic, Digital, 8 KG, 1200 rpm, Pro Smart Inverter & Steam Cure WTV 8612 XMCI2",,AR-Washing-Machine,"EGP 20,948.00",,,4.7,,,,,,,https://m.media-amazon.com/images/I/71GJi7cswKL._AC_UL320_.jpg,https://m.media-amazon.com/images/I/71GJi7cswKL._AC_UL320_.jpg,,,,,,,,,,,https://www.amazon.eg/dp/B0CBHGWF7Q,2026-06-07T05:56:35.743220
amazon,B0C6R98RCZ,"LG Washing Machine 9 KG and Dryer 5 KG, and Steam™- Vivace - F4R5VGG2E",,AR-Washing-Machine,"EGP 36,819.00",,,3.0,,,,,,,https://m.media-amazon.com/images/I/5197TzYPgjL._AC_UL320_.jpg,https://m.media-amazon.com/images/I/5197TzYPgjL._AC_UL320_.jpg,,,,,,,,,,,https://www.amazon.eg/dp/B0C6R98RCZ,2026-06-07T05:56:35.743737
amazon,B09L1J25ZV,"Zanussi Washing Machine, Steammax, 8 KG, Silver - ZWF8221SL7",,AR-Washing-Machine,"EGP 23,672.22",,,4.2,,,,,,,https://m.media-amazon.com/images/I/61rMwMLAjSL._AC_UL320_.jpg,https://m.media-amazon.com/images/I/61rMwMLAjSL._AC_UL320_.jpg,,,,,,,,,,,https://www.amazon.eg/dp/B09L1J25ZV,2026-06-07T05:56:35.745073
amazon,B0CDLRT1S1,Samsung WA19CG6745BVAS Digital Inverter Topload Ecobubble Washing Machine - 19Kg (local warranty),,AR-Washing-Machine,"EGP 31,500.00",,,3.8,,,,,,,https://m.media-amazon.com/images/I/51dNP0SESjL._AC_UL320_.jpg,https://m.media-amazon.com/images/I/51dNP0SESjL._AC_UL320_.jpg,,,,,,,,,,,https://www.amazon.eg/dp/B0CDLRT1S1,2026-06-07T05:56:35.745593
amazon,B0FZ564VVG,"SHARP K-PRO Washing Machine Fully Automatic 11 Kg-7 Kg Dryer J-Tech Inverter, 1400 RPM, Plasma Cluster, Add Laundry Steam, Hygiene, Japanese Technology Dark Grey ES-DP114KLE-G",,AR-Washing-Machine,"EGP 41,609.00",,,,,,,,,,https://m.media-amazon.com/images/I/41Vpey9OkAL._AC_UL320_.jpg,https://m.media-amazon.com/images/I/41Vpey9OkAL._AC_UL320_.jpg,,,,,,,,,,,https://www.amazon.eg/dp/B0FZ564VVG,2026-06-07T05:56:35.746059
amazon,B0CKXB6VZB,Ocean Digital Washer 26.5 lbs,,AR-Washing-Machine,"EGP 28,671.43",,,,,,,,,,https://m.media-amazon.com/images/I/41+lmsL061L._AC_UL320_.jpg,https://m.media-amazon.com/images/I/41+lmsL061L._AC_UL320_.jpg,,,,,,,,,,,https://www.amazon.eg/dp/B0CKXB6VZB,2026-06-07T05:56:35.746510
amazon,B0D9H2SG35,"Toshiba Washing Machine Automatic TWD-BM130GF4EG(MK) Ultra Fine Bubbles, the great waves, Steam, WI-FI 12KG Washer + 8 KG dryer, Origin Inverter, Morandi Grey",,AR-Washing-Machine,"EGP 41,498.98","EGP 45,649.00",,4.2,List:,,,,,,https://m.media-amazon.com/images/I/61HrwH8xLmL._AC_UL320_.jpg,https://m.media-amazon.com/images/I/61HrwH8xLmL._AC_UL320_.jpg,,,,,,,,,,,https://www.amazon.eg/dp/B0D9H2SG35,2026-06-07T05:56:35.747267
amazon,B01JGBMEZ2,Bosch Washer front loade 10 KG Series 4 - Maximum spin speed 1400 rpm - LED-display - Eco silence drive - Silver inox - WGA2540XEG,,AR-Washing-Machine,"EGP 37,499.00",,,4.3,,,,,,,https://m.media-amazon.com/images/I/51zMK-2Ja7L._AC_UL320_.jpg,https://m.media-amazon.com/images/I/51zMK-2Ja7L._AC_UL320_.jpg,,,,,,,,,,,https://www.amazon.eg/dp/B01JGBMEZ2,2026-06-07T05:56:35.747784
amazon,B0F4R69H35,LG Automatic washer and dryer – 15/8 KG – Inverter Motor - AI DD technology - Turbo Clean - Trubo Wash -Turbo Dry- ThinQ wifi – Grey - F0Z6DRP24,,AR-Washing-Machine,"EGP 54,500.00",,,5.0,,,,,,,https://m.media-amazon.com/images/I/41aAhQ7q2oL._AC_UL320_.jpg,https://m.media-amazon.com/images/I/41aAhQ7q2oL._AC_UL320_.jpg,,,,,,,,,,,https://www.amazon.eg/dp/B0F4R69H35,2026-06-07T05:56:35.748323
amazon,B0GWXC72M1,"Foldable Washing Machine, 12L Portable Washing Machine with Handle, Waterproof Touch Panel, Practical Drainage, for Light Clothes and Small Items (Mint Green)",,AR-Washing-Machine,"EGP 1,150.00",,,,,,,,,,https://m.media-amazon.com/images/I/71DrSnvrYyL._AC_UL320_.jpg,https://m.media-amazon.com/images/I/71DrSnvrYyL._AC_UL320_.jpg,,,,,,,,,,,https://www.amazon.eg/dp/B0GWXC72M1,2026-06-07T05:56:35.748775
amazon,B0FLW7XG88,Foldable Washing Machine – 12L – 40W – Portable & Light Design – Ideal for Travel & Baby Laundry,,AR-Washing-Machine,"EGP 1,427.29",,,2.7,,,,,,,https://m.media-amazon.com/images/I/41fLry-JaWL._AC_UL320_.jpg,https://m.media-amazon.com/images/I/41fLry-JaWL._AC_UL320_.jpg,,,,,,,,,,,https://www.amazon.eg/dp/B0FLW7XG88,2026-06-07T05:56:35.749320
amazon,B0994QJ9YW,"LG Vivace Washing Machine 9KG, with AI DD technology, Silver-LG ThinQ",,AR-Washing-Machine,"EGP 34,440.53","EGP 35,859.13",,4.1,Was:,,,,,,https://m.media-amazon.com/images/I/61N9GvRRE7L._AC_UL320_.jpg,https://m.media-amazon.com/images/I/61N9GvRRE7L._AC_UL320_.jpg,,,,,,,,,,,https://www.amazon.eg/dp/B0994QJ9YW,2026-06-07T05:56:35.749932
amazon,B0FNK6MNXP,"3-in-1 Portable Washing Machine, 3L Cordless Underwear Washing Machine with Spin Basket, 3 Modes 3000mAh Laundry Machine for Apartment, Dorm, RV, Hotel Use (White)",,AR-Washing-Machine,EGP 536.00,EGP 920.00,,2.3,Was:,,,,,,https://m.media-amazon.com/images/I/71btr0E6gtL._AC_UL320_.jpg,https://m.media-amazon.com/images/I/71btr0E6gtL._AC_UL320_.jpg,,,,,,,,,,,https://www.amazon.eg/dp/B0FNK6MNXP,2026-06-07T05:56:35.750562
amazon,B0CGDPP683,"Roadtime Mini Portable Washing Machine, 8L Foldable With 3 Modes for Camping, Underwear, Lightweight Clothing, EU Plug (Purple)",,AR-Washing-Machine,EGP 665.00,EGP 685.99,,2.0,Another way to buy,,,,,,https://m.media-amazon.com/images/I/61J2Ms+LqrL._AC_UL320_.jpg,https://m.media-amazon.com/images/I/61J2Ms+LqrL._AC_UL320_.jpg,,,,,,,,,,,https://www.amazon.eg/dp/B0CGDPP683,2026-06-07T05:56:35.751323
amazon,B08WJMWLNH,"LG Vivace Washing Machine 10.5KG, with AI DD technology, Silver, LG ThinQ™-F4V5RYP2T",,AR-Washing-Machine,"EGP 42,000.00",,,3.6,,,,,,,https://m.media-amazon.com/images/I/817VkqOeEpL._AC_UL320_.jpg,https://m.media-amazon.com/images/I/817VkqOeEpL._AC_UL320_.jpg,,,,,,,,,,,https://www.amazon.eg/dp/B08WJMWLNH,2026-06-07T05:56:35.751849
amazon,B0G259N5GJ,"Mini Washing Machine,2L Portable Underwear Washing Machine, 3 Modes(Wash and Rinse,U-V,Spin),Leak-Proof Hidden Drain, Wireless Rechargeable, Ideal for Underwear, Socks & Baby Items",,AR-Washing-Machine,"EGP 1,180.00",,,3.2,,,,,,,https://m.media-amazon.com/images/I/71KCs9HzQLL._AC_UL320_.jpg,https://m.media-amazon.com/images/I/71KCs9HzQLL._AC_UL320_.jpg,,,,,,,,,,,https://www.amazon.eg/dp/B0G259N5GJ,2026-06-07T05:56:35.752983
amazon,B0D295NPL5,Portable Washing Machine Mini Foldable Washer and Spin Dryer Small Foldable Bucket Washer Suitable for Apartment DormTravelling 9 L (Purple),,AR-Washing-Machine,EGP 832.12,EGP 874.38,,3.0,List:,,,,,,https://m.media-amazon.com/images/I/41KF4U3sIOL._AC_UL320_.jpg,https://m.media-amazon.com/images/I/41KF4U3sIOL._AC_UL320_.jpg,,,,,,,,,,,https://www.amazon.eg/dp/B0D295NPL5,2026-06-07T05:56:35.753591
amazon,B0DP3FNP4X,"Generic Portable Washing Machine: Top Load, White, 87% Efficiency, Designed for Dishes, Utensils, Light Clothes, Fruits & Vegetables",,AR-Washing-Machine,EGP 104.63,,,,,,,,,,https://m.media-amazon.com/images/I/61FIJvjTOaL._AC_UL320_.jpg,https://m.media-amazon.com/images/I/61FIJvjTOaL._AC_UL320_.jpg,,,,,,,,,,,https://www.amazon.eg/dp/B0DP3FNP4X,2026-06-07T05:56:39.373342
amazon,B0FZ4Z7MR3,"SHARP K-PRO Capcity 8.5 Kg Front Loading Washing Machine Fully Automatic 1200 RPM Inverter, Add Laundry, Steam Function, Hygiene, Drum Clean, Quick Wash, Japanese Technology Dark Grey ES-FS852KLE-G",,AR-Washing-Machine,"EGP 26,799.00",,,,,,,,,,https://m.media-amazon.com/images/I/41pNb6uVCnL._AC_UL320_.jpg,https://m.media-amazon.com/images/I/41pNb6uVCnL._AC_UL320_.jpg,,,,,,,,,,,https://www.amazon.eg/dp/B0FZ4Z7MR3,2026-06-07T05:56:39.373785
amazon,B0C3Y71QQL,Fresh Washer 12KG Semi Automatic Straight Squeezing FWT-12000NA,,AR-Washing-Machine,"EGP 7,400.00",,,3.5,,,,,,,https://m.media-amazon.com/images/I/519xC71fMwL._AC_UL320_.jpg,https://m.media-amazon.com/images/I/519xC71fMwL._AC_UL320_.jpg,,,,,,,,,,,https://www.amazon.eg/dp/B0C3Y71QQL,2026-06-07T05:56:39.374830
amazon,B0BW4V7NG8,Beko Washer 10 KG - 1600 RPM - Steam - Extra Large Door - Bluetooth Control And Notifacation - Digital - Piano Black - B3WFU501040BCI,,AR-Washing-Machine,"EGP 24,400.00",,,,,,,,,,https://m.media-amazon.com/images/I/61av1ns7lOL._AC_UL320_.jpg,https://m.media-amazon.com/images/I/61av1ns7lOL._AC_UL320_.jpg,,,,,,,,,,,https://www.amazon.eg/dp/B0BW4V7NG8,2026-06-07T05:56:39.376373
amazon,B0GTZ3CQJ1,LG Washing Machine – Top load – 21 KG -Inverter Technology - Platinum Black - T21X5EHHTP,,AR-Washing-Machine,"EGP 37,200.00",,,,,,,,,,https://m.media-amazon.com/images/I/21AO3vnn-9L._AC_UL320_.jpg,https://m.media-amazon.com/images/I/21AO3vnn-9L._AC_UL320_.jpg,,,,,,,,,,,https://www.amazon.eg/dp/B0GTZ3CQJ1,2026-06-07T05:56:39.376825
amazon,B0CVDB4SZH,LG 13kg Smart Inverter Top Load Washing Machine,,AR-Washing-Machine,"EGP 19,200.00","EGP 19,990.00",,4.4,Was:,,,,,,https://m.media-amazon.com/images/I/61jLXZTrWrL._AC_UL320_.jpg,https://m.media-amazon.com/images/I/61jLXZTrWrL._AC_UL320_.jpg,,,,,,,,,,,https://www.amazon.eg/dp/B0CVDB4SZH,2026-06-07T05:56:39.379059
amazon,B0BXKNTCVG,"Mini Washing Machine,Portable Washing Machine Mini Washing,2.36""x 3""x 5.11"",for Home,Business,Travel,College Room,Apartment",,AR-Washing-Machine,EGP 104.63,,,2.7,,,,,,,https://m.media-amazon.com/images/I/714fzfRUYSL._AC_UL320_.jpg,https://m.media-amazon.com/images/I/714fzfRUYSL._AC_UL320_.jpg,,,,,,,,,,,https://www.amazon.eg/dp/B0BXKNTCVG,2026-06-07T05:56:39.379566
amazon,B01KXFIIQO,"Fresh W10DD1458G2-DS Full Automatic Washing Machine, 10 kg - Grey Black",,AR-Washing-Machine,"EGP 23,500.00",,,2.9,,,,,,,https://m.media-amazon.com/images/I/51uBp-OZs0L._AC_UL320_.jpg,https://m.media-amazon.com/images/I/51uBp-OZs0L._AC_UL320_.jpg,,,,,,,,,,,https://www.amazon.eg/dp/B01KXFIIQO,2026-06-07T05:56:39.380088
amazon,B0F7GH2WP1,"Portable Washing Machine,Wireless Mini Washer Deeply Cleans Small Laundry Items, Socks, Underwear, Baby Clothes,Small Washer Is Suitable for Solo Living, Apartments, Hotels, Travel, And Camping White",,AR-Washing-Machine,EGP 536.00,"EGP 1,200.00",,3.8,Was:,,,,,,https://m.media-amazon.com/images/I/51oCmtfio5L._AC_UL320_.jpg,https://m.media-amazon.com/images/I/51oCmtfio5L._AC_UL320_.jpg,,,,,,,,,,,https://www.amazon.eg/dp/B0F7GH2WP1,2026-06-07T05:56:39.380672
amazon,B0D294DCZ5,Portable Washing Machine Mini Foldable Washer and Spin Dryer Small Foldable Bucket Washer Suitable for Apartment DormTravelling 9 L (Green),,AR-Washing-Machine,EGP 714.90,EGP 874.38,,1.9,List:,,,,,,https://m.media-amazon.com/images/I/41CnfzNW3oL._AC_UL320_.jpg,https://m.media-amazon.com/images/I/41CnfzNW3oL._AC_UL320_.jpg,,,,,,,,,,,https://www.amazon.eg/dp/B0D294DCZ5,2026-06-07T05:56:39.381382
amazon,B0965LPST7,"LG Vivace Washing Machine 10.5/7KG dryer, with AI DD technology, Black-LG ThinQ™-F4V9RCP2E",,AR-Washing-Machine,,,,4.1,,,,,,,https://m.media-amazon.com/images/I/81+Cz57ZqOL._AC_UL320_.jpg,https://m.media-amazon.com/images/I/81+Cz57ZqOL._AC_UL320_.jpg,,,,,,,,,,,https://www.amazon.eg/dp/B0965LPST7,2026-06-07T05:56:39.382541
amazon,B0C7WH3FTC,"Beko 10kg Front Load Washing Machine With 6kg dryer, 1400 RPM, Pro Smart Inverter & Steam Cure, Bluetooth, Iron Finish, Black- BWD10640MCI",,AR-Washing-Machine,"EGP 44,980.00",,,3.8,,,,,,,https://m.media-amazon.com/images/I/51+VCtP1l3L._AC_UL320_.jpg,https://m.media-amazon.com/images/I/51+VCtP1l3L._AC_UL320_.jpg,,,,,,,,,,,https://www.amazon.eg/dp/B0C7WH3FTC,2026-06-07T05:56:39.383084
amazon,B0C2KTY156,"White Point WPW71015DSWS Washing Machine Multi Programs System With 7Kg Capacity, 1000 Rbm, Digital Screen And Steam -Silver",,AR-Washing-Machine,"EGP 15,900.00",,,3.2,,,,,,,https://m.media-amazon.com/images/I/51KnPh+bz5L._AC_UL320_.jpg,https://m.media-amazon.com/images/I/51KnPh+bz5L._AC_UL320_.jpg,,,,,,,,,,,https://www.amazon.eg/dp/B0C2KTY156,2026-06-07T05:56:39.384057
amazon,B0C2CKC25X,"LG Washing Machine, 8kg, Front Load, Allergy Care, Stain Care - F2T2TYM1S",,AR-Washing-Machine,,,,4.3,,,,,,,https://m.media-amazon.com/images/I/91U0fGLWfkL._AC_UL320_.jpg,https://m.media-amazon.com/images/I/91U0fGLWfkL._AC_UL320_.jpg,,,,,,,,,,,https://www.amazon.eg/dp/B0C2CKC25X,2026-06-07T05:56:39.384528
amazon,B0DK533FP9,"HOOVER Top Loading Washing Machine Capacity 12 Kg DDM Inverter Quick Wash, Gentle Wave Wash, Flexi-Angle Door, Tub Clean, Blanket Program, Italian Technology Black HWH-TLD12DBK",,AR-Washing-Machine,"EGP 18,975.00",,,3.7,,,,,,,https://m.media-amazon.com/images/I/51lnYNbw-bL._AC_UL320_.jpg,https://m.media-amazon.com/images/I/51lnYNbw-bL._AC_UL320_.jpg,,,,,,,,,,,https://www.amazon.eg/dp/B0DK533FP9,2026-06-07T05:56:39.385090
amazon,B0FXVBWSJN,2 in 1 Portable Washing Machine – Easily Wash & Dry – 2 Kilo / 6L – Electric K,,AR-Washing-Machine,"EGP 1,045.00",,,,,,,,,,https://m.media-amazon.com/images/I/31m7ZE2N9LL._AC_UL320_.jpg,https://m.media-amazon.com/images/I/31m7ZE2N9LL._AC_UL320_.jpg,,,,,,,,,,,https://www.amazon.eg/dp/B0FXVBWSJN,2026-06-07T05:56:39.386617
amazon,B0DR7B9JR8,"Toshiba Washing Machine Automatic TWD-BM100GF4EG(MK) Ultra Fine Bubbles, the great waves, Steam, WI-FI 9KG Washer + 6KG dryer, Origin Inverter, Morandi Grey",,AR-Washing-Machine,,,,4.5,,,,,,,https://m.media-amazon.com/images/I/61eifwbH5sL._AC_UL320_.jpg,https://m.media-amazon.com/images/I/61eifwbH5sL._AC_UL320_.jpg,,,,,,,,,,,https://www.amazon.eg/dp/B0DR7B9JR8,2026-06-07T05:56:39.387110
amazon,B0DR79N41B,"TOSHIBA Top Loading Washing Machine,AW-DUHN1600LUPEG(MK), UFB, Great Waves,Steam Heater, DDM, Morandi Grey15Kg, Automatic",,AR-Washing-Machine,"EGP 21,449.00",,,2.8,,,,,,,https://m.media-amazon.com/images/I/51ZMc5zN4xL._AC_UL320_.jpg,https://m.media-amazon.com/images/I/51ZMc5zN4xL._AC_UL320_.jpg,,,,,,,,,,,https://www.amazon.eg/dp/B0DR79N41B,2026-06-07T05:56:39.387619
amazon,B01KXFEH6O,"Fresh Automatic Front Load Washing Machine W9DD1455G1S, 9Kg, Inverter, 1400rpm - Silver",,AR-Washing-Machine,,,,,,,,,,,https://m.media-amazon.com/images/I/514pm3485nL._AC_UL320_.jpg,https://m.media-amazon.com/images/I/514pm3485nL._AC_UL320_.jpg,,,,,,,,,,,https://www.amazon.eg/dp/B01KXFEH6O,2026-06-07T05:56:39.388059
amazon,B0BLCSL47G,Samsung Washing Machine WW11B1944DGBAS Front Loading - AI Wash - Ecobubble - Wifi - Tempered Glass Door - 11 Kg - Black- (local warranty),,AR-Washing-Machine,"EGP 44,000.00",,,4.3,,,,,,,https://m.media-amazon.com/images/I/51sHBmKvpOL._AC_UL320_.jpg,https://m.media-amazon.com/images/I/51sHBmKvpOL._AC_UL320_.jpg,,,,,,,,,,,https://www.amazon.eg/dp/B0BLCSL47G,2026-06-07T05:56:39.388568
amazon,B0FNMTB1J9,"Mini Portable Washing Machine, 9L Foldable Washer with 3 Modes, Ideal for Baby Clothes, Underwear, Socks, Space-Saving Design for Home, Apartment, Hotel, Camping & Travel (Green)",,AR-Washing-Machine,"EGP 1,000.00","EGP 1,149.99",,3.3,Was:,,,,,,https://m.media-amazon.com/images/I/61rIdCP21tL._AC_UL320_.jpg,https://m.media-amazon.com/images/I/61rIdCP21tL._AC_UL320_.jpg,,,,,,,,,,,https://www.amazon.eg/dp/B0FNMTB1J9,2026-06-07T05:56:39.389697
amazon,B0DK5153K3,"HOOVER Top Loading Washing Machine Capacity 12 Kg Quick Wash, Gentle Wave Wash, Flexi-Angle Door, Tub clean, Baby Care Program, Blanket Program, Italian Technology Silver HWH-TLN12DSL",,AR-Washing-Machine,"EGP 17,547.00",,,4.6,,,,,,,https://m.media-amazon.com/images/I/51-LN4jtQlL._AC_UL320_.jpg,https://m.media-amazon.com/images/I/51-LN4jtQlL._AC_UL320_.jpg,,,,,,,,,,,https://www.amazon.eg/dp/B0DK5153K3,2026-06-07T05:56:39.390283
amazon,B0H26MDTVN,"Portable Folding Washing Machine, 12L Capacity, with Timer, Travel and Vacation Use (green)",,AR-Washing-Machine,EGP 695.00,,,,,,,,,,https://m.media-amazon.com/images/I/51I+rrLKc0L._AC_UL320_.jpg,https://m.media-amazon.com/images/I/51I+rrLKc0L._AC_UL320_.jpg,,,,,,,,,,,https://www.amazon.eg/dp/B0H26MDTVN,2026-06-07T05:56:39.391285
amazon,B0D296CSVL,Portable Washing Machine Foldable Mini Washing Machine Half Automatic Small Washer for Baby Clothes Underwear or Small Items 9L (Purple),,AR-Washing-Machine,EGP 736.38,,,2.2,,,,,,,https://m.media-amazon.com/images/I/41KF4U3sIOL._AC_UL320_.jpg,https://m.media-amazon.com/images/I/41KF4U3sIOL._AC_UL320_.jpg,,,,,,,,,,,https://www.amazon.eg/dp/B0D296CSVL,2026-06-07T05:56:39.391839
amazon,B09W3PMS75,TOSHIBA - Top Load - Washing Machine - 11 KG - Silver - AW-UK1100HUPEG(SK),,AR-Washing-Machine,,,,3.7,,,,,,,https://m.media-amazon.com/images/I/51c9+jMurSL._AC_UL320_.jpg,https://m.media-amazon.com/images/I/51c9+jMurSL._AC_UL320_.jpg,,,,,,,,,,,https://www.amazon.eg/dp/B09W3PMS75,2026-06-07T05:56:39.392345
amazon,B0FW4SLY9V,"Portable Washing Machine, 11L Large Capacity Mini Washer for Underwear & Socks, Compact Travel Washer for Apartment, RV, Camping, and Laundry",,AR-Washing-Machine,EGP 745.00,EGP 770.00,,3.5,Was:,,,,,,https://m.media-amazon.com/images/I/61gNFNm6ZQL._AC_UL320_.jpg,https://m.media-amazon.com/images/I/61gNFNm6ZQL._AC_UL320_.jpg,,,,,,,,,,,https://www.amazon.eg/dp/B0FW4SLY9V,2026-06-07T05:56:39.392932
amazon,B0B13RB14D,White Point Digital Screen Wash Top Black WPTL9DBBA - 10lbs,,AR-Washing-Machine,"EGP 9,500.00",,,1.0,,,,,,,https://m.media-amazon.com/images/I/4159ohLCosL._AC_UL320_.jpg,https://m.media-amazon.com/images/I/4159ohLCosL._AC_UL320_.jpg,,,,,,,,,,,https://www.amazon.eg/dp/B0B13RB14D,2026-06-07T05:56:39.393472
amazon,B0FL1RFC1X,9L Multifunction Foldable Washing Machine - Compact and Portable Design - Ideal for Travel and Light Laundry - Multi Color,,AR-Washing-Machine,"EGP 1,441.73",,,2.6,,,,,,,https://m.media-amazon.com/images/I/61-hnis-SlL._AC_UL320_.jpg,https://m.media-amazon.com/images/I/61-hnis-SlL._AC_UL320_.jpg,,,,,,,,,,,https://www.amazon.eg/dp/B0FL1RFC1X,2026-06-07T05:56:39.394650
amazon,B07T7H9YMS,Lixada 2in1 Mini Washing Machine Portable Personal Rotating Ultrasonic Turbine Washer with USB Cable Convenient for Travel Home Business Trip (B),,AR-Washing-Machine,EGP 138.00,,,2.6,,,,,,,https://m.media-amazon.com/images/I/51teUje0GjL._AC_UL320_.jpg,https://m.media-amazon.com/images/I/51teUje0GjL._AC_UL320_.jpg,,,,,,,,,,,https://www.amazon.eg/dp/B07T7H9YMS,2026-06-07T05:56:39.395195
amazon,B0CW3VF7F9,"LG WashTower™, Washer 21 KG, Dryer 16 KG, Center Control, Turbo Wash, Remote Control, 6 Motion DD, AI DD™ / Smart Pairing™, TurboWash™, Dual Inverter HeatPump™ - FWT2116SS",,AR-Washing-Machine,,,,,,,,,,,https://m.media-amazon.com/images/I/61t4MzehjSL._AC_UL320_.jpg,https://m.media-amazon.com/images/I/61t4MzehjSL._AC_UL320_.jpg,,,,,,,,,,,https://www.amazon.eg/dp/B0CW3VF7F9,2026-06-07T05:56:39.395608
amazon,B09CYW3PTW,قواعد مطاطية للتثبيت في قاعدة الغسالة، ممتصة للصدمات وقابلة للتعديل ومقاومة للاهتزاز ومانعة للتحرك لاقدام غسالة الملابس والمجفف - 4 قطع (4 قطع) اسود,,AR-Washing-Machine,EGP 56.00,,,3.0,,,,,,,https://m.media-amazon.com/images/I/71lA5vzwKWL._AC_UL320_.jpg,https://m.media-amazon.com/images/I/71lA5vzwKWL._AC_UL320_.jpg,,,,,,,,,,,https://www.amazon.eg/dp/B09CYW3PTW,2026-06-07T05:56:39.396211
amazon,B099MG39PQ,Waxed full automatic washing machines cover,,AR-Washing-Machine,EGP 105.00,,,3.8,,,,,,,https://m.media-amazon.com/images/I/617DSsSCykL._AC_UL320_.jpg,https://m.media-amazon.com/images/I/617DSsSCykL._AC_UL320_.jpg,,,,,,,,,,,https://www.amazon.eg/dp/B099MG39PQ,2026-06-07T05:56:39.396779
amazon,B0BWJB4CDG,"Haier 10.5 KG Front Loading Washing Machine, 525mm Super Drum, Direct Motion Inverter Motor, Laser Welding, Steam, Dark Silver, HW100-B14979S8",,AR-Washing-Machine,"EGP 25,500.00",,,3.7,,,,,,,https://m.media-amazon.com/images/I/61dmRqbANTL._AC_UL320_.jpg,https://m.media-amazon.com/images/I/61dmRqbANTL._AC_UL320_.jpg,,,,,,,,,,,https://www.amazon.eg/dp/B0BWJB4CDG,2026-06-07T05:56:43.462056
amazon,B08TBSMN5W,"Portable Washing Machine, Mini Ultrasonic Washing Machine 3 in 1 Dishwashers Ultrasonic Waves Suitable for Home, Business, Travel, College Room, RV, Apartment (3.5IN)",,AR-Washing-Machine,EGP 198.90,,,2.6,,,,,,,https://m.media-amazon.com/images/I/61AVrvsZRPL._AC_UL320_.jpg,https://m.media-amazon.com/images/I/61AVrvsZRPL._AC_UL320_.jpg,,,,,,,,,,,https://www.amazon.eg/dp/B08TBSMN5W,2026-06-07T05:56:43.464156
amazon,B0DVXD2WWQ,Hitachi Washing Machine 10kg - 1400 RPM - SteamCure Technology - ProSmart Inverter Motor - Steam Therapy Dry Wash Only - 14-Minute Quick Program - Bluetooth + Wi-Fi - XL Large Door - Gray Color,,AR-Washing-Machine,"EGP 32,200.00",,,1.0,,,,,,,https://m.media-amazon.com/images/I/411TTtg5u-L._AC_UL320_.jpg,https://m.media-amazon.com/images/I/411TTtg5u-L._AC_UL320_.jpg,,,,,,,,,,,https://www.amazon.eg/dp/B0DVXD2WWQ,2026-06-07T05:56:43.464659
amazon,B092TX2Y8T,"Kiriazi KW 1210 Front Load Washing Machine - 10 Kg, Silver",,AR-Washing-Machine,"EGP 27,160.44",,,2.8,,,,,,,https://m.media-amazon.com/images/I/71KQy5Vci3L._AC_UL320_.jpg,https://m.media-amazon.com/images/I/71KQy5Vci3L._AC_UL320_.jpg,,,,,,,,,,,https://www.amazon.eg/dp/B092TX2Y8T,2026-06-07T05:56:43.468174
amazon,B0GM8XX4HF,"Portable Mini Washing Machine, Wireless Charging, Multidimensional Turbine Rotation, 2-Speed Time Adjustment, 390 All-Copper Reduction Motor, 20cm Height, for Underwear and Delicate Wear",,AR-Washing-Machine,EGP 515.00,EGP 645.00,,,List:,,,,,,https://m.media-amazon.com/images/I/61RR95-4GML._AC_UL320_.jpg,https://m.media-amazon.com/images/I/61RR95-4GML._AC_UL320_.jpg,,,,,,,,,,,https://www.amazon.eg/dp/B0GM8XX4HF,2026-06-07T05:56:43.470823
amazon,B0BM7FPVQ7,LG 10 Kg Washer & 7 Kg Dryer Front Load AI DD Steam+ Bigger 1400 RPM Color Silver Model - F4V5RGP2T (International Version).,,AR-Washing-Machine,"EGP 39,078.00",,,3.9,,,,,,,https://m.media-amazon.com/images/I/71vwkNYvQaL._AC_UL320_.jpg,https://m.media-amazon.com/images/I/71vwkNYvQaL._AC_UL320_.jpg,,,,,,,,,,,https://www.amazon.eg/dp/B0BM7FPVQ7,2026-06-07T05:56:43.472883
amazon,B09YYXJJQJ,"Mini Washing Machine,Portable Turbine Ultrasonic Small Washers,Mini Washing 3in1 Dishwashers for children's clothes Socks,Underwear,Bra, Laundry Tub …",,AR-Washing-Machine,EGP 112.00,EGP 160.00,,2.1,Was:,,,,,,https://m.media-amazon.com/images/I/71yzd8-EvlL._AC_UL320_.jpg,https://m.media-amazon.com/images/I/71yzd8-EvlL._AC_UL320_.jpg,,,,,,,,,,,https://www.amazon.eg/dp/B09YYXJJQJ,2026-06-07T05:56:43.473956
amazon,B0CPQ82YRV,"Portable Space Safety Washing Machine for Small Clothes and Furnishings, Solar and Battery Powered, Easy to Carry and Use, Efficiency and Reliability. Get It Now from Turki Store.",,AR-Washing-Machine,EGP 108.00,,,2.1,,,,,,,https://m.media-amazon.com/images/I/61WQWSCSalL._AC_UL320_.jpg,https://m.media-amazon.com/images/I/61WQWSCSalL._AC_UL320_.jpg,,,,,,,,,,,https://www.amazon.eg/dp/B0CPQ82YRV,2026-06-07T05:56:43.474940
amazon,B08X6H8DZL,"Ariston AQD1070D 497X EX - F081955 Washing Machine, 10 KG, Silver",,AR-Washing-Machine,"EGP 42,999.00",,,2.4,,,,,,,https://m.media-amazon.com/images/I/51le9HrhZCL._AC_UL320_.jpg,https://m.media-amazon.com/images/I/51le9HrhZCL._AC_UL320_.jpg,,,,,,,,,,,https://www.amazon.eg/dp/B08X6H8DZL,2026-06-07T05:56:43.475510
amazon,B0BD837CXM,"DMG Portable Ultrasonic Washing Machine, 4 Modes, Mini Turbo Washer, with Usb Power and Bottom Suction Cup Turbo Sanitizer Washing Machine, for Home, Business, Travel, College Room, Rv, Apartment",,AR-Washing-Machine,EGP 112.00,,,2.5,,,,,,,https://m.media-amazon.com/images/I/61fKPxrYBpL._AC_UL320_.jpg,https://m.media-amazon.com/images/I/61fKPxrYBpL._AC_UL320_.jpg,,,,,,,,,,,https://www.amazon.eg/dp/B0BD837CXM,2026-06-07T05:56:43.476050
amazon,B09ZZWK5GJ,"Portable Mini Folding Clothes Washing Machine, for Home and Travel",,AR-Washing-Machine,EGP 999.00,,,3.0,,,,,,,https://m.media-amazon.com/images/I/61vPZLoGWNL._AC_UL320_.jpg,https://m.media-amazon.com/images/I/61vPZLoGWNL._AC_UL320_.jpg,,,,,,,,,,,https://www.amazon.eg/dp/B09ZZWK5GJ,2026-06-07T05:56:43.477201
amazon,B0CQ3MZHTN,Washing Machine Automatic Fresh 9K Inverter Motor Direct Drive - Gloss Black,,AR-Washing-Machine,,,,5.0,,,,,,,https://m.media-amazon.com/images/I/611QCw3LzyL._AC_UL320_.jpg,https://m.media-amazon.com/images/I/611QCw3LzyL._AC_UL320_.jpg,,,,,,,,,,,https://www.amazon.eg/dp/B0CQ3MZHTN,2026-06-07T05:56:43.477701
amazon,B0CCLPKPSH,"LG Front load Washing Machine 9 kg, 1400 RPM with AI DD technology & ™‎SmartThinQ & Wi-Fi & Steem - Vivace F4R5VYG2E",,AR-Washing-Machine,"EGP 30,750.00",,,,,,,,,,https://m.media-amazon.com/images/I/713dOrUJsML._AC_UL320_.jpg,https://m.media-amazon.com/images/I/713dOrUJsML._AC_UL320_.jpg,,,,,,,,,,,https://www.amazon.eg/dp/B0CCLPKPSH,2026-06-07T05:56:43.478214
amazon,B0DJSWJXZ9,"Mini Washing Machine Portable Foldable Ultrasonic Washing Machine, 3 in 1 Mini Turbocharged Dishwasher for Baby Clothes, Socks, Underwear, Bra, Top Loading, White - by Rana Store",,AR-Washing-Machine,EGP 104.63,,,1.0,,,,,,,https://m.media-amazon.com/images/I/71guLKOKGCL._AC_UL320_.jpg,https://m.media-amazon.com/images/I/71guLKOKGCL._AC_UL320_.jpg,,,,,,,,,,,https://www.amazon.eg/dp/B0DJSWJXZ9,2026-06-07T05:56:43.478841
amazon,B0FM72L2K7,Portable Electric Washing Machine - Compact and Lightweight Perfect for Travel and Daily Use k (Green),,AR-Washing-Machine,"EGP 1,050.00",,,,,,,,,,https://m.media-amazon.com/images/I/51gdcQBPZML._AC_UL320_.jpg,https://m.media-amazon.com/images/I/51gdcQBPZML._AC_UL320_.jpg,,,,,,,,,,,https://www.amazon.eg/dp/B0FM72L2K7,2026-06-07T05:56:43.479323
amazon,B0GL8ZGNB5,Mini Portable Washing Machine Electric Washing Machine Intelligent Cleaning Space Saving Washing Machine ar,,AR-Washing-Machine,"EGP 1,291.34",,,,,,,,,,https://m.media-amazon.com/images/I/31IrBSY1LhL._AC_UL320_.jpg,https://m.media-amazon.com/images/I/31IrBSY1LhL._AC_UL320_.jpg,,,,,,,,,,,https://www.amazon.eg/dp/B0GL8ZGNB5,2026-06-07T05:56:43.479793
amazon,B0FYH4S7FD,"LG 15 kg Front Load Washing Machine1400RPM, Inverter Direct Drive, AI DD, TurboWash, Steam, Wi-Fi, Metal black F0Z6DYP24",,AR-Washing-Machine,,,,,,,,,,,https://m.media-amazon.com/images/I/41wVlXsyTLL._AC_UL320_.jpg,https://m.media-amazon.com/images/I/41wVlXsyTLL._AC_UL320_.jpg,,,,,,,,,,,https://www.amazon.eg/dp/B0FYH4S7FD,2026-06-07T05:56:43.480230
amazon,B0FS774PW7,"Portable Mini Washing Machine | Compact Deep Cleans Underwear, Baby Clothes, Small Laundry | Type-C, Spin-Dry & UV /4000 mAh Battery (3L-WHITE)",,AR-Washing-Machine,,,,3.7,,,,,,,https://m.media-amazon.com/images/I/71CdAmnqlXL._AC_UL320_.jpg,https://m.media-amazon.com/images/I/71CdAmnqlXL._AC_UL320_.jpg,,,,,,,,,,,https://www.amazon.eg/dp/B0FS774PW7,2026-06-07T05:56:43.481300
amazon,B0H25TWFZC,"Portable Electric Washing Machine - Compact Size for Travel, Trips, Quick Cleaning Anywhere B",,AR-Washing-Machine,"EGP 1,045.00",,,,,,,,,,https://m.media-amazon.com/images/I/41GETkd5qJL._AC_UL320_.jpg,https://m.media-amazon.com/images/I/41GETkd5qJL._AC_UL320_.jpg,,,,,,,,,,,https://www.amazon.eg/dp/B0H25TWFZC,2026-06-07T05:56:43.481755
amazon,B0GNSF9VT3,Portable Washing Machine with Large Capacity – Built-in Timer & Adjustable Cycle with Drying Cycle – Practical Design for Small Homes – Blue,,AR-Washing-Machine,"EGP 1,197.90",,,,,,,,,,https://m.media-amazon.com/images/I/31G4-GzkxsL._AC_UL320_.jpg,https://m.media-amazon.com/images/I/31G4-GzkxsL._AC_UL320_.jpg,,,,,,,,,,,https://www.amazon.eg/dp/B0GNSF9VT3,2026-06-07T05:56:43.482252
amazon,B09T7NN416,"SHARP Top Loading Washing Machine Capcity 11 Kg DDM Inverter Pump, Glass Hydraulic Door, Anti-Bacterial Fan, Cool Jet Technology, Quick Wash, Tub Clean, Anti-Wrinkle Function, Black ES-TD11GBKP",,AR-Washing-Machine,,,,4.2,,,,,,,https://m.media-amazon.com/images/I/616ecQF6CpL._AC_UL320_.jpg,https://m.media-amazon.com/images/I/616ecQF6CpL._AC_UL320_.jpg,,,,,,,,,,,https://www.amazon.eg/dp/B09T7NN416,2026-06-07T05:56:43.482740
amazon,B0FVSX3G1H,"2 in 1 Jumbo Portable Washing Machine – Wash & Dry – Timer Time Control – 6 Liter – Distinctive Design for Trips and Summits K (Green, 7L)",,AR-Washing-Machine,"EGP 1,144.00",,,1.0,,,,,,,https://m.media-amazon.com/images/I/11-E-WCIOrL._AC_UL320_.jpg,https://m.media-amazon.com/images/I/11-E-WCIOrL._AC_UL320_.jpg,,,,,,,,,,,https://www.amazon.eg/dp/B0FVSX3G1H,2026-06-07T05:56:43.484240
amazon,B0BX9LP5K5,"Fresh 8Pcs Washing Machine Anti Vibration Pads, Noise Cancelling Support, Prevent Moving Shaking Walking",,AR-Washing-Machine,EGP 47.00,,,2.0,,,,,,,https://m.media-amazon.com/images/I/61cWdQkXROL._AC_UL320_.jpg,https://m.media-amazon.com/images/I/61cWdQkXROL._AC_UL320_.jpg,,,,,,,,,,,https://www.amazon.eg/dp/B0BX9LP5K5,2026-06-07T05:56:43.485366
amazon,B0GV1Q82FH,2 Piece Washing Machine Lint Filter Automatic Compatible with Toshiba Replacement Washing Machine Logo 8K Top Load,,AR-Washing-Machine,EGP 135.00,,,5.0,,,,,,,https://m.media-amazon.com/images/I/81bPN1fgZEL._AC_UL320_.jpg,https://m.media-amazon.com/images/I/81bPN1fgZEL._AC_UL320_.jpg,,,,,,,,,,,https://www.amazon.eg/dp/B0GV1Q82FH,2026-06-07T05:56:43.486472
amazon,B09231M9WH,"Total Tools High Pressure Washing Machine, Tgt11236",,AR-Washing-Machine,"EGP 4,816.28",,,3.9,,,,,,,https://m.media-amazon.com/images/I/61csRKrKI9L._AC_UL320_.jpg,https://m.media-amazon.com/images/I/61csRKrKI9L._AC_UL320_.jpg,,,,,,,,,,,https://www.amazon.eg/dp/B09231M9WH,2026-06-07T05:56:47.651918
amazon,B0CPQ1TD76,"Bomann Washing Machine 10 kg | Max. 1400 rpm | Efficient, Quiet & Durable Inverter Motor | 15 Programmes | End Time Delay | LED Display | Washing Machine WA 7110 [Energy Class A]",,AR-Washing-Machine,"EGP 31,000.00",,,4.4,,,,,,,https://m.media-amazon.com/images/I/610+a1LEKML._AC_UL320_.jpg,https://m.media-amazon.com/images/I/610+a1LEKML._AC_UL320_.jpg,,,,,,,,,,,https://www.amazon.eg/dp/B0CPQ1TD76,2026-06-07T05:56:47.652546
amazon,B0GYM233BX,"Washing Machine for College Dorm, RV, Home with Foldable Design, One Touch Operation, Multiple Washing Modes",,AR-Washing-Machine,EGP 698.00,,,,,,,,,,https://m.media-amazon.com/images/I/51rJjn7dEaL._AC_UL320_.jpg,https://m.media-amazon.com/images/I/51rJjn7dEaL._AC_UL320_.jpg,,,,,,,,,,,https://www.amazon.eg/dp/B0GYM233BX,2026-06-07T05:56:47.653737
amazon,B0BNC63T33,OBUMIYJ Mini Washing Machine Portable Ultrasonic Turbo Washing Machine Travel Underwear Socks Washer Rotating Mini Washing Machine Mini Clothes Washer (Assorted Colors),,AR-Washing-Machine,EGP 123.36,,,2.5,,,,,,,https://m.media-amazon.com/images/I/51Ma34jewKL._AC_UL320_.jpg,https://m.media-amazon.com/images/I/51Ma34jewKL._AC_UL320_.jpg,,,,,,,,,,,https://www.amazon.eg/dp/B0BNC63T33,2026-06-07T05:56:47.654333
amazon,B0DVTLN4F5,Hitachi Dishwasher 15 Place Settings - 6 Programs - Corner Wash Technology - Sterilization Feature - Turbo Wash System - Extra Basket and Tray Holder - ProSmart Inverter Motor - Pearl Inox Color,,AR-Washing-Machine,"EGP 33,405.55","EGP 35,069.00",,1.0,List:,,,,,,https://m.media-amazon.com/images/I/41loSOMr5-L._AC_UL320_.jpg,https://m.media-amazon.com/images/I/41loSOMr5-L._AC_UL320_.jpg,,,,,,,,,,,https://www.amazon.eg/dp/B0DVTLN4F5,2026-06-07T05:56:47.655478
amazon,B0DTF56WQF,TOSHIBA Top Loading Washing Machine - 15 KG - Steam-Heater - DDM Inverter motor - Silver - AW-DUHN1600LUPEG(SK),,AR-Washing-Machine,,,,,,,,,,,https://m.media-amazon.com/images/I/51ayzctY7qL._AC_UL320_.jpg,https://m.media-amazon.com/images/I/51ayzctY7qL._AC_UL320_.jpg,,,,,,,,,,,https://www.amazon.eg/dp/B0DTF56WQF,2026-06-07T05:56:47.660721
amazon,B0BSHJBXS6,"LG WashTower™, 21/16 Kg, Silver - FWT2116SS.ASSPEEC",,AR-Washing-Machine,,,,,,,,,,,https://m.media-amazon.com/images/I/71PxWJQLDYL._AC_UL320_.jpg,https://m.media-amazon.com/images/I/71PxWJQLDYL._AC_UL320_.jpg,,,,,,,,,,,https://www.amazon.eg/dp/B0BSHJBXS6,2026-06-07T05:56:47.661204
amazon,B0GVTBF3ZP,"Portable Washing Machine - Foldable Mini Travel Washing Machine with LED Display and Pulse Technology 0.8kg Capacity, Pink Design, 100-240V Power for Universal Use in All Places.",,AR-Washing-Machine,"EGP 1,752.55",,,,,,,,,,https://m.media-amazon.com/images/I/71+SuNpfeZL._AC_UL320_.jpg,https://m.media-amazon.com/images/I/71+SuNpfeZL._AC_UL320_.jpg,,,,,,,,,,,https://www.amazon.eg/dp/B0GVTBF3ZP,2026-06-07T05:56:47.662702
amazon,B0GV4T1NGY,"Travel Washing Machine - Ultra Compact Folding Unit with Spring Action, Digital Panel, 0.8 kg Weight Capacity, Elegant Pink Finish, 100-240V Anywhere.",,AR-Washing-Machine,"EGP 1,475.66",,,,,,,,,,https://m.media-amazon.com/images/I/71COatI-rTL._AC_UL320_.jpg,https://m.media-amazon.com/images/I/71COatI-rTL._AC_UL320_.jpg,,,,,,,,,,,https://www.amazon.eg/dp/B0GV4T1NGY,2026-06-07T05:56:47.663241
amazon,B0GV4KR1C2,Mini Washing Machine - Portable Folding Cleaning Machine Spring System Digital Display 0.8kg Load Limit Pink Universal Voltage Perfect for Trip and Continuous Travel.,,AR-Washing-Machine,"EGP 1,490.58",,,,,,,,,,https://m.media-amazon.com/images/I/61tFERX5YJL._AC_UL320_.jpg,https://m.media-amazon.com/images/I/61tFERX5YJL._AC_UL320_.jpg,,,,,,,,,,,https://www.amazon.eg/dp/B0GV4KR1C2,2026-06-07T05:56:47.663741
amazon,B0CZJJJVD6,"White Point WPW81015DSWB INV 8 kg Front Load Fully Automatic Washing Machine, 60 cm x 60 cm x 85 cm Size, Black",,AR-Washing-Machine,"EGP 19,399.00",,,2.9,,,,,,,https://m.media-amazon.com/images/I/51M6boIhywL._AC_UL320_.jpg,https://m.media-amazon.com/images/I/51M6boIhywL._AC_UL320_.jpg,,,,,,,,,,,https://www.amazon.eg/dp/B0CZJJJVD6,2026-06-07T05:56:47.664354
amazon,B0C5JPS9QF,"Cryfokt Mini Washing Machine, Automatic Cycle USB Power Foldable Washing Machine for Towels",,AR-Washing-Machine,EGP 104.63,,,,,,,,,,https://m.media-amazon.com/images/I/51n1HPvKv2L._AC_UL320_.jpg,https://m.media-amazon.com/images/I/51n1HPvKv2L._AC_UL320_.jpg,,,,,,,,,,,https://www.amazon.eg/dp/B0C5JPS9QF,2026-06-07T05:56:47.664808
amazon,B0DGQ6YLTG,"Hisense 7 kg 1400RPM Front Load Inverter Washing Machine with Touch Control, Silver",,AR-Washing-Machine,,,,,,,,,,,https://m.media-amazon.com/images/I/71TYOFPDuVL._AC_UL320_.jpg,https://m.media-amazon.com/images/I/71TYOFPDuVL._AC_UL320_.jpg,,,,,,,,,,,https://www.amazon.eg/dp/B0DGQ6YLTG,2026-06-07T05:56:47.666273
amazon,B0D3ZBK4VG,"Generic Portable Top Load Washer, 5 Pounds Capacity, Multi Color, A Efficiency, Spin & Drain Cycle Options, Fully Automatic Operation, Portable & Practical",,AR-Washing-Machine,EGP 135.19,,,2.1,,,,,,,https://m.media-amazon.com/images/I/51vMsmZDQSL._AC_UL320_.jpg,https://m.media-amazon.com/images/I/51vMsmZDQSL._AC_UL320_.jpg,,,,,,,,,,,https://www.amazon.eg/dp/B0D3ZBK4VG,2026-06-07T05:56:47.667747
amazon,B0GDTVMG5R,"Portable Folding Washing Machine 2 KG with Built-in Drying Part for Summers, Trips and Small Spaces ka",,AR-Washing-Machine,EGP 980.10,,,,,,,,,,https://m.media-amazon.com/images/I/31nlUgulkHL._AC_UL320_.jpg,https://m.media-amazon.com/images/I/31nlUgulkHL._AC_UL320_.jpg,,,,,,,,,,,https://www.amazon.eg/dp/B0GDTVMG5R,2026-06-07T05:56:47.668733
amazon,B0BQ6L7V88,"angry bee Portable Washing Machine, Mini Folding Washer and Dryer Combo,with Small Foldable Drain Basket for Underwear, Socks, Baby Clothes, Travel, Camping, RV, Dorm, Apartment (BLUE)",,AR-Washing-Machine,EGP 900.00,,,2.6,,,,,,,https://m.media-amazon.com/images/I/51+gu8GiEHL._AC_UL320_.jpg,https://m.media-amazon.com/images/I/51+gu8GiEHL._AC_UL320_.jpg,,,,,,,,,,,https://www.amazon.eg/dp/B0BQ6L7V88,2026-06-07T05:56:47.669334
amazon,B0GVP5XF6L,فلتر غسالة ملابس توشيبا نصف أوتوماتيك 7-10 - 12 ك,,AR-Washing-Machine,EGP 75.00,,,,,,,,,,https://m.media-amazon.com/images/I/31npWJqMwSL._AC_UL320_.jpg,https://m.media-amazon.com/images/I/31npWJqMwSL._AC_UL320_.jpg,,,,,,,,,,,https://www.amazon.eg/dp/B0GVP5XF6L,2026-06-07T05:56:47.670886
amazon,B0BX9HG24W,"Fresh 4pcs/pack Washing Machine Feet Pads, Anti Slip Anti Vibration Rubber Washing Machine Feet Pads, Washing Machine Stabilizer Used for Dryer, Washing Machine, Dishwasher(Grey+black)",,AR-Washing-Machine,EGP 29.00,,,3.5,,,,,,,https://m.media-amazon.com/images/I/61sszCPIUuL._AC_UL320_.jpg,https://m.media-amazon.com/images/I/61sszCPIUuL._AC_UL320_.jpg,,,,,,,,,,,https://www.amazon.eg/dp/B0BX9HG24W,2026-06-07T05:56:47.671459
amazon,B0C34DBLG8,"Nutabevr Pack of 4 Washing Machine Feet Pads, Anti-Vibration Mat, Washing Machine Feet, Universal Washing Machine Foot Pads, Non-Slip Mat, Vibration Damper for Washing Machine, Dryer, Fridge, Table",,AR-Washing-Machine,EGP 45.48,,,4.2,,,,,,,https://m.media-amazon.com/images/I/61kttJ+yRJL._AC_UL320_.jpg,https://m.media-amazon.com/images/I/61kttJ+yRJL._AC_UL320_.jpg,,,,,,,,,,,https://www.amazon.eg/dp/B0C34DBLG8,2026-06-07T05:56:47.671983
amazon,B0CG26QGYG,Cover Washing Machine Top Automatic,,AR-Washing-Machine,EGP 125.10,EGP 138.38,,3.4,Another way to buy,,,,,,https://m.media-amazon.com/images/I/81tzia+V2sL._AC_UL320_.jpg,https://m.media-amazon.com/images/I/81tzia+V2sL._AC_UL320_.jpg,,,,,,,,,,,https://www.amazon.eg/dp/B0CG26QGYG,2026-06-07T05:56:47.672691
amazon,B0CFJ54BXH,"Washing Machine Cleaner Descaler Deep Cleaning Tablets For HE Front Loader & Top Load Washer, Septic Safe Eco-Friendly Deodorizer, Clean Inside Drum And Laundry Tub Seal (12)",,AR-Washing-Machine,EGP 60.00,EGP 80.00,,3.8,List:,,,,,,https://m.media-amazon.com/images/I/812+VjFX0nL._AC_UL320_.jpg,https://m.media-amazon.com/images/I/812+VjFX0nL._AC_UL320_.jpg,,,,,,,,,,,https://www.amazon.eg/dp/B0CFJ54BXH,2026-06-07T05:56:47.673357
amazon,B097Q2421D,Hausprofi Washing Machine Anti-Vibration Mat Pack of 8 Washing Machine Vibration Damper Non-Slip Mat for Dryer/Fridge/Table,,AR-Washing-Machine,EGP 66.00,,,4.2,,,,,,,https://m.media-amazon.com/images/I/71vmBK3bV-L._AC_UL320_.jpg,https://m.media-amazon.com/images/I/71vmBK3bV-L._AC_UL320_.jpg,,,,,,,,,,,https://www.amazon.eg/dp/B097Q2421D,2026-06-07T05:56:47.675087
amazon,B08ZJ5H59M,"8Pcs Washer Dryer Anti Vibration Pads with Suction Cup Feet, Fridge Washing Machine Leveling Feet Anti Walk Pads, Shock Absorber &Moisture Proof Bathroom",,AR-Washing-Machine,EGP 99.00,,,4.1,,,,,,,https://m.media-amazon.com/images/I/71hgmMorxiL._AC_UL320_.jpg,https://m.media-amazon.com/images/I/71hgmMorxiL._AC_UL320_.jpg,,,,,,,,,,,https://www.amazon.eg/dp/B08ZJ5H59M,2026-06-07T05:56:47.676731
amazon,B091CV82G9,"Top Load Washing Machine Satin Cover (12kg, Multicolor)",,AR-Washing-Machine,EGP 260.00,,,2.8,,,,,,,https://m.media-amazon.com/images/I/71+gSHib9LL._AC_UL320_.jpg,https://m.media-amazon.com/images/I/71+gSHib9LL._AC_UL320_.jpg,,,,,,,,,,,https://www.amazon.eg/dp/B091CV82G9,2026-06-07T05:56:47.677275
amazon,B08Z4B1KGS,Aegis Washing Machine Cover Over Automatic - Multi Color,,AR-Washing-Machine,EGP 124.00,,,3.2,Another way to buy,,,,,,https://m.media-amazon.com/images/I/71LxXLBluzL._AC_UL320_.jpg,https://m.media-amazon.com/images/I/71LxXLBluzL._AC_UL320_.jpg,,,,,,,,,,,https://www.amazon.eg/dp/B08Z4B1KGS,2026-06-07T05:56:47.677894
amazon,B098TW1NFC,Washing machines covers assorted,,AR-Washing-Machine,EGP 85.00,,,3.7,,,,,,,https://m.media-amazon.com/images/I/71-L9DkWp4L._AC_UL320_.jpg,https://m.media-amazon.com/images/I/71-L9DkWp4L._AC_UL320_.jpg,,,,,,,,,,,https://www.amazon.eg/dp/B098TW1NFC,2026-06-07T05:56:47.678490
amazon,B091HYGLDL,Automatic Washing Machine Leather Cover - (Red),,AR-Washing-Machine,EGP 400.00,,,3.5,,,,,,,https://m.media-amazon.com/images/I/61BT+KCe8jL._AC_UL320_.jpg,https://m.media-amazon.com/images/I/61BT+KCe8jL._AC_UL320_.jpg,,,,,,,,,,,https://www.amazon.eg/dp/B091HYGLDL,2026-06-07T05:56:47.679043
amazon,B0BQJQCPQW,Waterproof Cover for Washing Machine with Assorted Shapes for half automatic,,AR-Washing-Machine,EGP 102.68,,,3.0,,,,,,,https://m.media-amazon.com/images/I/61zl7jCRTjL._AC_UL320_.jpg,https://m.media-amazon.com/images/I/61zl7jCRTjL._AC_UL320_.jpg,,,,,,,,,,,https://www.amazon.eg/dp/B0BQJQCPQW,2026-06-07T05:56:47.679640
amazon,B0GKZDKV86,"Solenoid Automatic Washing Machine Water Inlet Valve, Compatible with Fresh Replacement Logo Washers, Top Loading",,AR-Washing-Machine,EGP 220.00,,,,,,,,,,https://m.media-amazon.com/images/I/512wf2zRcZL._AC_UL320_.jpg,https://m.media-amazon.com/images/I/512wf2zRcZL._AC_UL320_.jpg,,,,,,,,,,,https://www.amazon.eg/dp/B0GKZDKV86,2026-06-07T05:56:47.680127
amazon,B091CT6K34,Front Load Dust Proof Washing Machine Cover,,AR-Washing-Machine,EGP 109.88,,,3.0,,,,,,,https://m.media-amazon.com/images/I/61Lq3R90+VL._AC_UL320_.jpg,https://m.media-amazon.com/images/I/61Lq3R90+VL._AC_UL320_.jpg,,,,,,,,,,,https://www.amazon.eg/dp/B091CT6K34,2026-06-07T05:56:47.680696
amazon,B00Q9XU73C,"Universal washing machine anti vibration feet pads (4 pieces, grey)",,AR-Washing-Machine,EGP 55.34,,,3.2,,,,,,,https://m.media-amazon.com/images/I/61UtcwuM6aL._AC_UL320_.jpg,https://m.media-amazon.com/images/I/61UtcwuM6aL._AC_UL320_.jpg,,,,,,,,,,,https://www.amazon.eg/dp/B00Q9XU73C,2026-06-07T05:56:47.681233
amazon,B0C3RF43RZ,Yasin automatic water proof washing machine cover assorted colors,,AR-Washing-Machine,EGP 132.24,,,2.7,,,,,,,https://m.media-amazon.com/images/I/71ywL8Dzw6L._AC_UL320_.jpg,https://m.media-amazon.com/images/I/71ywL8Dzw6L._AC_UL320_.jpg,,,,,,,,,,,https://www.amazon.eg/dp/B0C3RF43RZ,2026-06-07T05:56:47.681750
amazon,B09YZ7HGL5,"TORNADO Washing Machine Fully Automatic 7 Kg, Black TWV-FN710BKOA",,AR-Washing-Machine,"EGP 18,764.00",,,3.5,,,,,,,https://m.media-amazon.com/images/I/41mfV1wVwGL._AC_UL320_.jpg,https://m.media-amazon.com/images/I/41mfV1wVwGL._AC_UL320_.jpg,,,,,,,,,,,https://www.amazon.eg/dp/B09YZ7HGL5,2026-06-07T05:56:47.682955
amazon,B0H2SJGCF4,"generic,Portable Folding Mini Washing Machine, Blue and Pink, Compact Travel Washer with Simple Controls",,AR-Washing-Machine,EGP 830.00,,,,,,,,,,https://m.media-amazon.com/images/I/21eQbLC8LsL._AC_UL320_.jpg,https://m.media-amazon.com/images/I/21eQbLC8LsL._AC_UL320_.jpg,,,,,,,,,,,https://www.amazon.eg/dp/B0H2SJGCF4,2026-06-07T05:56:47.683514
amazon,B0F63P4T1B,Portable Washing Machine - Mini Turbine for Business Trips (2PCS),,AR-Washing-Machine,EGP 716.34,,,,,,,,,,https://m.media-amazon.com/images/I/71GUPZ3ehWL._AC_UL320_.jpg,https://m.media-amazon.com/images/I/71GUPZ3ehWL._AC_UL320_.jpg,,,,,,,,,,,https://www.amazon.eg/dp/B0F63P4T1B,2026-06-07T05:56:47.684054
amazon,B0GV1MB26J,"Washing Machine Lint Filter Compatible with Toshiba Logo Replacement Washing Machines, All Models, 8 Kg Capacity, White + Gift Piece",,AR-Washing-Machine,EGP 135.00,,,1.0,,,,,,,https://m.media-amazon.com/images/I/81bPN1fgZEL._AC_UL320_.jpg,https://m.media-amazon.com/images/I/81bPN1fgZEL._AC_UL320_.jpg,,,,,,,,,,,https://www.amazon.eg/dp/B0GV1MB26J,2026-06-07T05:56:51.395961
amazon,B0GKQ3S5R2,Generic Waterproof Washing Machine Cover for Washers and Dishwashers .flo,,AR-Washing-Machine,EGP 260.90,EGP 290.00,,,Was:,,,,,,https://m.media-amazon.com/images/I/41QQrtqvJsL._AC_UL320_.jpg,https://m.media-amazon.com/images/I/41QQrtqvJsL._AC_UL320_.jpg,,,,,,,,,,,https://www.amazon.eg/dp/B0GKQ3S5R2,2026-06-07T05:56:51.401172
amazon,B0GK79YNSP,"Floating Washing Machine Filter, Filter Bag for Automatic and Semi-Automatic Washing Machines, Pink and Blue, 9.5cm, Pack of 2",,AR-Washing-Machine,EGP 181.00,,,,,,,,,,https://m.media-amazon.com/images/I/61q0gPWSbSL._AC_UL320_.jpg,https://m.media-amazon.com/images/I/61q0gPWSbSL._AC_UL320_.jpg,,,,,,,,,,,https://www.amazon.eg/dp/B0GK79YNSP,2026-06-07T05:56:51.402164
amazon,B0BC9HDS1K,"Portable Washing Machine,Mini Washing Machine with Suction Cups, 3 in 1 Bubble Cleaning USB Ultrasonic Powered Turbo Washing Machine & Sink Dishwasher for Camping, Travelling, Business Trip,3.54in",,AR-Washing-Machine,EGP 104.63,EGP 160.00,,1.9,Was:,,,,,,https://m.media-amazon.com/images/I/71OCDkt6UqL._AC_UL320_.jpg,https://m.media-amazon.com/images/I/71OCDkt6UqL._AC_UL320_.jpg,,,,,,,,,,,https://www.amazon.eg/dp/B0BC9HDS1K,2026-06-07T05:56:51.403278
amazon,B09JG9HL6F,"Ronlap Set of 2 Moblies Washing Machine Base Transport Roller for Washing Machine Fridge 44 cm - 70.5 cm, with 24 Wheels, Brake, Load Capacity up to 300 kg, Grey",,AR-Washing-Machine,EGP 190.00,EGP 210.00,,4.1,Was:,,,,,,https://m.media-amazon.com/images/I/51tLNY2jWGL._AC_UL320_.jpg,https://m.media-amazon.com/images/I/51tLNY2jWGL._AC_UL320_.jpg,,,,,,,,,,,https://www.amazon.eg/dp/B09JG9HL6F,2026-06-07T05:56:51.403873
amazon,B0B9447F41,GOHAR WASHING MACHINE BASE,,AR-Washing-Machine,EGP 938.82,,,4.4,,,,,,,https://m.media-amazon.com/images/I/71Tu6hpM82L._AC_UL320_.jpg,https://m.media-amazon.com/images/I/71Tu6hpM82L._AC_UL320_.jpg,,,,,,,,,,,https://www.amazon.eg/dp/B0B9447F41,2026-06-07T05:56:51.404434
amazon,B09Z4LLW9X,Haier هاير غسالة فوق أوتوماتيكية 14 كيلو لون فضي HWM140-1678S صنف 4645,,AR-Washing-Machine,"EGP 19,900.00","EGP 23,937.26",,,List:,,,,,,https://m.media-amazon.com/images/I/41MxEZQfMzL._AC_UL320_.jpg,https://m.media-amazon.com/images/I/41MxEZQfMzL._AC_UL320_.jpg,,,,,,,,,,,https://www.amazon.eg/dp/B09Z4LLW9X,2026-06-07T05:56:51.404976
amazon,B0966T33RL,Nasee - Waterproof Dust Cover For Washing Machine,,AR-Washing-Machine,EGP 108.00,,,5.0,,,,,,,https://m.media-amazon.com/images/I/519nn1yCGsL._AC_UL320_.jpg,https://m.media-amazon.com/images/I/519nn1yCGsL._AC_UL320_.jpg,,,,,,,,,,,https://www.amazon.eg/dp/B0966T33RL,2026-06-07T05:56:51.405571
amazon,B09DGN57D2,"KPNG Laundry Balls, Premium Soft Eco Reusable Cleaning Washing Machine Balls, Anti Winding on Laundry Detergent, Improve The Washing Efficiency (Pack Of-1, Green)",,AR-Washing-Machine,EGP 57.00,,,5.0,,,,,,,https://m.media-amazon.com/images/I/61-LsBvXOVS._AC_UL320_.jpg,https://m.media-amazon.com/images/I/61-LsBvXOVS._AC_UL320_.jpg,,,,,,,,,,,https://www.amazon.eg/dp/B09DGN57D2,2026-06-07T05:56:51.406277
amazon,B0B6PDHTWT,"Pack of 4 washing machine feet pads, foot pads, washing machine anti-vibration mat, anti-vibration feet damper for washing machines and dryers, universal anti-vibration mat",,AR-Washing-Machine,EGP 55.00,,,3.8,,,,,,,https://m.media-amazon.com/images/I/6182eq6QUGL._AC_UL320_.jpg,https://m.media-amazon.com/images/I/6182eq6QUGL._AC_UL320_.jpg,,,,,,,,,,,https://www.amazon.eg/dp/B0B6PDHTWT,2026-06-07T05:56:51.406839
amazon,B08WJNGTK8,Ludwik dishwasher rinse aid - 300 ml (pack of 2),,AR-Washing-Machine,EGP 249.95,,,4.6,,,,,,,https://m.media-amazon.com/images/I/81UbX01m4KL._AC_UL320_.jpg,https://m.media-amazon.com/images/I/81UbX01m4KL._AC_UL320_.jpg,,,,,,,,,,,https://www.amazon.eg/dp/B08WJNGTK8,2026-06-07T05:56:51.407400
amazon,B0968ZJ3TH,Waterproof Washing Machine Cover,,AR-Washing-Machine,EGP 90.40,EGP 122.00,,3.5,List:,,,,,,https://m.media-amazon.com/images/I/61ba9DX4-TL._AC_UL320_.jpg,https://m.media-amazon.com/images/I/61ba9DX4-TL._AC_UL320_.jpg,,,,,,,,,,,https://www.amazon.eg/dp/B0968ZJ3TH,2026-06-07T05:56:51.408070
amazon,B08HDCCH21,Generic Washing Machine Cleaner - 12 Pcs Washing Machine Cleaning Washer Cleaning Detergent Effervescent Tablet Washing Machine Slot Cleaning Tablet,,AR-Washing-Machine,EGP 57.00,,,3.7,,,,,,,https://m.media-amazon.com/images/I/61oI1vN63wL._AC_UL320_.jpg,https://m.media-amazon.com/images/I/61oI1vN63wL._AC_UL320_.jpg,,,,,,,,,,,https://www.amazon.eg/dp/B08HDCCH21,2026-06-07T05:56:51.408646
amazon,B0B7XSHM3Y,Movable Washer Base,,AR-Washing-Machine,EGP 188.10,,,4.2,,,,,,,https://m.media-amazon.com/images/I/61dDh3N76NL._AC_UL320_.jpg,https://m.media-amazon.com/images/I/61dDh3N76NL._AC_UL320_.jpg,,,,,,,,,,,https://www.amazon.eg/dp/B0B7XSHM3Y,2026-06-07T05:56:51.409283
amazon,B0D45YCYVT,Washing-Machine-Portable-Mini-Foldable-Washer-and-Spin-Dryer-Small-Foldable-Bucket-Washer-for-Camping-RV-Travel-Small-Spaces-Lightweight-and-Easy-to-Carry,,AR-Washing-Machine,"EGP 1,200.00",,,1.9,Another way to buy,,,,,,https://m.media-amazon.com/images/I/51uMchSw2gL._AC_UL320_.jpg,https://m.media-amazon.com/images/I/51uMchSw2gL._AC_UL320_.jpg,,,,,,,,,,,https://www.amazon.eg/dp/B0D45YCYVT,2026-06-07T05:56:51.409930
amazon,B091JP5T4W,Regular Washing Machine Cover Satin- Purple,,AR-Washing-Machine,EGP 210.00,,,3.2,,,,,,,https://m.media-amazon.com/images/I/81Xgfj69x7L._AC_UL320_.jpg,https://m.media-amazon.com/images/I/81Xgfj69x7L._AC_UL320_.jpg,,,,,,,,,,,https://www.amazon.eg/dp/B091JP5T4W,2026-06-07T05:56:51.410531
amazon,B0CGQ4M7GS,"Travel portable mini turbo Washing Machine, for clothes & Sink Dishwasher ‎غسالة توربو صغيرة محمولة للسفر، للملابس وغسالة الأطباق",,AR-Washing-Machine,EGP 104.63,,,2.1,,,,,,,https://m.media-amazon.com/images/I/61hqDhy8AYL._AC_UL320_.jpg,https://m.media-amazon.com/images/I/61hqDhy8AYL._AC_UL320_.jpg,,,,,,,,,,,https://www.amazon.eg/dp/B0CGQ4M7GS,2026-06-07T05:56:51.411082
amazon,B0DB4N4ZHQ,"Shoe Washing Machine Bag,Shoe Laundry Bag-Reusable,Hangable,Shoe Bag For Washer And Dryer,Shoe Bag For Washing Machine For All Shoe Types And Sizes.(Yellow 1pc)",,AR-Washing-Machine,EGP 88.75,EGP 163.00,,4.2,List:,,,,,,https://m.media-amazon.com/images/I/71SNdDShp7L._AC_UL320_.jpg,https://m.media-amazon.com/images/I/71SNdDShp7L._AC_UL320_.jpg,,,,,,,,,,,https://www.amazon.eg/dp/B0DB4N4ZHQ,2026-06-07T05:56:51.411779
amazon,B0DB1ZRM5G,"SKY-TOUCH 4pcs Anti Vibration Pads for Washer Dryer Shock and Noise Cancellation, Washing Machine Stand to Prevent Shifting, Shaking Walking for Home",,AR-Washing-Machine,EGP 65.00,,,3.8,,,,,,,https://m.media-amazon.com/images/I/71UhbLpMOhL._AC_UL320_.jpg,https://m.media-amazon.com/images/I/71UhbLpMOhL._AC_UL320_.jpg,,,,,,,,,,,https://www.amazon.eg/dp/B0DB1ZRM5G,2026-06-07T05:56:51.412334
amazon,B0CNGJ15SK,"Set of 4 Anti-Vibration Washing Machine Pads, Washing Machine Support, Anti Walking, Anti Noise for Washing Machines, Dryers, Household Appliances (8.5 cm)",,AR-Washing-Machine,EGP 40.68,,,3.7,,,,,,,https://m.media-amazon.com/images/I/610jy-C6koL._AC_UL320_.jpg,https://m.media-amazon.com/images/I/610jy-C6koL._AC_UL320_.jpg,,,,,,,,,,,https://www.amazon.eg/dp/B0CNGJ15SK,2026-06-07T05:56:51.412852
amazon,B00GN55SWG,"Rayen 2367.11 Medium Top Loading Washing Machine Cover, 84x45x65cm, Blue",,AR-Washing-Machine,,,,4.0,,,,,,,https://m.media-amazon.com/images/I/71NDqKxes6L._AC_UL320_.jpg,https://m.media-amazon.com/images/I/71NDqKxes6L._AC_UL320_.jpg,,,,,,,,,,,https://www.amazon.eg/dp/B00GN55SWG,2026-06-07T05:56:51.413326
amazon,B094DK4T1C,"Mobile Washing Machine Dryer Units Stand,Washing Machine Base Stand,Multifunctional Movable Base for Refrigerator/Washing Machine/Cupboard/Sofa Etc.Non-Slip with Lock,Adjustable Length",,AR-Washing-Machine,EGP 240.00,,,2.6,,,,,,,https://m.media-amazon.com/images/I/51awLJl2UmS._AC_UL320_.jpg,https://m.media-amazon.com/images/I/51awLJl2UmS._AC_UL320_.jpg,,,,,,,,,,,https://www.amazon.eg/dp/B094DK4T1C,2026-06-07T05:56:51.413895
amazon,B0BKWNDRWB,Effervescent Washing Machine Cleaning Capsules for Washing Machine Rust and Descaling - 12 Capsules per Box,,AR-Washing-Machine,EGP 55.26,EGP 106.00,,3.4,List:,,,,,,https://m.media-amazon.com/images/I/71wR1GNC21L._AC_UL320_.jpg,https://m.media-amazon.com/images/I/71wR1GNC21L._AC_UL320_.jpg,,,,,,,,,,,https://www.amazon.eg/dp/B0BKWNDRWB,2026-06-07T05:56:51.414666
amazon,B08YX95H9L,"Mwellewm shock and noise cancelling reducing washing machine support, anti slip anti vibration rubber feet pads, anti-walk dryer washer stabilizer - Assorted Colors",,AR-Washing-Machine,EGP 48.00,,,3.7,,,,,,,https://m.media-amazon.com/images/I/51OfKnL3OxS._AC_UL320_.jpg,https://m.media-amazon.com/images/I/51OfKnL3OxS._AC_UL320_.jpg,,,,,,,,,,,https://www.amazon.eg/dp/B08YX95H9L,2026-06-07T05:56:51.415274
amazon,B0GD22BCB8,Automatic Washing Machine or Dishwasher Cover with Waterproof Apron 60x64x85cm 4 Colors Available,,AR-Washing-Machine,EGP 459.00,,,5.0,,,,,,,https://m.media-amazon.com/images/I/61cbS2TvvvL._AC_UL320_.jpg,https://m.media-amazon.com/images/I/61cbS2TvvvL._AC_UL320_.jpg,,,,,,,,,,,https://www.amazon.eg/dp/B0GD22BCB8,2026-06-07T05:56:51.415893
amazon,B09WQ6TBQD,"Dreamark 4 pieces feet anti vibration washer, washing machine foot pads, rubber pads washing machine legs, accessories feet holder washer & dryer suitable for washer, refrigerator, table",,AR-Washing-Machine,EGP 60.00,,,4.0,,,,,,,https://m.media-amazon.com/images/I/71CHbqBv8TL._AC_UL320_.jpg,https://m.media-amazon.com/images/I/71CHbqBv8TL._AC_UL320_.jpg,,,,,,,,,,,https://www.amazon.eg/dp/B09WQ6TBQD,2026-06-07T05:56:51.416514
amazon,B0DP3G245Q,"Portable Washing Machine: this machine can wash dishes, utensils, and clean light clothes such as shirts, underwear, socks, while also useful for cleaning fruits and vegetables.",,AR-Washing-Machine,EGP 135.19,,,,,,,,,,https://m.media-amazon.com/images/I/61NfQx4YH3L._AC_UL320_.jpg,https://m.media-amazon.com/images/I/61NfQx4YH3L._AC_UL320_.jpg,,,,,,,,,,,https://www.amazon.eg/dp/B0DP3G245Q,2026-06-07T05:56:51.416962
amazon,B0C56Y842F,Waterproof Cover For Automatic Washing Machine 1 Piece Random Shape And Color,,AR-Washing-Machine,EGP 109.98,,,3.4,,,,,,,https://m.media-amazon.com/images/I/61P5fBGt6gL._AC_UL320_.jpg,https://m.media-amazon.com/images/I/61P5fBGt6gL._AC_UL320_.jpg,,,,,,,,,,,https://www.amazon.eg/dp/B0C56Y842F,2026-06-07T05:56:51.417554
amazon,B085HD3Z4H,"Effervescent Tablet Washer Cleaner,Solid Washing Machine Cleaner,Deep Cleaning Remover with Triple Decontamination for Bath Room Kitchen (12pcs)",,AR-Washing-Machine,EGP 56.00,EGP 83.00,,4.0,List:,,,,,,https://m.media-amazon.com/images/I/71kL7ebhekL._AC_UL320_.jpg,https://m.media-amazon.com/images/I/71kL7ebhekL._AC_UL320_.jpg,,,,,,,,,,,https://www.amazon.eg/dp/B085HD3Z4H,2026-06-07T05:56:51.418179
amazon,B09H25VMDC,Dr. Beckmann Service-It Washing Machine Cleaner with Activated Carbon (250ml),,AR-Washing-Machine,EGP 676.00,,,4.3,,,,,,,https://m.media-amazon.com/images/I/61jqQSmABuL._AC_UL320_.jpg,https://m.media-amazon.com/images/I/61jqQSmABuL._AC_UL320_.jpg,,,,,,,,,,,https://www.amazon.eg/dp/B09H25VMDC,2026-06-07T05:56:51.418744
amazon,B091CBCPVK,"Automatic Washing Machine Cover, 10 to 12kg",,AR-Washing-Machine,EGP 220.00,EGP 235.00,,2.7,Was:,,,,,,https://m.media-amazon.com/images/I/71Sd5+Nac1L._AC_UL320_.jpg,https://m.media-amazon.com/images/I/71Sd5+Nac1L._AC_UL320_.jpg,,,,,,,,,,,https://www.amazon.eg/dp/B091CBCPVK,2026-06-07T05:56:51.419369
amazon,B0GR4QQ3CW,"Shoe Washing Bag for Washing Machine and Dryer, Microfiber Shoe Cleaning Bag, Durable YKK Zipper and 6D Ventilation Mesh, Reusable for Sneakers (Blue)",,AR-Washing-Machine,EGP 155.00,,,4.3,,,,,,,https://m.media-amazon.com/images/I/71HN0MXFC4L._AC_UL320_.jpg,https://m.media-amazon.com/images/I/71HN0MXFC4L._AC_UL320_.jpg,,,,,,,,,,,https://www.amazon.eg/dp/B0GR4QQ3CW,2026-06-07T05:56:51.419954
amazon,B0952SP41M,"Hilloly Washing Machine Feet Foot Pads Non-Slip Rubber Washing Machine Foot Pads Vibration Damper Pads Universal Anti-Vibration Mat for Washing Machines Furniture Refrigerator (Grey, 4 cm) Pack of 4",,AR-Washing-Machine,EGP 56.00,,,4.7,,,,,,,https://m.media-amazon.com/images/I/61-umHuAy3L._AC_UL320_.jpg,https://m.media-amazon.com/images/I/61-umHuAy3L._AC_UL320_.jpg,,,,,,,,,,,https://www.amazon.eg/dp/B0952SP41M,2026-06-07T05:56:51.420494
amazon,B0D915X9JG,Ludwik 5 Functions Dishwasher Powder 1 kg,,AR-Washing-Machine,EGP 224.95,,,4.6,,,,,,,https://m.media-amazon.com/images/I/819HOFtTuvL._AC_UL320_.jpg,https://m.media-amazon.com/images/I/819HOFtTuvL._AC_UL320_.jpg,,,,,,,,,,,https://www.amazon.eg/dp/B0D915X9JG,2026-06-07T05:56:51.421038
amazon,B0DL8BQPKS,"Generic Automatic Washing Machine Cover (Eiffel Tower) - Waterproof, Vinyl, Bright color",,AR-Washing-Machine,EGP 400.00,,,3.9,,,,,,,https://m.media-amazon.com/images/I/61vyuGWI5DL._AC_UL320_.jpg,https://m.media-amazon.com/images/I/61vyuGWI5DL._AC_UL320_.jpg,,,,,,,,,,,https://www.amazon.eg/dp/B0DL8BQPKS,2026-06-07T05:56:51.421543
amazon,B0DXPTHSRS,فلتر غساله هاف توماتيتيك العربى (صنف الثقه) غساله 7-10 - 12 ك فلتر غساله نصف اموماتيتك,,AR-Washing-Machine,EGP 115.00,,,3.9,,,,,,,https://m.media-amazon.com/images/I/31QX3X1rqkL._AC_UL320_.jpg,https://m.media-amazon.com/images/I/31QX3X1rqkL._AC_UL320_.jpg,,,,,,,,,,,https://www.amazon.eg/dp/B0DXPTHSRS,2026-06-07T05:56:51.422088
amazon,B08WJM7P28,"Crown CT42019 100 Bar Pressure Washer, 1400 Watt",,AR-Washing-Machine,"EGP 3,922.50","EGP 4,671.00",,4.1,Another way to buy,,,,,,https://m.media-amazon.com/images/I/51A1c2VbW3L._AC_UL320_.jpg,https://m.media-amazon.com/images/I/51A1c2VbW3L._AC_UL320_.jpg,,,,,,,,,,,https://www.amazon.eg/dp/B08WJM7P28,2026-06-07T05:56:51.422835
amazon,B0D6VNRV9H,"HOTUT Washing Machine Shoe Bag, Laundry Bags for Shoes, Cleaning Bag, Mesh Laundry Bag for Shoes Travel for Laundry Washing Machine Dryer-Yellow",,AR-Washing-Machine,EGP 94.00,EGP 119.70,,4.2,List:,,,,,,https://m.media-amazon.com/images/I/61L8nHVLxjL._AC_UL320_.jpg,https://m.media-amazon.com/images/I/61L8nHVLxjL._AC_UL320_.jpg,,,,,,,,,,,https://www.amazon.eg/dp/B0D6VNRV9H,2026-06-07T05:56:51.423551
amazon,B08WLDMH5K,Front Load Washing Machine Cover - Multi Color,,AR-Washing-Machine,EGP 93.00,,,3.4,,,,,,,https://m.media-amazon.com/images/I/61Ur7llVWFL._AC_UL320_.jpg,https://m.media-amazon.com/images/I/61Ur7llVWFL._AC_UL320_.jpg,,,,,,,,,,,https://www.amazon.eg/dp/B08WLDMH5K,2026-06-07T05:56:55.886169
amazon,B0CDXDL4VV,"Laundry Balls, Anti-Winding Washing Machine Ball Lint Remover Pet Hair Remover Laundry Balls, Reusable Dryer Balls Anti-Static Fabric Softener Washer Balls for Washing Machine (Green,1pc)",,AR-Washing-Machine,EGP 57.00,,,3.1,,,,,,,https://m.media-amazon.com/images/I/71OMrZOuCdL._AC_UL320_.jpg,https://m.media-amazon.com/images/I/71OMrZOuCdL._AC_UL320_.jpg,,,,,,,,,,,https://www.amazon.eg/dp/B0CDXDL4VV,2026-06-07T05:56:55.891675
amazon,B0F9LMBJD5,Automatic Washing Machine Cover,,AR-Washing-Machine,EGP 399.00,,,4.5,,,,,,,https://m.media-amazon.com/images/I/41k0ZMxMUGL._AC_UL320_.jpg,https://m.media-amazon.com/images/I/41k0ZMxMUGL._AC_UL320_.jpg,,,,,,,,,,,https://www.amazon.eg/dp/B0F9LMBJD5,2026-06-07T05:56:55.892712
amazon,B091JKLKCS,Stainless Steel Containers Set (5 Pieces),,AR-Kitchen-Tools,EGP 117.80,,,3.1,,,,,,,https://m.media-amazon.com/images/I/51XPFQXRllL._AC_UL320_.jpg,https://m.media-amazon.com/images/I/51XPFQXRllL._AC_UL320_.jpg,,,,,,,,,,,https://www.amazon.eg/dp/B091JKLKCS,2026-06-07T05:56:43.208206
amazon,B096Y2G5NB,Generic Food clip rectangle stainless steel serving handle - silver,,AR-Kitchen-Tools,EGP 27.41,EGP 47.00,,3.8,List:,,,,,,https://m.media-amazon.com/images/I/51VCN1xI13L._AC_UL320_.jpg,https://m.media-amazon.com/images/I/51VCN1xI13L._AC_UL320_.jpg,,,,,,,,,,,https://www.amazon.eg/dp/B096Y2G5NB,2026-06-07T05:56:43.208919
amazon,B08BFD54YW,"PUZMUG Oil Sprayer for Cooking, Olive Oil Sprayer Mister, Olive Oil Spray Bottle, Olive Oil Spray for Salad, BBQ, Kitchen Baking, Roasting",,AR-Kitchen-Tools,EGP 38.00,,,3.3,,,,,,,https://m.media-amazon.com/images/I/61lFtznEdcL._AC_UL320_.jpg,https://m.media-amazon.com/images/I/61lFtznEdcL._AC_UL320_.jpg,,,,,,,,,,,https://www.amazon.eg/dp/B08BFD54YW,2026-06-07T05:56:43.209601
amazon,B093D619FL,"Hotype Kitchen Strainers, Fine Mesh Strainers Stainless Steel Strainer with Handle for Food, Noodles, Vegetables, 3 Pcs 12/10/7cm",,AR-Kitchen-Tools,EGP 54.27,,,3.7,,,,,,,https://m.media-amazon.com/images/I/611Q4YDOhPS._AC_UL320_.jpg,https://m.media-amazon.com/images/I/611Q4YDOhPS._AC_UL320_.jpg,,,,,,,,,,,https://www.amazon.eg/dp/B093D619FL,2026-06-07T05:56:43.210168
amazon,B08ZXXMVPC,4PCS Kitchen Chopping Blocks Tool Flexible Transparent Cutting Board Kitchen PP Cutting Boards Classification Chopping Board,,AR-Kitchen-Tools,EGP 55.00,,,3.9,,,,,,,https://m.media-amazon.com/images/I/61Ln1iPfrBL._AC_UL320_.jpg,https://m.media-amazon.com/images/I/61Ln1iPfrBL._AC_UL320_.jpg,,,,,,,,,,,https://www.amazon.eg/dp/B08ZXXMVPC,2026-06-07T05:56:43.210736
amazon,B0999H9C38,"Generic NA 2-Tier Fruit Basket,Fruit Bowl Holder Bread Basket Vegetable Rack, Detachable Fruit Holder for Fruit, Vegetables, Snacks in Home, Kitchen Office，with Screwdriver",,AR-Kitchen-Tools,EGP 130.00,EGP 174.00,,3.8,List:,,,,,,https://m.media-amazon.com/images/I/61rmTNVxTFL._AC_UL320_.jpg,https://m.media-amazon.com/images/I/61rmTNVxTFL._AC_UL320_.jpg,,,,,,,,,,,https://www.amazon.eg/dp/B0999H9C38,2026-06-07T05:56:43.211380
amazon,B08YNRJMF9,Stainless steel 180 kitchen gadgets garlic press rocker,,AR-Kitchen-Tools,EGP 30.45,EGP 38.00,,3.0,List:,,,,,,https://m.media-amazon.com/images/I/611vJ1oPSeL._AC_UL320_.jpg,https://m.media-amazon.com/images/I/611vJ1oPSeL._AC_UL320_.jpg,,,,,,,,,,,https://www.amazon.eg/dp/B08YNRJMF9,2026-06-07T05:56:43.211989
amazon,B0F749LWHB,Stainless Steel Wire Egg Beater for Whisking Beating Mixing Ingredients Mixing Sauces - 1 Piece,,AR-Kitchen-Tools,EGP 41.03,,,3.9,,,,,,,https://m.media-amazon.com/images/I/51O4Tufr5FL._AC_UL320_.jpg,https://m.media-amazon.com/images/I/51O4Tufr5FL._AC_UL320_.jpg,,,,,,,,,,,https://www.amazon.eg/dp/B0F749LWHB,2026-06-07T05:56:43.212572
amazon,B09DCL6LYC,RUFCRIL Soap Pump Dispenser for Kitchen Sponge Holder 2-in-1 350ml,,AR-Kitchen-Tools,EGP 60.75,,,3.8,,,,,,,https://m.media-amazon.com/images/I/61m3M6ULA7L._AC_UL320_.jpg,https://m.media-amazon.com/images/I/61m3M6ULA7L._AC_UL320_.jpg,,,,,,,,,,,https://www.amazon.eg/dp/B09DCL6LYC,2026-06-07T05:56:43.213300
amazon,B08ZXJY8Y7,"SKY-TOUCH Bib Apron with 2 Pockets, Adjustable Kitchen Aprons Side Wipe Hands Coral Velvet Towels Stitched Pinstripe Waterproof Cooking Baking Aprons Unisex (Brown)",,AR-Kitchen-Tools,EGP 67.00,EGP 97.00,,3.8,List:,,,,,,https://m.media-amazon.com/images/I/61Fep1Py+HL._AC_UL320_.jpg,https://m.media-amazon.com/images/I/61Fep1Py+HL._AC_UL320_.jpg,,,,,,,,,,,https://www.amazon.eg/dp/B08ZXJY8Y7,2026-06-07T05:56:43.213934
amazon,B08LSLK5X6,Other Kitchen Knife Sharpener Adjustable 4 in 1 Manual Knives and Scissor Sharpener Professional Blade Sharpening Tool Sharpener Stone,,AR-Kitchen-Tools,EGP 64.00,,,3.5,,,,,,,https://m.media-amazon.com/images/I/51hnfG4hi+L._AC_UL320_.jpg,https://m.media-amazon.com/images/I/51hnfG4hi+L._AC_UL320_.jpg,,,,,,,,,,,https://www.amazon.eg/dp/B08LSLK5X6,2026-06-07T05:56:43.214530
amazon,B0DWT2H544,"DE LUJO Heavy Duty Kitchen Scissors, Ultra-Sharp Stainless Steel Shears for Meat, Poultry, Fish, and Vegetables, Multipurpose Food Scissors with Comfortable Grip, Dishwasher Safe, Rust-Resistant",,AR-Kitchen-Tools,EGP 65.66,,,3.4,,,,,,,https://m.media-amazon.com/images/I/61y9UU32NbL._AC_UL320_.jpg,https://m.media-amazon.com/images/I/61y9UU32NbL._AC_UL320_.jpg,,,,,,,,,,,https://www.amazon.eg/dp/B0DWT2H544,2026-06-07T05:56:43.215086
amazon,B07MWWDTDG,"ARZER 6 Pcs Of Plastic Measuring Cups And Spoons Set. Stackable, Space Saving, Multi Color Design.",,AR-Kitchen-Tools,EGP 59.99,,,4.0,,,,,,,https://m.media-amazon.com/images/I/41GDZNsMlIL._AC_UL320_.jpg,https://m.media-amazon.com/images/I/41GDZNsMlIL._AC_UL320_.jpg,,,,,,,,,,,https://www.amazon.eg/dp/B07MWWDTDG,2026-06-07T05:56:43.215657
amazon,B0CJF94M8J,Trend Plane 16oz/470ml Glass Olive Oil Sprayer for Cooking - 2 in 1 Olive Oil Dispenser Bottle for Kitchen Tools Air Fryer Accessories Salad BBQ - Assorted Colors,,AR-Kitchen-Tools,EGP 100.81,EGP 135.00,,4.1,List:,,,,,,https://m.media-amazon.com/images/I/716HuBmcRsL._AC_UL320_.jpg,https://m.media-amazon.com/images/I/716HuBmcRsL._AC_UL320_.jpg,,,,,,,,,,,https://www.amazon.eg/dp/B0CJF94M8J,2026-06-07T05:56:43.216340
amazon,B08YNMFMCV,"Potato Vegetable Peeler for Kitchen, Stainless Steel Y-Shaped Rotating Peeler with Ergonomic Non-Slip Handle, Household Fruit Peeler,…",,AR-Kitchen-Tools,EGP 63.00,EGP 100.00,,4.2,List:,,,,,,https://m.media-amazon.com/images/I/61rUiXOkU+S._AC_UL320_.jpg,https://m.media-amazon.com/images/I/61rUiXOkU+S._AC_UL320_.jpg,,,,,,,,,,,https://www.amazon.eg/dp/B08YNMFMCV,2026-06-07T05:56:43.216983
amazon,B07DNBX1C4,"Jsdoin Professional Kitchen Garlic Press, Garlic Mincer Ginger Crusher UK, Peeler Squeezer Heavy Duty Garlic Presser,Garlic Crush, User-Friendly Garlic Chopper, Easy to Clean and Durable",,AR-Kitchen-Tools,EGP 85.00,,,3.7,,,,,,,https://m.media-amazon.com/images/I/615Jm58igLL._AC_UL320_.jpg,https://m.media-amazon.com/images/I/615Jm58igLL._AC_UL320_.jpg,,,,,,,,,,,https://www.amazon.eg/dp/B07DNBX1C4,2026-06-07T05:56:43.217563
amazon,B0B41NL1JC,"16 in 1 Multifunctional Professional Onion Vegetable Chopper, Kitchen Vegetable Cutter with 8 Blades, Garlic Carrot Cutter with Container (Grey)",,AR-Kitchen-Tools,EGP 221.00,EGP 259.00,,3.0,List:,,,,,,https://m.media-amazon.com/images/I/71Zts3ruaIL._AC_UL320_.jpg,https://m.media-amazon.com/images/I/71Zts3ruaIL._AC_UL320_.jpg,,,,,,,,,,,https://www.amazon.eg/dp/B0B41NL1JC,2026-06-07T05:56:43.218212
amazon,B0B12NDXFM,"WanWanKa Kitchen Utensil Holder, Stainless Steel Flatware Organizer for Countertop, 4 Divided Utensil Caddy Counter for Spoon, Fork, Spatula (Large)",,AR-Kitchen-Tools,EGP 119.00,EGP 190.00,,4.1,List:,,,,,,https://m.media-amazon.com/images/I/61HR4V2eZDL._AC_UL320_.jpg,https://m.media-amazon.com/images/I/61HR4V2eZDL._AC_UL320_.jpg,,,,,,,,,,,https://www.amazon.eg/dp/B0B12NDXFM,2026-06-07T05:56:43.218863
amazon,B0CLS3JH7Y,"Vegetable Salad Chopping Knife Crinkle Cutters, Crinkle Cutting Tool French Fry Slicer Stainless Steel Blade Potato Cutter Wavy Crinkle French Fry Slicer Fruit Salad Designer Knife",,AR-Kitchen-Tools,EGP 54.00,,,4.2,,,,,,,https://m.media-amazon.com/images/I/712wIDCvo3L._AC_UL320_.jpg,https://m.media-amazon.com/images/I/712wIDCvo3L._AC_UL320_.jpg,,,,,,,,,,,https://www.amazon.eg/dp/B0CLS3JH7Y,2026-06-07T05:56:43.219432
amazon,B0BTJ1WQHB,12PCS Kitchen Utensil Set Silicone Cooking Utensils Kit Spatula Heat Resistant Wooden Spoons Gadgets Tool for Non-Stick Cookware Assorted Colors - Assorted Colors,,AR-Kitchen-Tools,EGP 270.00,EGP 680.00,,4.1,List:,,,,,,https://m.media-amazon.com/images/I/61pCX0W2X6L._AC_UL320_.jpg,https://m.media-amazon.com/images/I/61pCX0W2X6L._AC_UL320_.jpg,,,,,,,,,,,https://www.amazon.eg/dp/B0BTJ1WQHB,2026-06-07T05:56:43.220085
amazon,B0C1KD4CMC,"Garlic Mashe, Stainless Steel Garlic Press Tool, Handmade Garlic Chopper for Vegetables, Garlic Mill for Kitchen (Silver Black)",,AR-Kitchen-Tools,EGP 25.14,,,3.7,,,,,,,https://m.media-amazon.com/images/I/71GRSBwFpfL._AC_UL320_.jpg,https://m.media-amazon.com/images/I/71GRSBwFpfL._AC_UL320_.jpg,,,,,,,,,,,https://www.amazon.eg/dp/B0C1KD4CMC,2026-06-07T05:56:43.220644
amazon,B08TT87GVB,kitchen storage shelf new cooking utensil holder non-slip spoon rack plastic chopsticks spatula stand - Assorted Colors,,AR-Kitchen-Tools,EGP 14.00,EGP 36.15,,3.1,Was:,,,,,,https://m.media-amazon.com/images/I/61O44gKs77L._AC_UL320_.jpg,https://m.media-amazon.com/images/I/61O44gKs77L._AC_UL320_.jpg,,,,,,,,,,,https://www.amazon.eg/dp/B08TT87GVB,2026-06-07T05:56:43.221315
amazon,B0922ZCBVP,"Kitchen Scissors With Case, Multicolor",,AR-Kitchen-Tools,EGP 35.00,EGP 47.00,,3.8,List:,,,,,,https://m.media-amazon.com/images/I/415fNDMqkqL._AC_UL320_.jpg,https://m.media-amazon.com/images/I/415fNDMqkqL._AC_UL320_.jpg,,,,,,,,,,,https://www.amazon.eg/dp/B0922ZCBVP,2026-06-07T05:56:43.221955
amazon,B08RYFDMC4,"Stainless Steel Dough Scraper, Multi-purpose Dough Cutter Chopper Flour Spatula with Accurate Measuring Scale for Cutting Bread Pizza Cake",,AR-Kitchen-Tools,EGP 63.00,,,4.2,,,,,,,https://m.media-amazon.com/images/I/51lrvgJ99KL._AC_UL320_.jpg,https://m.media-amazon.com/images/I/51lrvgJ99KL._AC_UL320_.jpg,,,,,,,,,,,https://www.amazon.eg/dp/B08RYFDMC4,2026-06-07T05:56:43.222547
amazon,B07HGCJB1F,"Heat resistant silicone serving set up to 230°C, including a food handle, spatula, spoon, brush, and whisk with wooden handles for non-stick cookware, BPA-free, 12 pieces (multiple colors).",,AR-Kitchen-Tools,EGP 440.00,,,4.4,,,,,,,https://m.media-amazon.com/images/I/71MblogVouL._AC_UL320_.jpg,https://m.media-amazon.com/images/I/71MblogVouL._AC_UL320_.jpg,,,,,,,,,,,https://www.amazon.eg/dp/B07HGCJB1F,2026-06-07T05:56:43.223121
amazon,B0CLV3WJ1Z,"Picrik 10PCS Multipurpose Wire Dishwashing Rags for Wet and Dry, Wire Dishwashing Cloth, Reusable Kitchen Cleaning Wire Dish Towels Dish Cloths, Non-Scratch Scrubbing Wire Dishcloth Rags for Kitchen.",,AR-Kitchen-Tools,EGP 39.00,,,3.8,,,,,,,https://m.media-amazon.com/images/I/91mqCoJD+wL._AC_UL320_.jpg,https://m.media-amazon.com/images/I/91mqCoJD+wL._AC_UL320_.jpg,,,,,,,,,,,https://www.amazon.eg/dp/B0CLV3WJ1Z,2026-06-07T05:56:43.223691
amazon,B09MTJX73B,"RUNZI 8 Pcs Measuring Cups and Spoons Set, Stackable Stainless Steel Handle Accurate Tablespoon for Measuring Dry and Liquid Ingredients Small Teaspoon with Plastic Head Assorted Colors",,AR-Kitchen-Tools,EGP 81.10,EGP 88.75,,4.1,Was:,,,,,,https://m.media-amazon.com/images/I/61b7MU1HfKL._AC_UL320_.jpg,https://m.media-amazon.com/images/I/61b7MU1HfKL._AC_UL320_.jpg,,,,,,,,,,,https://www.amazon.eg/dp/B09MTJX73B,2026-06-07T05:56:43.224390
amazon,B09N9NFY24,"Generic Non-stick silicone spatula for cooking, random color",,AR-Kitchen-Tools,EGP 46.11,,,4.4,,,,,,,https://m.media-amazon.com/images/I/41x4okWE1RL._AC_UL320_.jpg,https://m.media-amazon.com/images/I/41x4okWE1RL._AC_UL320_.jpg,,,,,,,,,,,https://www.amazon.eg/dp/B09N9NFY24,2026-06-07T05:56:43.224957
amazon,B0DX39FGF3,"Mini Whisk with Wooden Handle, Stainless Steel Kitchen Tool for Coffee and Eggs",,AR-Kitchen-Tools,EGP 28.15,,,3.8,,,,,,,https://m.media-amazon.com/images/I/517ArVzwCiL._AC_UL320_.jpg,https://m.media-amazon.com/images/I/517ArVzwCiL._AC_UL320_.jpg,,,,,,,,,,,https://www.amazon.eg/dp/B0DX39FGF3,2026-06-07T05:56:43.225502
amazon,B0B4WNFKSC,elyassin مقشرة بطاطس وخضروات 5 * 1 من الياسين - متعدد الالوان,,AR-Kitchen-Tools,EGP 16.42,,,3.8,,,,,,,https://m.media-amazon.com/images/I/51-8AedpL3L._AC_UL320_.jpg,https://m.media-amazon.com/images/I/51-8AedpL3L._AC_UL320_.jpg,,,,,,,,,,,https://www.amazon.eg/dp/B0B4WNFKSC,2026-06-07T05:56:43.226073
amazon,B07N7KFHVH,"Zulay Kitchen Garlic Press with Soft, Easy to Squeeze Ergonomic Handle - Garlic Mincer Tool with Sturdy Design Extracts More Garlic Paste - Easy to Clean Garlic Crusher and Ginger Press (Silver)",,AR-Kitchen-Tools,EGP 194.44,EGP 271.00,,4.4,List:,,,,,,https://m.media-amazon.com/images/I/71Qci0kzuCL._AC_UL320_.jpg,https://m.media-amazon.com/images/I/71Qci0kzuCL._AC_UL320_.jpg,,,,,,,,,,,https://www.amazon.eg/dp/B07N7KFHVH,2026-06-07T05:56:43.226708
amazon,B088WWY66S,"Cooking Syringe/Meat Syringe, Seasoning Syringe Set, Meat Marinade Syringe Seasoning, Kitchen Cooking Tool Stainless Steel (red)",,AR-Kitchen-Tools,EGP 120.00,EGP 134.00,,4.0,List:,,,,,,https://m.media-amazon.com/images/I/61NuicuI2BL._AC_UL320_.jpg,https://m.media-amazon.com/images/I/61NuicuI2BL._AC_UL320_.jpg,,,,,,,,,,,https://www.amazon.eg/dp/B088WWY66S,2026-06-07T05:56:43.227342
amazon,B08BK5C49K,"Neoflam cup for measure - 900ml - ps material, white, kitchen tools",,AR-Kitchen-Tools,EGP 135.00,EGP 259.00,,4.1,List:,,,,,,https://m.media-amazon.com/images/I/61iQTQzBu-L._AC_UL320_.jpg,https://m.media-amazon.com/images/I/61iQTQzBu-L._AC_UL320_.jpg,,,,,,,,,,,https://www.amazon.eg/dp/B08BK5C49K,2026-06-07T05:56:43.227946
amazon,B0B4GMPX1V,"Jasmine spatula silicone brush and hanging, assorted colors, 6 x 9",,AR-Kitchen-Tools,EGP 43.22,,,3.2,,,,,,,https://m.media-amazon.com/images/I/41+IecO4A8L._AC_UL320_.jpg,https://m.media-amazon.com/images/I/41+IecO4A8L._AC_UL320_.jpg,,,,,,,,,,,https://www.amazon.eg/dp/B0B4GMPX1V,2026-06-07T05:56:43.228523
amazon,B0C3YM4VD2,Kitchen Scraper Metal Scraper Baking Knife For Cutting Mincing Scraping Chamber Large Rubber Handle Give You Comfortable Edge,,AR-Kitchen-Tools,EGP 34.20,,,3.7,,,,,,,https://m.media-amazon.com/images/I/51+Qqk45kjL._AC_UL320_.jpg,https://m.media-amazon.com/images/I/51+Qqk45kjL._AC_UL320_.jpg,,,,,,,,,,,https://www.amazon.eg/dp/B0C3YM4VD2,2026-06-07T05:56:43.229056
amazon,B0FGZXTKZK,"Dollar for Import Durable Plastic Serving Cooking Utensil Set, 6 Pieces - Black",,AR-Kitchen-Tools,EGP 57.82,EGP 82.60,,3.0,List:,,,,,,https://m.media-amazon.com/images/I/61pCG+zYC9L._AC_UL320_.jpg,https://m.media-amazon.com/images/I/61pCG+zYC9L._AC_UL320_.jpg,,,,,,,,,,,https://www.amazon.eg/dp/B0FGZXTKZK,2026-06-07T05:56:43.229679
amazon,B08DLSFFCX,"Sieves Strainers Set of 3 - Metal Sieve Stainless Steel, Fine Mesh Strainer - Kitchen Sieve, Sive Cooking, Flour Sieve for Baking - Seive, Colander, Sifter, Dishwasher Safe SIV, Rust Free",,AR-Kitchen-Tools,EGP 86.75,,,3.9,,,,,,,https://m.media-amazon.com/images/I/51SD2-GToXL._AC_UL320_.jpg,https://m.media-amazon.com/images/I/51SD2-GToXL._AC_UL320_.jpg,,,,,,,,,,,https://www.amazon.eg/dp/B08DLSFFCX,2026-06-07T05:56:43.230329
amazon,B0B4GGSMS5,Spoon Spatula Silicone From Elyassin - الوان متنوعه,,AR-Kitchen-Tools,EGP 39.90,,,4.3,,,,,,,https://m.media-amazon.com/images/I/21GpmFq5-lL._AC_UL320_.jpg,https://m.media-amazon.com/images/I/21GpmFq5-lL._AC_UL320_.jpg,,,,,,,,,,,https://www.amazon.eg/dp/B0B4GGSMS5,2026-06-07T05:56:43.230859
amazon,B0DFHVMWZ9,"Kitchen Scissors Heavy Duty Scissors Utility Stainless Steel Scissor Multipurpose Sharp Scissor-Great for Vegetable, Fish, Bones, Nut, Meat, Turkey, Chicken, Flowers, BBQ Kitchen Essential",,AR-Kitchen-Tools,EGP 65.66,EGP 73.78,,3.2,Was:,,,,,,https://m.media-amazon.com/images/I/41xp+23cWUL._AC_UL320_.jpg,https://m.media-amazon.com/images/I/41xp+23cWUL._AC_UL320_.jpg,,,,,,,,,,,https://www.amazon.eg/dp/B0DFHVMWZ9,2026-06-07T05:56:43.231502
amazon,B09JKT8QWV,Potato Wavy Edged Knife Stainless Steel Kitchen Gadget Vegetable Fruit Cutting Peeler Cooking Tools kitchen knives Accessories,,AR-Kitchen-Tools,EGP 41.51,,,4.2,,,,,,,https://m.media-amazon.com/images/I/51AiEjk64fL._AC_UL320_.jpg,https://m.media-amazon.com/images/I/51AiEjk64fL._AC_UL320_.jpg,,,,,,,,,,,https://www.amazon.eg/dp/B09JKT8QWV,2026-06-07T05:56:43.232052
amazon,B0D8CWYXL4,"Healthy Kitchen Tool: non-slip and non-stick cutting boards for safe preparation of vegetables, meat and fish, the best product supplier Al-Israa (4)",,AR-Kitchen-Tools,EGP 45.00,,,4.1,,,,,,,https://m.media-amazon.com/images/I/81Okh9An11L._AC_UL320_.jpg,https://m.media-amazon.com/images/I/81Okh9An11L._AC_UL320_.jpg,,,,,,,,,,,https://www.amazon.eg/dp/B0D8CWYXL4,2026-06-07T05:56:43.232577
amazon,B0B3SFJ439,Wooden Meat Hammer Steak Double Sided Stainless Steel Teeth Mallet Kitchen Tool Heavy Duty Sturdy Comfortable Grip for Tenderize Meat Beef Chicken & Fish.,,AR-Kitchen-Tools,EGP 85.94,,,4.2,,,,,,,https://m.media-amazon.com/images/I/41dYW8S+CsL._AC_UL320_.jpg,https://m.media-amazon.com/images/I/41dYW8S+CsL._AC_UL320_.jpg,,,,,,,,,,,https://www.amazon.eg/dp/B0B3SFJ439,2026-06-07T05:56:43.233118
amazon,B0BT1VDN1S,2 in 1 Food Spoon Strainer Stainless Steel Fried Food Oil-Frying Filter Spoon with Clip Kitchen Tool,,AR-Kitchen-Tools,EGP 32.78,,,3.0,,,,,,,https://m.media-amazon.com/images/I/513C0140zEL._AC_UL320_.jpg,https://m.media-amazon.com/images/I/513C0140zEL._AC_UL320_.jpg,,,,,,,,,,,https://www.amazon.eg/dp/B0BT1VDN1S,2026-06-07T05:56:43.233653
amazon,B0B4GNGJQV,برطمان بلاستيك بغطاء مقاس 10 * 10 سم من الياسين - متعدد الالوان,,AR-Kitchen-Tools,EGP 19.79,,,4.4,,,,,,,https://m.media-amazon.com/images/I/51eYzm8jdTL._AC_UL320_.jpg,https://m.media-amazon.com/images/I/51eYzm8jdTL._AC_UL320_.jpg,,,,,,,,,,,https://www.amazon.eg/dp/B0B4GNGJQV,2026-06-07T05:56:43.234189
amazon,B0CKYXSZYW,"Achievers Winter Shore Rice Washing Bowl Made of Stainless Steel – Food Safe Strainer Rice with Pouring Spout – Pasta Strainer Stainless Steel Sieve Kitchen for Washing & Draining Quinoa, Fruit",,AR-Kitchen-Tools,EGP 153.00,,,4.1,,,,,,,https://m.media-amazon.com/images/I/81w0inSgyYL._AC_UL320_.jpg,https://m.media-amazon.com/images/I/81w0inSgyYL._AC_UL320_.jpg,,,,,,,,,,,https://www.amazon.eg/dp/B0CKYXSZYW,2026-06-07T05:56:43.234710
amazon,B08GSWPN2L,"Kitchen Dish Soap Dispenser with Sponge Holder, Newest 2-in-1 Countertop Soap Pump Dispenser, for Kitchen Sink Dishwashing Soap Dispenser - 12.5 Ounces",,AR-Kitchen-Tools,EGP 62.00,EGP 95.00,,4.0,List:,,,,,,https://m.media-amazon.com/images/I/71NBZxAPnRL._AC_UL320_.jpg,https://m.media-amazon.com/images/I/71NBZxAPnRL._AC_UL320_.jpg,,,,,,,,,,,https://www.amazon.eg/dp/B08GSWPN2L,2026-06-07T05:56:43.235361
amazon,B09GBF583G,Generic Kitchen wood spoon set - 6 pieces - tea hanging size,,AR-Kitchen-Tools,EGP 54.15,,,3.7,,,,,,,https://m.media-amazon.com/images/I/61lQU8CKSaL._AC_UL320_.jpg,https://m.media-amazon.com/images/I/61lQU8CKSaL._AC_UL320_.jpg,,,,,,,,,,,https://www.amazon.eg/dp/B09GBF583G,2026-06-07T05:56:43.235885
amazon,B07CG9PDBN,"RDEXP 73x24mm Unpainted Wooden Scoop Spoon Sugar Bath Salt Scooper for Spices Parties Home Kitchen Tool, 6 Piece",,AR-Kitchen-Tools,EGP 88.00,EGP 164.00,,4.5,List:,,,,,,https://m.media-amazon.com/images/I/61YJ6bpJwVL._AC_UL320_.jpg,https://m.media-amazon.com/images/I/61YJ6bpJwVL._AC_UL320_.jpg,,,,,,,,,,,https://www.amazon.eg/dp/B07CG9PDBN,2026-06-07T05:56:43.236522
amazon,B0CJF7KSHK,"TrendPlain 16oz/470ml Olive Oil Sprayer for Cooking - 2 in 1 Olive Oil Dispenser for Kitchen Gadgets, Air Fryer, Salad, and BBQ - Green",,AR-Kitchen-Tools,EGP 98.05,EGP 126.00,,3.8,List:,,,,,,https://m.media-amazon.com/images/I/71FsECLI8ZL._AC_UL320_.jpg,https://m.media-amazon.com/images/I/71FsECLI8ZL._AC_UL320_.jpg,,,,,,,,,,,https://www.amazon.eg/dp/B0CJF7KSHK,2026-06-07T05:56:47.683451
amazon,B0943PBQJG,"TeamFar 12Pcs Kitchen Cooking Utensils Set, Silicone Kitchen Gadgets Utensil Set for Nonstick Cookware with Wooden Handle, Spatula Spoon Turner, Non-Toxic & Non-Stick, Heat-Resistant, Black",,AR-Kitchen-Tools,EGP 297.00,,,3.3,,,,,,,https://m.media-amazon.com/images/I/71Y7RTQIuUL._AC_UL320_.jpg,https://m.media-amazon.com/images/I/71Y7RTQIuUL._AC_UL320_.jpg,,,,,,,,,,,https://www.amazon.eg/dp/B0943PBQJG,2026-06-07T05:56:47.685154
amazon,B0C3QRS6C9,"FreshDcart FDCA547 Leather Shoes Cleaning Polish Kit Boot Cleaner Shoe Cleaner Brush with Liquid Box, Liquid Adding Soft Fur Cleaning Brush for, Shoes,Bathroom,Kitchen (Multicolor, Pack of 1)",,AR-Kitchen-Tools,EGP 33.42,EGP 46.00,,4.1,List:,,,,,,https://m.media-amazon.com/images/I/51BuKRgbLiL._AC_UL320_.jpg,https://m.media-amazon.com/images/I/51BuKRgbLiL._AC_UL320_.jpg,,,,,,,,,,,https://www.amazon.eg/dp/B0C3QRS6C9,2026-06-07T05:56:47.686341
amazon,B091Q18QRP,"SoSickWithIt 8 Pcs Measuring Cups and Spoons Set, Stackable Stainless Steel Handle Accurate Tablespoon for Measuring Dry and Liquid Ingredients Small Teaspoon with Plastic Head Assorted Colors",,AR-Kitchen-Tools,EGP 85.69,,,4.1,,,,,,,https://m.media-amazon.com/images/I/614F69cZJHL._AC_UL320_.jpg,https://m.media-amazon.com/images/I/614F69cZJHL._AC_UL320_.jpg,,,,,,,,,,,https://www.amazon.eg/dp/B091Q18QRP,2026-06-07T05:56:47.686894
amazon,B0C7LMKKLM,LIBODOUR Utensil Holder Utensil Crock Kitchen Utensil Organizer Stainless Steel Kitchen Utensils Silverware Caddy Large Capacity Flatware Caddy Spoon Spatula Utensil Storage For Kitchen Countertop,,AR-Kitchen-Tools,EGP 137.00,EGP 152.00,,4.5,List:,,,,,,https://m.media-amazon.com/images/I/71UMx4qujBL._AC_UL320_.jpg,https://m.media-amazon.com/images/I/71UMx4qujBL._AC_UL320_.jpg,,,,,,,,,,,https://www.amazon.eg/dp/B0C7LMKKLM,2026-06-07T05:56:47.687560
amazon,B07BPZR139,"Olive Oil Sprayer Dispenser for cooking, Food-grade Glass Oil Spray Transparent Vinegar Bottle Oil Dispenser 100ml for BBQ/Making Salad/Baking/Roasting/Grilling/Frying Kitchen",,AR-Kitchen-Tools,EGP 41.50,,,4.0,,,,,,,https://m.media-amazon.com/images/I/71Ksbr1MkjL._AC_UL320_.jpg,https://m.media-amazon.com/images/I/71Ksbr1MkjL._AC_UL320_.jpg,,,,,,,,,,,https://www.amazon.eg/dp/B07BPZR139,2026-06-07T05:56:47.689293
amazon,B0D1VBXX1D,"JS Gourmet 2 Pcs Silicone Spatula Set, Heat Resistant Rubber Kitchen and Baking Utensils for Non-Stick Cookware with Flexible Edges and Soft Touch Handles - Blue",,AR-Kitchen-Tools,EGP 97.68,,,4.6,,,,,,,https://m.media-amazon.com/images/I/51svCpGnVzL._AC_UL320_.jpg,https://m.media-amazon.com/images/I/51svCpGnVzL._AC_UL320_.jpg,,,,,,,,,,,https://www.amazon.eg/dp/B0D1VBXX1D,2026-06-07T05:56:47.689809
amazon,B0FFN7345D,"XPY-D1 Cleaning Essentials Pack Of 2 Plastic Spray Bottle, 500ml Empty Spray Bottle for Cleaning Bathrooms,Kitchens,Plant Watering Gardening Plants & Washing Cars (Pink & Blue)",,AR-Kitchen-Tools,EGP 70.00,,,4.3,,,,,,,https://m.media-amazon.com/images/I/51otaqGF2ZL._AC_UL320_.jpg,https://m.media-amazon.com/images/I/51otaqGF2ZL._AC_UL320_.jpg,,,,,,,,,,,https://www.amazon.eg/dp/B0FFN7345D,2026-06-07T05:56:47.690935
amazon,B0F1CB8YMX,"Manual Whisk Beater, Black, Multi-Purpose Kitchen Tool for Eggs and Bechamel",,AR-Kitchen-Tools,EGP 59.99,,,3.3,,,,,,,https://m.media-amazon.com/images/I/41mQ25fSDML._AC_UL320_.jpg,https://m.media-amazon.com/images/I/41mQ25fSDML._AC_UL320_.jpg,,,,,,,,,,,https://www.amazon.eg/dp/B0F1CB8YMX,2026-06-07T05:56:47.691474
amazon,B0B3VXQBPL,"stainless frying pan with large stainless handle, 17 cm",,AR-Kitchen-Tools,EGP 46.67,,,3.6,,,,,,,https://m.media-amazon.com/images/I/51h40gqeWFL._AC_UL320_.jpg,https://m.media-amazon.com/images/I/51h40gqeWFL._AC_UL320_.jpg,,,,,,,,,,,https://www.amazon.eg/dp/B0B3VXQBPL,2026-06-07T05:56:47.691993
amazon,B088FR354P,KitchenwAre SH-131 Silicon SpAtulA For Food - BAby Blue,,AR-Kitchen-Tools,EGP 32.00,,,4.7,,,,,,,https://m.media-amazon.com/images/I/41vyWjKUFNL._AC_UL320_.jpg,https://m.media-amazon.com/images/I/41vyWjKUFNL._AC_UL320_.jpg,,,,,,,,,,,https://www.amazon.eg/dp/B088FR354P,2026-06-07T05:56:47.692579
amazon,B088QGW7Y4,KitchenwAre SH-131 Silicon SpAtulA For Food - Pink,,AR-Kitchen-Tools,EGP 78.33,,,4.8,,,,,,,https://m.media-amazon.com/images/I/31M9IONk4BL._AC_UL320_.jpg,https://m.media-amazon.com/images/I/31M9IONk4BL._AC_UL320_.jpg,,,,,,,,,,,https://www.amazon.eg/dp/B088QGW7Y4,2026-06-07T05:56:47.693137
amazon,B09S6NY32F,Silicone Spatula Set with Wooden Handles for Kitchen 11 Pieces Silicone Spatula Set with Wooden Handles with Holder (Assorted Colors 11P),,AR-Kitchen-Tools,EGP 275.00,EGP 297.71,,3.2,List:,,,,,,https://m.media-amazon.com/images/I/61Ccn6s2jXL._AC_UL320_.jpg,https://m.media-amazon.com/images/I/61Ccn6s2jXL._AC_UL320_.jpg,,,,,,,,,,,https://www.amazon.eg/dp/B09S6NY32F,2026-06-07T05:56:47.693737
amazon,B0C9ZQ434J,"YARRAMATE Oil Sprayer for Cooking, 2 in 1 Olive Oil Dispenser Bottle for Kitchen, 17oz/500ml Glass Oil Bottle with Premium Nozzle, Food-grade Oil Mister for Air Fryer, Salad, Frying, BBQ (White)",,AR-Kitchen-Tools,EGP 135.00,,,4.0,,,,,,,https://m.media-amazon.com/images/I/71mB7so5WnL._AC_UL320_.jpg,https://m.media-amazon.com/images/I/71mB7so5WnL._AC_UL320_.jpg,,,,,,,,,,,https://www.amazon.eg/dp/B0C9ZQ434J,2026-06-07T05:56:47.694286
amazon,B08YP2F4ZG,Mini hand heat plastic bag sealing machine for plastic bag blue,,AR-Kitchen-Tools,EGP 56.90,,,2.0,,,,,,,https://m.media-amazon.com/images/I/51najwPk6hL._AC_UL320_.jpg,https://m.media-amazon.com/images/I/51najwPk6hL._AC_UL320_.jpg,,,,,,,,,,,https://www.amazon.eg/dp/B08YP2F4ZG,2026-06-07T05:56:47.694858
amazon,B088X2J1SC,"Olive oil sprayer for cooking, portable 100ml stainless steel oil spray dispenser, mini oil spritzer gadget for kitchen, vinegar bottle oil mister for air fryer, bbq, baking, roasting(convex shape)",,AR-Kitchen-Tools,EGP 59.10,,,3.2,,,,,,,https://m.media-amazon.com/images/I/61r-lBAr7mL._AC_UL320_.jpg,https://m.media-amazon.com/images/I/61r-lBAr7mL._AC_UL320_.jpg,,,,,,,,,,,https://www.amazon.eg/dp/B088X2J1SC,2026-06-07T05:56:47.695400
amazon,B0DF5PCBM5,Ultimate 6 in 1 Measuring Spoons & Cups Set - Perfect Kitchen Tool for Precise Measurements and Easy Cooking,,AR-Kitchen-Tools,EGP 32.56,,,4.2,,,,,,,https://m.media-amazon.com/images/I/71rUTsxSMDL._AC_UL320_.jpg,https://m.media-amazon.com/images/I/71rUTsxSMDL._AC_UL320_.jpg,,,,,,,,,,,https://www.amazon.eg/dp/B0DF5PCBM5,2026-06-07T05:56:47.695926
amazon,B0BCL1BN89,"Liquid Adding Soft Fur Cleaning Brush,Multifunctional Shoe Brush with Liquid Box for Dish Sink Pan Pot Washing and Cleaning,Bathroom, Kitchen, Soft Laundry Clothes and Shoes Scrubbing Brush (B)",,AR-Kitchen-Tools,EGP 24.32,,,2.8,,,,,,,https://m.media-amazon.com/images/I/41GjytF6mJL._AC_UL320_.jpg,https://m.media-amazon.com/images/I/41GjytF6mJL._AC_UL320_.jpg,,,,,,,,,,,https://www.amazon.eg/dp/B0BCL1BN89,2026-06-07T05:56:47.696529
amazon,B08YNSLCL1,Portal Stainless steel kitchen accessory 4 sides vegetable peeler slicer manual cheese grater vegetable grater,,AR-Kitchen-Tools,EGP 87.00,,,4.0,,,,,,,https://m.media-amazon.com/images/I/51bP4tPNFoL._AC_UL320_.jpg,https://m.media-amazon.com/images/I/51bP4tPNFoL._AC_UL320_.jpg,,,,,,,,,,,https://www.amazon.eg/dp/B08YNSLCL1,2026-06-07T05:56:47.697141
amazon,B081Q1BRC8,"2 in 1 Sponge Rack Shelf Soap Detergent Dispenser Pump, Large Capacity with Sponge, 1 Hand Operation -Multi color",,AR-Kitchen-Tools,EGP 81.98,,,3.0,,,,,,,https://m.media-amazon.com/images/I/61gqiCkrtoL._AC_UL320_.jpg,https://m.media-amazon.com/images/I/61gqiCkrtoL._AC_UL320_.jpg,,,,,,,,,,,https://www.amazon.eg/dp/B081Q1BRC8,2026-06-07T05:56:47.697722
amazon,B0D56R642K,"Silicone Spoon for Home Cooking - Egg Scraper Meat Scraper Wide Non-Stick Pizza Shovel Kitchen Tools for Lifting Food,Best Product Supplier Elegant Home",,AR-Kitchen-Tools,EGP 39.90,,,3.9,,,,,,,https://m.media-amazon.com/images/I/71RZRIkbCuL._AC_UL320_.jpg,https://m.media-amazon.com/images/I/71RZRIkbCuL._AC_UL320_.jpg,,,,,,,,,,,https://www.amazon.eg/dp/B0D56R642K,2026-06-07T05:56:47.698267
amazon,B091D2Q3K3,Stove converter,,AR-Kitchen-Tools,EGP 44.14,,,3.0,,,,,,,https://m.media-amazon.com/images/I/81ic-RLWJOL._AC_UL320_.jpg,https://m.media-amazon.com/images/I/81ic-RLWJOL._AC_UL320_.jpg,,,,,,,,,,,https://www.amazon.eg/dp/B091D2Q3K3,2026-06-07T05:56:47.698785
amazon,B0DQHDR9KP,"Multifunctional Liquid Dispensing Cleaning Brush – Soft Bristles for Shoes, Clothes & Home Use | Long Handle Design with Built-In Soap Dispenser | Durable & Ergonomic Scrubbing Tool",,AR-Kitchen-Tools,EGP 22.76,,,4.3,,,,,,,https://m.media-amazon.com/images/I/61gudiKieVL._AC_UL320_.jpg,https://m.media-amazon.com/images/I/61gudiKieVL._AC_UL320_.jpg,,,,,,,,,,,https://www.amazon.eg/dp/B0DQHDR9KP,2026-06-07T05:56:47.699347
amazon,B0FJWCN7FB,"Healthy Cooking Tool - Innovative oil sprayer with a fine mist feature, perfect for air fryers and kitchen accessories, 200 ml for optimal use. (1Pc)",,AR-Kitchen-Tools,EGP 129.96,,,,,,,,,,https://m.media-amazon.com/images/I/61mbFRrgKEL._AC_UL320_.jpg,https://m.media-amazon.com/images/I/61mbFRrgKEL._AC_UL320_.jpg,,,,,,,,,,,https://www.amazon.eg/dp/B0FJWCN7FB,2026-06-07T05:56:47.699807
amazon,B0C9T2Y89T,"Olive Oil Sprayer, 100ml Glass Spray Bottle, Stainless Steel, Transparent, Reusable, BPA Free, Raised Nozzle, Perfect for Cooking, Baking, Salad, BBQ",,AR-Kitchen-Tools,EGP 47.33,,,3.2,,,,,,,https://m.media-amazon.com/images/I/615T65M3ZRL._AC_UL320_.jpg,https://m.media-amazon.com/images/I/615T65M3ZRL._AC_UL320_.jpg,,,,,,,,,,,https://www.amazon.eg/dp/B0C9T2Y89T,2026-06-07T05:56:47.700346
amazon,B0965L191W,Hamburger Patties Maker Aluminum Die Casting single burger press Meat Press Cookware Kitchen Dining Tool,,AR-Kitchen-Tools,EGP 121.13,,,3.4,,,,,,,https://m.media-amazon.com/images/I/61WSToLEwcL._AC_UL320_.jpg,https://m.media-amazon.com/images/I/61WSToLEwcL._AC_UL320_.jpg,,,,,,,,,,,https://www.amazon.eg/dp/B0965L191W,2026-06-07T05:56:47.700911
amazon,B09F3VB3HN,"Zahran nylon utensils set, 6 pieces, red / black - 6000201",,AR-Kitchen-Tools,EGP 323.00,EGP 432.13,,3.6,Get it faster,,,,,,https://m.media-amazon.com/images/I/718brzceNXL._AC_UL320_.jpg,https://m.media-amazon.com/images/I/718brzceNXL._AC_UL320_.jpg,,,,,,,,,,,https://www.amazon.eg/dp/B09F3VB3HN,2026-06-07T05:56:47.701657
amazon,B091J5P6F4,Portable Heat Sealing Machine Impulse Sealer Food Packing Plastic Bag Mini Bag Sealer Household Tools,,AR-Kitchen-Tools,EGP 75.58,,,1.4,,,,,,,https://m.media-amazon.com/images/I/41OYxNtztNL._AC_UL320_.jpg,https://m.media-amazon.com/images/I/41OYxNtztNL._AC_UL320_.jpg,,,,,,,,,,,https://www.amazon.eg/dp/B091J5P6F4,2026-06-07T05:56:47.702250
amazon,B091J7V3XC,Adjustable Snap Type Creative Hanging Basket Faucet Sponge Drainboard,,AR-Kitchen-Tools,EGP 37.00,,,2.5,,,,,,,https://m.media-amazon.com/images/I/41ss7Xk2QvL._AC_UL320_.jpg,https://m.media-amazon.com/images/I/41ss7Xk2QvL._AC_UL320_.jpg,,,,,,,,,,,https://www.amazon.eg/dp/B091J7V3XC,2026-06-07T05:56:47.702757
amazon,B08ZYJSZQX,"Collapsible Hanging Trash Can for Kitchen, Small,Brown",,AR-Kitchen-Tools,EGP 184.00,,,3.4,,,,,,,https://m.media-amazon.com/images/I/51RBE5DPItL._AC_UL320_.jpg,https://m.media-amazon.com/images/I/51RBE5DPItL._AC_UL320_.jpg,,,,,,,,,,,https://www.amazon.eg/dp/B08ZYJSZQX,2026-06-07T05:56:47.703350
amazon,B0F6LPMNNK,Heavy Duty Kitchen Scissors Stainless Steel Multipurpose Utility Shears For Cutting Meat Chicken Turkey Vegetables Fish Bones Nuts Flowers Household BBQ Cooking Essentials,,AR-Kitchen-Tools,EGP 139.00,,,4.3,,,,,,,https://m.media-amazon.com/images/I/41tRNmH3r0L._AC_UL320_.jpg,https://m.media-amazon.com/images/I/41tRNmH3r0L._AC_UL320_.jpg,,,,,,,,,,,https://www.amazon.eg/dp/B0F6LPMNNK,2026-06-07T05:56:47.703909
amazon,B0CKVX8FDJ,"SONANI Oil Sprayer, Food-Grade Stainless Steel Glass Oil Spray Bottle Vinegar Bottle Oil Dispenser Best for Cooking, Salad, BBQ, Kitchen Baking, Roasting",,AR-Kitchen-Tools,EGP 49.00,,,2.6,,,,,,,https://m.media-amazon.com/images/I/71jMZU4ujuL._AC_UL320_.jpg,https://m.media-amazon.com/images/I/71jMZU4ujuL._AC_UL320_.jpg,,,,,,,,,,,https://www.amazon.eg/dp/B0CKVX8FDJ,2026-06-07T05:56:47.704466
amazon,B08M97CZH4,"Generic Sfaster turkey injector syringe, meat injector syringe, flavor needle turkey pork bbq steak meat sauces syringes marinades kitchen accessories",,AR-Kitchen-Tools,EGP 97.00,EGP 140.00,,3.5,Was:,,,,,,https://m.media-amazon.com/images/I/61g4iTvsViL._AC_UL320_.jpg,https://m.media-amazon.com/images/I/61g4iTvsViL._AC_UL320_.jpg,,,,,,,,,,,https://www.amazon.eg/dp/B08M97CZH4,2026-06-07T05:56:47.705197
amazon,B0FBKHY6C1,Generic Magic WaterProof Bib,,AR-Kitchen-Tools,EGP 135.50,,,3.1,,,,,,,https://m.media-amazon.com/images/I/51oQBgw3DTL._AC_UL320_.jpg,https://m.media-amazon.com/images/I/51oQBgw3DTL._AC_UL320_.jpg,,,,,,,,,,,https://www.amazon.eg/dp/B0FBKHY6C1,2026-06-07T05:56:47.705751
amazon,B0CPTBJYVL,Generic Silicone Utensil Set of 4 (Spoon+Spatula+Dustpan+Brush) Heat Resistant and Non-Stick for Kitchen Cooking Baking Mixing Assorted colors,,AR-Kitchen-Tools,EGP 171.78,,,3.6,,,,,,,https://m.media-amazon.com/images/I/514YEtSPQDL._AC_UL320_.jpg,https://m.media-amazon.com/images/I/514YEtSPQDL._AC_UL320_.jpg,,,,,,,,,,,https://www.amazon.eg/dp/B0CPTBJYVL,2026-06-07T05:56:47.706301
amazon,B0F63FYZFK,"Kitchen Hot Pot Bowl Gripper, Stainless Steel Plate Retriever Tongs, Anti-Scald Dish Clamp, Multicolor",,AR-Kitchen-Tools,EGP 64.00,,,2.4,,,,,,,https://m.media-amazon.com/images/I/41nCuqz6-AL._AC_UL320_.jpg,https://m.media-amazon.com/images/I/41nCuqz6-AL._AC_UL320_.jpg,,,,,,,,,,,https://www.amazon.eg/dp/B0F63FYZFK,2026-06-07T05:56:47.706834
amazon,B08MTH684B,"Innovegic Kitchen Scale – Food Scale for Baking, Cooking and Dieting – 5 kg Capacity Scale for Food – Premium Stainless-Steel Digital Scale – Tare Function – High-Precision Sensor – Backlit LCD Screen",,AR-Kitchen-Tools,EGP 260.00,EGP 298.08,,3.8,List:,,,,,,https://m.media-amazon.com/images/I/71Hqg6cC6xL._AC_UL320_.jpg,https://m.media-amazon.com/images/I/71Hqg6cC6xL._AC_UL320_.jpg,,,,,,,,,,,https://www.amazon.eg/dp/B08MTH684B,2026-06-07T05:56:47.707523
amazon,B091BWMK16,Plastic Food Bag Clip (5 Pieces),,AR-Kitchen-Tools,EGP 112.00,,,4.0,,,,,,,https://m.media-amazon.com/images/I/61aCPlvPVLL._AC_UL320_.jpg,https://m.media-amazon.com/images/I/61aCPlvPVLL._AC_UL320_.jpg,,,,,,,,,,,https://www.amazon.eg/dp/B091BWMK16,2026-06-07T05:56:47.708136
amazon,B08PYYFVMK,"GWL Cheese Knife Set, 4 Piece Cheese Knife Set,Wood Handle Butter Spreader, Stainless Steel, Hard & Soft Cheese Slicer, Serving Fork, Cheese Spreader Parmesan Knife Kitchen Tools",,AR-Kitchen-Tools,EGP 80.00,,,3.6,,,,,,,https://m.media-amazon.com/images/I/61jQm2E+gbL._AC_UL320_.jpg,https://m.media-amazon.com/images/I/61jQm2E+gbL._AC_UL320_.jpg,,,,,,,,,,,https://www.amazon.eg/dp/B08PYYFVMK,2026-06-07T05:56:47.708654
amazon,B0BW79WZ5R,Non-stick Silicone Spatula Shovel Cooking Utensils Beef Meat Egg Spatula Kitchen Scraper Wide Pizza Shovel Kitchen Cooking Tools random color (Pink),,AR-Kitchen-Tools,EGP 57.00,,,4.2,,,,,,,https://m.media-amazon.com/images/I/41Y+rkWyhBL._AC_UL320_.jpg,https://m.media-amazon.com/images/I/41Y+rkWyhBL._AC_UL320_.jpg,,,,,,,,,,,https://www.amazon.eg/dp/B0BW79WZ5R,2026-06-07T05:56:47.709194
amazon,B08BLMK2RJ,"Neoflam nylon ladle with stainless steel handle black, kitchen tools (33x9.5cm)",,AR-Kitchen-Tools,EGP 199.00,,,4.6,,,,,,,https://m.media-amazon.com/images/I/51wnT6K+3BL._AC_UL320_.jpg,https://m.media-amazon.com/images/I/51wnT6K+3BL._AC_UL320_.jpg,,,,,,,,,,,https://www.amazon.eg/dp/B08BLMK2RJ,2026-06-07T05:56:47.709736
amazon,B0DJYHLLKV,"Pizza Spatula, Stainless Steel Cake Shovel for and Serving, Multifunctional Kitchen Tool, Smooth Blade (1pc)",,AR-Kitchen-Tools,EGP 69.90,,,3.9,,,,,,,https://m.media-amazon.com/images/I/31zFB+YDqyL._AC_UL320_.jpg,https://m.media-amazon.com/images/I/31zFB+YDqyL._AC_UL320_.jpg,,,,,,,,,,,https://www.amazon.eg/dp/B0DJYHLLKV,2026-06-07T05:56:47.710278
amazon,B091J5VM57,Kitchenware Silicon Brush For Oil And Liquid - Pink,,AR-Kitchen-Tools,EGP 39.90,,,4.5,,,,,,,https://m.media-amazon.com/images/I/41kf8-eaWeL._AC_UL320_.jpg,https://m.media-amazon.com/images/I/41kf8-eaWeL._AC_UL320_.jpg,,,,,,,,,,,https://www.amazon.eg/dp/B091J5VM57,2026-06-07T05:56:51.538689
amazon,B0GQ4Q8FX1,"3 in 1 Creative Kitchen Set, Kneader, Grater and Colander for Fruits and Vegetables, High Quality Stainless Steel for Healthy, Professional and Fast Food Preparation, Easy to Clean and Space Saving.",,AR-Kitchen-Tools,EGP 380.00,EGP 442.00,,5.0,List:,,,,,,https://m.media-amazon.com/images/I/516GeGf4C9L._AC_UL320_.jpg,https://m.media-amazon.com/images/I/516GeGf4C9L._AC_UL320_.jpg,,,,,,,,,,,https://www.amazon.eg/dp/B0GQ4Q8FX1,2026-06-07T05:56:51.539337
amazon,B09MKX7CTK,"Semi-automatic egg whisk, stainless steel hand push newness whisk blender, semi automatic rotary egg beater, milk frother, mixer stirrer kitchen utensil for whisking, mixing, blending, stirring.",,AR-Kitchen-Tools,EGP 42.15,EGP 50.00,,3.5,Was:,,,,,,https://m.media-amazon.com/images/I/51S9aHtAivL._AC_UL320_.jpg,https://m.media-amazon.com/images/I/51S9aHtAivL._AC_UL320_.jpg,,,,,,,,,,,https://www.amazon.eg/dp/B09MKX7CTK,2026-06-07T05:56:51.539932
amazon,B0CWN9KQG1,"18/8, 100% 304 Stainless Steel Colander Set of 3 with Handles, Micro-Perforated Strainers, 4-6-8 Quart Set, Self-Draining Solid Base for Pasta, Fruits, Vegetables, Made in Korea - COMPORT K",,AR-Kitchen-Tools,EGP 335.00,EGP 459.65,,4.5,List:,,,,,,https://m.media-amazon.com/images/I/91sC2UaViUL._AC_UL320_.jpg,https://m.media-amazon.com/images/I/91sC2UaViUL._AC_UL320_.jpg,,,,,,,,,,,https://www.amazon.eg/dp/B0CWN9KQG1,2026-06-07T05:56:51.541066
amazon,B0CQH9P7MS,"Generic 3 in 1 Kneader, Grater & Colander - Silver-Tone Stainless Steel Multi-Function Kitchen Tool",,AR-Kitchen-Tools,EGP 300.15,EGP 399.00,,3.9,List:,,,,,,https://m.media-amazon.com/images/I/71pkGmi1noL._AC_UL320_.jpg,https://m.media-amazon.com/images/I/71pkGmi1noL._AC_UL320_.jpg,,,,,,,,,,,https://www.amazon.eg/dp/B0CQH9P7MS,2026-06-07T05:56:51.542295
amazon,B0DG17MNXK,"29cm Silicone Kitchen Food Tongs, Cooking and Serving Tongs, Salad Tongs BBQ Tong, Heat Resistant Tool, Non-Stick, Non-Scratch - Multicolor",,AR-Kitchen-Tools,EGP 117.00,,,3.9,,,,,,,https://m.media-amazon.com/images/I/41J9VEoFxAL._AC_UL320_.jpg,https://m.media-amazon.com/images/I/41J9VEoFxAL._AC_UL320_.jpg,,,,,,,,,,,https://www.amazon.eg/dp/B0DG17MNXK,2026-06-07T05:56:51.543389
amazon,B091TW1P2H,Basin Stainless Steel Grater With Vegetable Cutter And Rice Sieve 3Pcs/Set Multifunctional Food Basin Bowl Food Drainer Colander Grater Slicer Set Multifunctional Kitchen Tools (Color : 26Cm),,AR-Kitchen-Tools,EGP 254.00,,,4.1,,,,,,,https://m.media-amazon.com/images/I/71YiCmfnFgL._AC_UL320_.jpg,https://m.media-amazon.com/images/I/71YiCmfnFgL._AC_UL320_.jpg,,,,,,,,,,,https://www.amazon.eg/dp/B091TW1P2H,2026-06-07T05:56:51.543955
amazon,B07M7KCHD9,6PCS Fried Egg Cooking Rings Pancake Mould Cookies Maker Baking Shaper Stainless Steel Kitchen Gadget Tool,,AR-Kitchen-Tools,EGP 139.90,EGP 151.62,,3.5,List:,,,,,,https://m.media-amazon.com/images/I/81MokCgVjJL._AC_UL320_.jpg,https://m.media-amazon.com/images/I/81MokCgVjJL._AC_UL320_.jpg,,,,,,,,,,,https://www.amazon.eg/dp/B07M7KCHD9,2026-06-07T05:56:51.544587
amazon,B0FFMVSRTX,19 Pcs Kitchen Utensils Spatula Knife Kitchen Spoon Gadgets Kitchen Gadgets Silicone Whisk Accessory Wooden Stand (white),,AR-Kitchen-Tools,EGP 482.19,,,2.0,,,,,,,https://m.media-amazon.com/images/I/51U5SLv0mwL._AC_UL320_.jpg,https://m.media-amazon.com/images/I/51U5SLv0mwL._AC_UL320_.jpg,,,,,,,,,,,https://www.amazon.eg/dp/B0FFMVSRTX,2026-06-07T05:56:51.545193
amazon,B08YNSW6Q5,Silicone Heat-resistant Kitchen Oven Baking Glove Pot Tool Holder,,AR-Kitchen-Tools,EGP 65.00,,,2.8,,,,,,,https://m.media-amazon.com/images/I/51+dG5sfcqL._AC_UL320_.jpg,https://m.media-amazon.com/images/I/51+dG5sfcqL._AC_UL320_.jpg,,,,,,,,,,,https://www.amazon.eg/dp/B08YNSW6Q5,2026-06-07T05:56:51.545703
amazon,B0B53PV5SM,هراسة بطاطس وخضروات ستانلس ستيل من الياسين - متعدد الالوان,,AR-Kitchen-Tools,EGP 36.48,,,2.9,,,,,,,https://m.media-amazon.com/images/I/61bFwYgVsCL._AC_UL320_.jpg,https://m.media-amazon.com/images/I/61bFwYgVsCL._AC_UL320_.jpg,,,,,,,,,,,https://www.amazon.eg/dp/B0B53PV5SM,2026-06-07T05:56:51.546826
amazon,B0BYCMMZXY,"6in1 Portable Kitchen Gadgets, Cheese Grater, Bottle Opener, Fruit/Vegetable Peeler, Pizza Cutter, Garlic/Ginger Grinder, Leaf Herb Stripper, Stainless Steel Space Saving Kitchen Camping Accessories",,AR-Kitchen-Tools,EGP 199.00,,,4.1,,,,,,,https://m.media-amazon.com/images/I/61Lio-JX1kL._AC_UL320_.jpg,https://m.media-amazon.com/images/I/61Lio-JX1kL._AC_UL320_.jpg,,,,,,,,,,,https://www.amazon.eg/dp/B0BYCMMZXY,2026-06-07T05:56:51.547405
amazon,B0BQCSGC64,"Vegetable Chopper Dicer with Container | Cheese Grater Mandoline Slicer Cabbage Shredder French Fry Cutter Stainless Steel for Veggie Onion Potato Fruit Food, Manual Hand Cooking Gadget for Kitchen",,AR-Kitchen-Tools,EGP 233.00,EGP 265.12,,4.2,List:,,,,,,https://m.media-amazon.com/images/I/81RvBMCJ4NL._AC_UL320_.jpg,https://m.media-amazon.com/images/I/81RvBMCJ4NL._AC_UL320_.jpg,,,,,,,,,,,https://www.amazon.eg/dp/B0BQCSGC64,2026-06-07T05:56:51.548076
amazon,B09TL62H7X,YOi Garlic Crusher Presser Garlic Press Multi-Function Manual Portable Stainless Steel Garlic Presser Curved Squeeze Press Garlic Chopper Garlic Cutter Chopper for Kitchen (Silver),,AR-Kitchen-Tools,EGP 108.28,,,3.7,,,,,,,https://m.media-amazon.com/images/I/617XZiwwqPL._AC_UL320_.jpg,https://m.media-amazon.com/images/I/617XZiwwqPL._AC_UL320_.jpg,,,,,,,,,,,https://www.amazon.eg/dp/B09TL62H7X,2026-06-07T05:56:51.549181
amazon,B097B5PYPR,"5L Salad Spinner Large, Lettuce Spinner Dryer With Comfortable Handle, Safe Locking Lid and Non-slip Base, BPA Free, Vegetable Washer with Bowl for Cleaning and Drying Salad Greens and Fruit",,AR-Kitchen-Tools,EGP 222.00,,,3.4,,,,,,,https://m.media-amazon.com/images/I/71SvrqPVMpL._AC_UL320_.jpg,https://m.media-amazon.com/images/I/71SvrqPVMpL._AC_UL320_.jpg,,,,,,,,,,,https://www.amazon.eg/dp/B097B5PYPR,2026-06-07T05:56:51.550278
amazon,B0CS9R1DW7,"FUNKYLEE Hand and Dish Soap Dispenser Set, Soap Dispenser for Kitchen Sink, Kitchen Soap Dispenser Set with Tray and Sponge Holder and Rags Holder, Useful Kitchen Gadgets - Black, ZYH123",,AR-Kitchen-Tools,EGP 299.99,,,4.1,,,,,,,https://m.media-amazon.com/images/I/61i9RhKdkIL._AC_UL320_.jpg,https://m.media-amazon.com/images/I/61i9RhKdkIL._AC_UL320_.jpg,,,,,,,,,,,https://www.amazon.eg/dp/B0CS9R1DW7,2026-06-07T05:56:51.551908
amazon,B07M78N8LP,"Tianfeng Wooden Spatula, Spoon, and Fork Set - Handmade Organic Beech Utensils for Cooking - Natural Nonstick Kitchen Tools",,AR-Kitchen-Tools,EGP 104.78,,,3.9,,,,,,,https://m.media-amazon.com/images/I/51t4gSaUSEL._AC_UL320_.jpg,https://m.media-amazon.com/images/I/51t4gSaUSEL._AC_UL320_.jpg,,,,,,,,,,,https://www.amazon.eg/dp/B07M78N8LP,2026-06-07T05:56:51.553045
amazon,B08BK4V6SW,Neoflam Stainless steel kitchen scissor 22x9.8cm PP handle Black Kitchen tools 1633/AC20032,,AR-Kitchen-Tools,EGP 365.00,,,4.2,,,,,,,https://m.media-amazon.com/images/I/61ZdePOIJ3L._AC_UL320_.jpg,https://m.media-amazon.com/images/I/61ZdePOIJ3L._AC_UL320_.jpg,,,,,,,,,,,https://www.amazon.eg/dp/B08BK4V6SW,2026-06-07T05:56:51.553567
amazon,B0F55MHD2T,Unique mesh accessory-perfect for enhancing your kitchen drainage and food preparation efficiency,,AR-Kitchen-Tools,EGP 198.58,,,5.0,,,,,,,https://m.media-amazon.com/images/I/81GLbNJGkDL._AC_UL320_.jpg,https://m.media-amazon.com/images/I/81GLbNJGkDL._AC_UL320_.jpg,,,,,,,,,,,https://www.amazon.eg/dp/B0F55MHD2T,2026-06-07T05:56:51.554103
amazon,B08L96J1RW,"8 in 1 Kitchen Tool Set,Multi-function Vegetable & Fruit,Multipurpose Kitchen Gadget,Chopper,Bottle Funnel,Lemon Squeezer,Spice Grater,Egg Masher,Cheese Grater,Egg Separator,Measuring Cup,Can Opener",,AR-Kitchen-Tools,EGP 139.00,,,4.2,,,,,,,https://m.media-amazon.com/images/I/51LoLYhhprL._AC_UL320_.jpg,https://m.media-amazon.com/images/I/51LoLYhhprL._AC_UL320_.jpg,,,,,,,,,,,https://www.amazon.eg/dp/B08L96J1RW,2026-06-07T05:56:51.555160
amazon,B0F91J4RQQ,"5-Piece Mini Silicone Spatula Set, Heat Resistant Kitchen Tools, Non-Stick Baking Utensils with Grey Handles, 21cm Length",,AR-Kitchen-Tools,EGP 110.00,EGP 143.02,,2.9,List:,,,,,,https://m.media-amazon.com/images/I/61ncbONDhcL._AC_UL320_.jpg,https://m.media-amazon.com/images/I/61ncbONDhcL._AC_UL320_.jpg,,,,,,,,,,,https://www.amazon.eg/dp/B0F91J4RQQ,2026-06-07T05:56:51.556330
amazon,B09JKDY8RC,"Keyohome Kitchen Cutlery Holder Stainless Steel Large Capacity Utensil Holder with Divider Weighted Base for No Tipping for All Kitchens Countertop or Table,18x13x8.6cm",,AR-Kitchen-Tools,EGP 140.30,EGP 206.00,,4.4,List:,,,,,,https://m.media-amazon.com/images/I/613nsEUY2kL._AC_UL320_.jpg,https://m.media-amazon.com/images/I/613nsEUY2kL._AC_UL320_.jpg,,,,,,,,,,,https://www.amazon.eg/dp/B09JKDY8RC,2026-06-07T05:56:51.556982
amazon,B091J97R9Q,ZTO Home Kitchen Cooking tools Hamburger & Patties Maker Burger Hamburger Press Meat Press Cookware Kitchen Dining Bar Tool,,AR-Kitchen-Tools,EGP 114.00,,,3.8,,,,,,,https://m.media-amazon.com/images/I/51nZcenkOxL._AC_UL320_.jpg,https://m.media-amazon.com/images/I/51nZcenkOxL._AC_UL320_.jpg,,,,,,,,,,,https://www.amazon.eg/dp/B091J97R9Q,2026-06-07T05:56:51.558908
amazon,B0B5VPNNB3,"Zahran Nylon Cooking Utensils Set With Holder, 5 Pieces, Black, Assorted Pack - 6000212",,AR-Kitchen-Tools,EGP 392.00,,,4.1,,,,,,,https://m.media-amazon.com/images/I/615vTVg2vML._AC_UL320_.jpg,https://m.media-amazon.com/images/I/615vTVg2vML._AC_UL320_.jpg,,,,,,,,,,,https://www.amazon.eg/dp/B0B5VPNNB3,2026-06-07T05:56:51.560529
amazon,B0982YQ7T1,"CBWLWJ Set of 4 Kitchen Funnels, Nesting Funnels with Handles, Food-Grade Plastic Wide-Mouth Funnels with Removable Strainer for Filling Bottles with Oil/Liquid/Food/Powder",,AR-Kitchen-Tools,EGP 174.00,,,4.4,,,,,,,https://m.media-amazon.com/images/I/61Yr72UslGL._AC_UL320_.jpg,https://m.media-amazon.com/images/I/61Yr72UslGL._AC_UL320_.jpg,,,,,,,,,,,https://www.amazon.eg/dp/B0982YQ7T1,2026-06-07T05:56:51.561067
amazon,B0BW44BYNK,"Kitchen Utensil Set, 12 Pcs Silicone Cooking Utensils with Holder, Non-Stick Cooking Tools with Wooden Handle, Silicone Kitchen Gadgets Cooking Spatula Turner Heat Resistant Tools",,AR-Kitchen-Tools,EGP 345.00,EGP 369.99,,4.4,List:,,,,,,https://m.media-amazon.com/images/I/716uN12bBqL._AC_UL320_.jpg,https://m.media-amazon.com/images/I/716uN12bBqL._AC_UL320_.jpg,,,,,,,,,,,https://www.amazon.eg/dp/B0BW44BYNK,2026-06-07T05:56:51.562297
amazon,B091J74S8C,Stainless Steel Kitchen Tool Gadget Ginger Garlic Press Crusher,,AR-Kitchen-Tools,EGP 108.90,,,3.8,,,,,,,https://m.media-amazon.com/images/I/61saC0aFf+L._AC_UL320_.jpg,https://m.media-amazon.com/images/I/61saC0aFf+L._AC_UL320_.jpg,,,,,,,,,,,https://www.amazon.eg/dp/B091J74S8C,2026-06-07T05:56:51.562813
amazon,B08VRYXWPT,Neoflam Citrus Press Aluminum alloy material 20 * 6 * 4.5cm with colorful coating,,AR-Kitchen-Tools,EGP 375.00,,,4.7,,,,,,,https://m.media-amazon.com/images/I/61FJXei8IAL._AC_UL320_.jpg,https://m.media-amazon.com/images/I/61FJXei8IAL._AC_UL320_.jpg,,,,,,,,,,,https://www.amazon.eg/dp/B08VRYXWPT,2026-06-07T05:56:51.563370
amazon,B0GYZRYRHJ,12 Piece Silicone Heat Dispenser Set - Complete Kitchen Utensil Set with Organizer Holder - Non Stick and Healthy - Available in Multiple Colors (Black),,AR-Kitchen-Tools,EGP 349.00,,,5.0,,,,,,,https://m.media-amazon.com/images/I/51qrYcEn-JL._AC_UL320_.jpg,https://m.media-amazon.com/images/I/51qrYcEn-JL._AC_UL320_.jpg,,,,,,,,,,,https://www.amazon.eg/dp/B0GYZRYRHJ,2026-06-07T05:56:51.563880
amazon,B08L51DWNB,"Kitchen Utensil Holder Rest Spoon 1 pcs White, Creative Accessory Heat Resistant, Support Cooking Tools",,AR-Kitchen-Tools,EGP 57.39,,,3.3,,,,,,,https://m.media-amazon.com/images/I/51I47JPu0UL._AC_UL320_.jpg,https://m.media-amazon.com/images/I/51I47JPu0UL._AC_UL320_.jpg,,,,,,,,,,,https://www.amazon.eg/dp/B08L51DWNB,2026-06-07T05:56:51.564476
amazon,B091FS3QKT,Collapsible Kitchen Colander Silicone Washing Basket Strainer with Extendable Handles,,AR-Kitchen-Tools,EGP 166.50,EGP 185.00,,3.9,List:,,,,,,https://m.media-amazon.com/images/I/51Lq0eVH+tL._AC_UL320_.jpg,https://m.media-amazon.com/images/I/51Lq0eVH+tL._AC_UL320_.jpg,,,,,,,,,,,https://www.amazon.eg/dp/B091FS3QKT,2026-06-07T05:56:51.565116
amazon,B091J5GSNC,Potato Spiral Cutter Slicer Spiral Chips Chips Making Twist Shredder Spiralizer Gadget Kitchen Spiral Vegetable Potato Cutter,,AR-Kitchen-Tools,EGP 123.00,,,3.3,,,,,,,https://m.media-amazon.com/images/I/518vrcCnHjL._AC_UL320_.jpg,https://m.media-amazon.com/images/I/518vrcCnHjL._AC_UL320_.jpg,,,,,,,,,,,https://www.amazon.eg/dp/B091J5GSNC,2026-06-07T05:56:55.349985
amazon,B0CJF7B3XF,"TrendPlain 470ml Olive Oil Spray Bottle for Kitchen Gadgets - 2 in 1 Olive Oil Dispenser Bottle and Air Fryer Accessories for Cooking, Salad and BBQ - White",,AR-Kitchen-Tools,EGP 188.04,,,4.4,,,,,,,https://m.media-amazon.com/images/I/71KasvELgFL._AC_UL320_.jpg,https://m.media-amazon.com/images/I/71KasvELgFL._AC_UL320_.jpg,,,,,,,,,,,https://www.amazon.eg/dp/B0CJF7B3XF,2026-06-07T05:56:55.350596
amazon,B0FZF3C2S2,"12 Pieces Silicone Kitchen Utensils Set, Wooden Handles, with Storage Stand, Food Safe, Heat Resistant up to 230℃, Suitable for Nonstick Utensils, Daily Cooking (Black)",,AR-Kitchen-Tools,EGP 369.99,,,4.5,,,,,,,https://m.media-amazon.com/images/I/51WoKKi99IL._AC_UL320_.jpg,https://m.media-amazon.com/images/I/51WoKKi99IL._AC_UL320_.jpg,,,,,,,,,,,https://www.amazon.eg/dp/B0FZF3C2S2,2026-06-07T05:56:55.352733
amazon,B08R2X35DT,Pranski Kitchen Utensils Set-12 Pieces Silicone Cooking Utensils Set Dishwasher Safe 392°F Heat Resistant Spatula Set Nonstick Cookware,,AR-Kitchen-Tools,EGP 539.10,EGP 599.00,,4.6,Was:,,,,,,https://m.media-amazon.com/images/I/71k1zM2uF1L._AC_UL320_.jpg,https://m.media-amazon.com/images/I/71k1zM2uF1L._AC_UL320_.jpg,,,,,,,,,,,https://www.amazon.eg/dp/B08R2X35DT,2026-06-07T05:56:55.353888
amazon,B08YNPF34H,Kitchen Accessories Cooking Tools Silicone Spoon Rest ladle Utensil Holder Organizer Rack Storage Green Color,,AR-Kitchen-Tools,EGP 44.90,EGP 49.90,,3.3,Was:,,,,,,https://m.media-amazon.com/images/I/518JmZAC93L._AC_UL320_.jpg,https://m.media-amazon.com/images/I/518JmZAC93L._AC_UL320_.jpg,,,,,,,,,,,https://www.amazon.eg/dp/B08YNPF34H,2026-06-07T05:56:55.355076
amazon,B0FPBNCT4J,"Measuring Cups and Spoons Set - 8 PCS Stackable Measuring Spoons with Stainless Steel Handle for Dry & Liquid Ingredients for Baking, BPA Free, Easy to Clean & Store (Pink)",,AR-Kitchen-Tools,EGP 165.00,,,4.7,,,,,,,https://m.media-amazon.com/images/I/61PKdc9zowL._AC_UL320_.jpg,https://m.media-amazon.com/images/I/61PKdc9zowL._AC_UL320_.jpg,,,,,,,,,,,https://www.amazon.eg/dp/B0FPBNCT4J,2026-06-07T05:56:55.358001
amazon,B0B585B495,"Bestseek Kitchen Soap Dispenser Set with Tray and Sponge Holder, Sink Caddy Organizer with Dishcloth Holder and Dish Brush Holder, for Kitchen Countertop Storage Organize - Practical Kitchen Gadgets",,AR-Kitchen-Tools,EGP 211.00,,,4.1,,,,,,,https://m.media-amazon.com/images/I/81sqE6jUymL._AC_UL320_.jpg,https://m.media-amazon.com/images/I/81sqE6jUymL._AC_UL320_.jpg,,,,,,,,,,,https://www.amazon.eg/dp/B0B585B495,2026-06-07T05:56:55.359201
amazon,B09LJ2J5L6,"Silicone Cooking Utensil Kitchen Utensils Set, 13 Piece Silicone Kitchen Utensil Wooden Handles, Kitchen Spatula Sets with Holder Spoon Turner Tongs, Mint Green",,AR-Kitchen-Tools,EGP 298.00,,,3.1,,,,,,,https://m.media-amazon.com/images/I/5192+0mVW0L._AC_UL320_.jpg,https://m.media-amazon.com/images/I/5192+0mVW0L._AC_UL320_.jpg,,,,,,,,,,,https://www.amazon.eg/dp/B09LJ2J5L6,2026-06-07T05:56:55.359758
amazon,B08Q7F41GF,"LINWELL Bamboo Cookware Set, Wooden Spoons and Spatula Set, 7 Piece Bamboo Cookware Set, Nonstick Cooking Utensils for Pots and Pans (Option 3)",,AR-Kitchen-Tools,EGP 235.98,,,3.5,,,,,,,https://m.media-amazon.com/images/I/61ZXiQEPmcL._AC_UL320_.jpg,https://m.media-amazon.com/images/I/61ZXiQEPmcL._AC_UL320_.jpg,,,,,,,,,,,https://www.amazon.eg/dp/B08Q7F41GF,2026-06-07T05:56:55.360341
amazon,B0D8V9T9MZ,Generic 3 Piece Silicone Applicator Set Includes(Spoon + Spatula + Brush) Heat Resistant Non-Stick Kitchen Cooking Tools,,AR-Kitchen-Tools,EGP 120.00,,,4.2,,,,,,,https://m.media-amazon.com/images/I/51vLBNUrUsL._AC_UL320_.jpg,https://m.media-amazon.com/images/I/51vLBNUrUsL._AC_UL320_.jpg,,,,,,,,,,,https://www.amazon.eg/dp/B0D8V9T9MZ,2026-06-07T05:56:55.360857
amazon,B08VNHV91P,Neoflam kitchen tools silicone 2 pcs brush set 7.5x3.5cm / 20.5x4cm,,AR-Kitchen-Tools,EGP 220.00,EGP 239.00,,4.7,List:,,,,,,https://m.media-amazon.com/images/I/61KCeLbVVCL._AC_UL320_.jpg,https://m.media-amazon.com/images/I/61KCeLbVVCL._AC_UL320_.jpg,,,,,,,,,,,https://www.amazon.eg/dp/B08VNHV91P,2026-06-07T05:56:55.361494
amazon,B0F1D4B3JT,"Thermal Silicone Kitchen Utensil Set, Colorful Dots Silicone Kitchen Utensil Set of 7, Clear Colorful Spoon, Non-Stick Spoon Cooking Utensils Set, Kitchen Tools",,AR-Kitchen-Tools,EGP 399.00,,,4.8,,,,,,,https://m.media-amazon.com/images/I/51nZ2HxHCFL._AC_UL320_.jpg,https://m.media-amazon.com/images/I/51nZ2HxHCFL._AC_UL320_.jpg,,,,,,,,,,,https://www.amazon.eg/dp/B0F1D4B3JT,2026-06-07T05:56:55.362004
amazon,B0F2DVB6JD,Multi-Purpose Kitchen Tool - Versatile Stainless Steel Cake Slicer Designed for Perfectly Even Cake Slices Every Time,,AR-Kitchen-Tools,EGP 180.00,,,2.6,,,,,,,https://m.media-amazon.com/images/I/71+JX3qetVL._AC_UL320_.jpg,https://m.media-amazon.com/images/I/71+JX3qetVL._AC_UL320_.jpg,,,,,,,,,,,https://www.amazon.eg/dp/B0F2DVB6JD,2026-06-07T05:56:55.362557
amazon,B0H2QY4JPX,12 Pieces Silicone Spatula Set with Wooden Handles Kitchen Spatula Turner Tongs Wooden Handles with Stand (White),,AR-Kitchen-Tools,EGP 275.00,,,,,,,,,,https://m.media-amazon.com/images/I/61G9uM8IUBL._AC_UL320_.jpg,https://m.media-amazon.com/images/I/61G9uM8IUBL._AC_UL320_.jpg,,,,,,,,,,,https://www.amazon.eg/dp/B0H2QY4JPX,2026-06-07T05:56:55.363008
amazon,B091JTNMY8,"Collapsible Colander, Silicone Washing Basket Strainer, Drainer with Handle Kitchen Tool",,AR-Kitchen-Tools,EGP 185.00,,,4.2,,,,,,,https://m.media-amazon.com/images/I/515BraT5XXL._AC_UL320_.jpg,https://m.media-amazon.com/images/I/515BraT5XXL._AC_UL320_.jpg,,,,,,,,,,,https://www.amazon.eg/dp/B091JTNMY8,2026-06-07T05:56:55.364070
amazon,B07XC17PZN,"HANSGO Wooden Kitchen Cooking Utensils Set, 6 Pcs Wooden Spoons & Spatula Kitchen Cooking Tools for Nonstick Cookware and Work",,AR-Kitchen-Tools,EGP 174.00,,,4.1,,,,,,,https://m.media-amazon.com/images/I/518y2glh2GL._AC_UL320_.jpg,https://m.media-amazon.com/images/I/518y2glh2GL._AC_UL320_.jpg,,,,,,,,,,,https://www.amazon.eg/dp/B07XC17PZN,2026-06-07T05:56:55.365157
amazon,B0FFMV7K7G,19 Pcs Kitchen Utensils Spatula Knife Kitchen Spoon Gadgets Kitchen Gadgets Silicone Whisk Accessory Wooden Stand (grey),,AR-Kitchen-Tools,EGP 479.90,,,2.0,,,,,,,https://m.media-amazon.com/images/I/51l+as01EpL._AC_UL320_.jpg,https://m.media-amazon.com/images/I/51l+as01EpL._AC_UL320_.jpg,,,,,,,,,,,https://www.amazon.eg/dp/B0FFMV7K7G,2026-06-07T05:56:55.365685
amazon,B0BLBYWCVL,"14 Pcs Silicone Cooking Utensils Kitchen Utensil Set - 446°F Heat Resistant,Turner Tongs,Spatula,Spoon,Brush,Whisk, Wooden Handles Pink Kitchen Gadgets Tools Set for Nonstick Cookware (BPA Free)",,AR-Kitchen-Tools,EGP 360.53,EGP 369.99,,4.4,List:,,,,,,https://m.media-amazon.com/images/I/710IIbS7ofL._AC_UL320_.jpg,https://m.media-amazon.com/images/I/710IIbS7ofL._AC_UL320_.jpg,,,,,,,,,,,https://www.amazon.eg/dp/B0BLBYWCVL,2026-06-07T05:56:55.366321
amazon,B0CM989SCP,"Cooking Utensils Set,19 Kitchen Set Utensils Set with 11 Pieces Spatula Cooking Utensils,Heat Resistant Silicone Utensils 6 Piece Sharp Knife Set 2 Pieces Utensil Cutting Board (Black 19 PCS Set)",,AR-Kitchen-Tools,EGP 895.00,,,3.3,,,,,,,https://m.media-amazon.com/images/I/711KbGadoKL._AC_UL320_.jpg,https://m.media-amazon.com/images/I/711KbGadoKL._AC_UL320_.jpg,,,,,,,,,,,https://www.amazon.eg/dp/B0CM989SCP,2026-06-07T05:56:55.366821
amazon,B0F1Z378HP,"Silicone Cooking Utensils Set with Wooden Handle, 12 Pieces Silicone Cooking Utensils Set for Nonstick Cookware, Heat Resistant Spatula/Whisk/Tongs/Slotted Turner (Green)",,AR-Kitchen-Tools,EGP 335.00,,,2.0,,,,,,,https://m.media-amazon.com/images/I/61LWYZ1-BcL._AC_UL320_.jpg,https://m.media-amazon.com/images/I/61LWYZ1-BcL._AC_UL320_.jpg,,,,,,,,,,,https://www.amazon.eg/dp/B0F1Z378HP,2026-06-07T05:56:55.367381
amazon,B091DC6B14,Multi Use Plastic Hanging Basket (Grey),,AR-Kitchen-Tools,EGP 150.00,,,4.0,,,,,,,https://m.media-amazon.com/images/I/51BYgmaNSGL._AC_UL320_.jpg,https://m.media-amazon.com/images/I/51BYgmaNSGL._AC_UL320_.jpg,,,,,,,,,,,https://www.amazon.eg/dp/B091DC6B14,2026-06-07T05:56:55.367884
amazon,B0D64FYN75,"Kitchen Oil Sprayer, Olive Oil Mister, Olive Oil Dispenser Bottle, Air Fryer Accessories, Canola Oil Sprayer, Perfect for Making Salads, Now at Al-Israa (White)",,AR-Kitchen-Tools,EGP 82.46,,,1.0,,,,,,,https://m.media-amazon.com/images/I/61117ZQKbrL._AC_UL320_.jpg,https://m.media-amazon.com/images/I/61117ZQKbrL._AC_UL320_.jpg,,,,,,,,,,,https://www.amazon.eg/dp/B0D64FYN75,2026-06-07T05:56:55.368422
amazon,B09V9F224Z,Silicone Stainless Steel Handle Cooking Salad Serving Tongs Kitchen Utensil Roseyuturoaa58489,,AR-Kitchen-Tools,EGP 199.00,,,,,,,,,,https://m.media-amazon.com/images/I/310+51-NKcL._AC_UL320_.jpg,https://m.media-amazon.com/images/I/310+51-NKcL._AC_UL320_.jpg,,,,,,,,,,,https://www.amazon.eg/dp/B09V9F224Z,2026-06-07T05:56:55.368858
amazon,B08XQ8DWYL,"Silicone distribution kit for kitchen - red with wooden handles, 12 pieces",,AR-Kitchen-Tools,EGP 342.59,,,3.0,,,,,,,https://m.media-amazon.com/images/I/71leYiVEKgL._AC_UL320_.jpg,https://m.media-amazon.com/images/I/71leYiVEKgL._AC_UL320_.jpg,,,,,,,,,,,https://www.amazon.eg/dp/B08XQ8DWYL,2026-06-07T05:56:55.369399
amazon,B0CBFWJ5JX,Oblivion Plastic Deer/Antlers Jewelry Holder Deer Tree | Creative Sika Deer Tree Tray Display Stand Holder (Black),,AR-Kitchen-Tools,EGP 75.00,,,2.6,,,,,,,https://m.media-amazon.com/images/I/61N-s8KeXzL._AC_UL320_.jpg,https://m.media-amazon.com/images/I/61N-s8KeXzL._AC_UL320_.jpg,,,,,,,,,,,https://www.amazon.eg/dp/B0CBFWJ5JX,2026-06-07T05:56:55.369909
amazon,B07VZM7VCZ,"Henshow kitchen utensils sets silicone, 12pieces - nonstick non scratch cookware kitchen tool with wooden handle (Mint color) ‎4 x 4 x 2 cm , Small",,AR-Kitchen-Tools,EGP 285.00,,,3.1,,,,,,,https://m.media-amazon.com/images/I/714Mw3dp+CS._AC_UL320_.jpg,https://m.media-amazon.com/images/I/714Mw3dp+CS._AC_UL320_.jpg,,,,,,,,,,,https://www.amazon.eg/dp/B07VZM7VCZ,2026-06-07T05:56:55.370453
amazon,B08CVSN8T1,AWH 12PCS Kitchen Utensil Set Silicone Cooking Utensils Kit Spatula Heat Resistant Wooden Spoons Gadgets Tool for Non-Stick Cookware Assorted Colors - Assorted Colors,,AR-Kitchen-Tools,EGP 425.00,EGP 450.00,,3.4,List:,,,,,,https://m.media-amazon.com/images/I/61XuIsyH+8L._AC_UL320_.jpg,https://m.media-amazon.com/images/I/61XuIsyH+8L._AC_UL320_.jpg,,,,,,,,,,,https://www.amazon.eg/dp/B08CVSN8T1,2026-06-07T05:56:55.371071
amazon,B0CBGFVLZB,Portable Scale LCD Display Digital Hanging Luggage Fishing Hook Scale Battery Powered Light Blue Mini Scale Kitchen Scales Tool156816,,AR-Kitchen-Tools,EGP 220.00,,,,,,,,,,https://m.media-amazon.com/images/I/51XQwI55P2L._AC_UL320_.jpg,https://m.media-amazon.com/images/I/51XQwI55P2L._AC_UL320_.jpg,,,,,,,,,,,https://www.amazon.eg/dp/B0CBGFVLZB,2026-06-07T05:56:55.371590
amazon,B0B1ZWR96C,yuinate Oil Spray Bottle Pump Barbecue Oil Sprayer Household Glass Olive Oil Sprayer Dispenser Kitchen Cooking Tools,,AR-Kitchen-Tools,EGP 69.00,,,5.0,,,,,,,https://m.media-amazon.com/images/I/41uWKlnf6ML._AC_UL320_.jpg,https://m.media-amazon.com/images/I/41uWKlnf6ML._AC_UL320_.jpg,,,,,,,,,,,https://www.amazon.eg/dp/B0B1ZWR96C,2026-06-07T05:56:55.372168
amazon,B0DH6TWD3B,"Multifunctional Shoe Cleaning Brush with Built-in Liquid Reservoir, Liquid Cleaning Brush Shoes Cleaning Tools for Clothes",,AR-Kitchen-Tools,EGP 34.00,,,3.8,,,,,,,https://m.media-amazon.com/images/I/41-nr9bwlVL._AC_UL320_.jpg,https://m.media-amazon.com/images/I/41-nr9bwlVL._AC_UL320_.jpg,,,,,,,,,,,https://www.amazon.eg/dp/B0DH6TWD3B,2026-06-07T05:56:55.372695
amazon,B0F11BN9LZ,"Rana Store Detachable Travel Bag Foldable Bag with Multiple Pockets and Hooks Used as Shower Bag or Makeup Bag for Cosmetics, Kitchen Gadgets - Green",,AR-Kitchen-Tools,EGP 88.00,,,,,,,,,,https://m.media-amazon.com/images/I/51WTM22+PYL._AC_UL320_.jpg,https://m.media-amazon.com/images/I/51WTM22+PYL._AC_UL320_.jpg,,,,,,,,,,,https://www.amazon.eg/dp/B0F11BN9LZ,2026-06-07T05:56:55.373179
amazon,B09573KSN6,"Glass Eye Dropper Dispenser for Essential Oils, Kitchen Tools, Chemistry Lab Chemicals, Colognes, Amber, 30 ml (1oz) Essential Oils (6 Pack)",,AR-Kitchen-Tools,EGP 194.00,,,2.8,,,,,,,https://m.media-amazon.com/images/I/61Il122PHjL._AC_UL320_.jpg,https://m.media-amazon.com/images/I/61Il122PHjL._AC_UL320_.jpg,,,,,,,,,,,https://www.amazon.eg/dp/B09573KSN6,2026-06-07T05:56:55.373699
amazon,B0G54BN767,"Cleaning Accessory - Modern Soap and Sponge Dispenser Combo for Kitchen Surfaces, Convenient 12.5 Ounce Capacity for Dishwashing",,AR-Kitchen-Tools,EGP 285.69,,,,,,,,,,https://m.media-amazon.com/images/I/71y7jo39LxL._AC_UL320_.jpg,https://m.media-amazon.com/images/I/71y7jo39LxL._AC_UL320_.jpg,,,,,,,,,,,https://www.amazon.eg/dp/B0G54BN767,2026-06-07T05:56:55.374179
amazon,B07ZWL8PJQ,"iDesign Crisp Plastic Stadium Spice Rack, 3-Tier Organizer for Kitchen Pantry, Cabinet, Countertops, Vanity, Office, Craft Room, 9.6"" x 0.55"" x 3.47""",,AR-Kitchen-Tools,EGP 145.00,EGP 186.00,,4.2,List:,,,,,,https://m.media-amazon.com/images/I/71PdzmT5rVL._AC_UL320_.jpg,https://m.media-amazon.com/images/I/71PdzmT5rVL._AC_UL320_.jpg,,,,,,,,,,,https://www.amazon.eg/dp/B07ZWL8PJQ,2026-06-07T05:56:59.049816
amazon,B0B6QR965B,"KASTWAVE Electronic 50Kgs Digital Luggage Weighing Scale, weight machine for Home kitchen Digital weighing hook scale, Kitchen weighing scale kitchen, Weight machine, kitchen scale(Black)",,AR-Kitchen-Tools,EGP 170.94,,,4.1,,,,,,,https://m.media-amazon.com/images/I/617GD8ZDnHL._AC_UL320_.jpg,https://m.media-amazon.com/images/I/617GD8ZDnHL._AC_UL320_.jpg,,,,,,,,,,,https://www.amazon.eg/dp/B0B6QR965B,2026-06-07T05:56:59.050394
amazon,B0F8R49CHL,"Practical Mrillito - WaterProof Kitchen Craft Apron with Large Pocket and Double Sided Velvet Towels, Ideal for Unisex and Multiple Uses Generic",,AR-Kitchen-Tools,EGP 133.47,,,,,,,,,,https://m.media-amazon.com/images/I/513qjav4ALL._AC_UL320_.jpg,https://m.media-amazon.com/images/I/513qjav4ALL._AC_UL320_.jpg,,,,,,,,,,,https://www.amazon.eg/dp/B0F8R49CHL,2026-06-07T05:56:59.050854
amazon,B0GW4BGFYF,Steel Kitchen Spray Bottle With Pump Leak Proof Suitable For Cooking BBQ Tools Multicolour,,AR-Kitchen-Tools,,,,,,,,,,,https://m.media-amazon.com/images/I/41cBMiqnOkL._AC_UL320_.jpg,https://m.media-amazon.com/images/I/41cBMiqnOkL._AC_UL320_.jpg,,,,,,,,,,,https://www.amazon.eg/dp/B0GW4BGFYF,2026-06-07T05:56:59.051588
amazon,B0FX55PSWX,"Water Spray Bottle 500ml Empty Plastic Spray Bottle for Cleaning Bathroom Kitchen Plants Car Washing Refillable Mist Sprayer Hand Pressed Gardening Cleaning Tool, 2 Pcs",,AR-Kitchen-Tools,EGP 117.35,,,,,,,,,,https://m.media-amazon.com/images/I/312sCzJzkSL._AC_UL320_.jpg,https://m.media-amazon.com/images/I/312sCzJzkSL._AC_UL320_.jpg,,,,,,,,,,,https://www.amazon.eg/dp/B0FX55PSWX,2026-06-07T05:56:59.052078
amazon,B0FS8YH45K,"Bag Carrier - Triple pack of reusable handles with cushioned silicone grips, non-slip design for pain-free carrying of heavy shopping bags, protective kitchen gadgets in bright assorted tones",,AR-Kitchen-Tools,EGP 511.00,,,,,,,,,,https://m.media-amazon.com/images/I/518xvN15nYL._AC_UL320_.jpg,https://m.media-amazon.com/images/I/518xvN15nYL._AC_UL320_.jpg,,,,,,,,,,,https://www.amazon.eg/dp/B0FS8YH45K,2026-06-07T05:56:59.052529
amazon,B0FS8PKJNB,"Kitchen Tool - Pack of 3 multifunctional grocery bag carriers featuring padded silicone grips with secure key slot, reduce pressure on hands, slip-resistant design for safe easy shopping use fun color",,AR-Kitchen-Tools,EGP 511.00,,,,,,,,,,https://m.media-amazon.com/images/I/31Ivb8SrFIL._AC_UL320_.jpg,https://m.media-amazon.com/images/I/31Ivb8SrFIL._AC_UL320_.jpg,,,,,,,,,,,https://www.amazon.eg/dp/B0FS8PKJNB,2026-06-07T05:56:59.052972
amazon,B0GT2TVHSJ,"Home Care TT-294 Bamboo Organizer with 3 Spice Jars Elegant Kitchen Storage, Pack of 1 - Bamboo",,AR-Kitchen-Tools,,,,,,,,,,,https://m.media-amazon.com/images/I/519Id5GZ20L._AC_UL320_.jpg,https://m.media-amazon.com/images/I/519Id5GZ20L._AC_UL320_.jpg,,,,,,,,,,,https://www.amazon.eg/dp/B0GT2TVHSJ,2026-06-07T05:56:59.053418
amazon,B0D3JDHMXN,"Portal Multifunctional Household Cleaning Brushes, Soft Wash Brush with Soap Dispenser for Bathroom Kitchen - Multicolor",,AR-Kitchen-Tools,EGP 34.40,,,,,,,,,,https://m.media-amazon.com/images/I/61gUPWgMrqL._AC_UL320_.jpg,https://m.media-amazon.com/images/I/61gUPWgMrqL._AC_UL320_.jpg,,,,,,,,,,,https://www.amazon.eg/dp/B0D3JDHMXN,2026-06-07T05:56:59.053870
amazon,B091CJVMFM,Other Kitchen Bag Clips - Set of 10 White Plastic Pieces,,AR-Kitchen-Tools,EGP 179.00,,,4.4,,,,,,,https://m.media-amazon.com/images/I/51QZe4jDlKL._AC_UL320_.jpg,https://m.media-amazon.com/images/I/51QZe4jDlKL._AC_UL320_.jpg,,,,,,,,,,,https://www.amazon.eg/dp/B091CJVMFM,2026-06-07T05:56:59.054437
amazon,B0BJTF9P1P,"2Pcs Multifunctional Liquid Shoe Cleaning Brush with Soap Dispenser, Shoe Laundry Brush Scrub Brushes for Cleaning, Soft Bristle Cleaning Brushes for Household Use Bathroom Kitchen (Green, White)",,AR-Kitchen-Tools,EGP 69.26,,,3.9,,,,,,,https://m.media-amazon.com/images/I/61pTpdRE0fL._AC_UL320_.jpg,https://m.media-amazon.com/images/I/61pTpdRE0fL._AC_UL320_.jpg,,,,,,,,,,,https://www.amazon.eg/dp/B0BJTF9P1P,2026-06-07T05:56:59.054960
amazon,B0GWP1W7TS,Stainless Steel Kitchen Spray Bottle With Pump Leak Proof Suitable For Cooking BBQ Tools Multicolour,,AR-Kitchen-Tools,,,,,,,,,,,https://m.media-amazon.com/images/I/41cBMiqnOkL._AC_UL320_.jpg,https://m.media-amazon.com/images/I/41cBMiqnOkL._AC_UL320_.jpg,,,,,,,,,,,https://www.amazon.eg/dp/B0GWP1W7TS,2026-06-07T05:56:59.055412
amazon,B0GZL7Z2VS,مريلة مطبخ خفيفة ومريحة بأكمام طويلة مع جيب واسع وسهلة التنظيف – Comfortable Lightweight Kitchen Apron Long Sleeve Easy Clean with Pocket,,AR-Kitchen-Tools,EGP 379.00,,,,,,,,,,https://m.media-amazon.com/images/I/61IJHav72ZL._AC_UL320_.jpg,https://m.media-amazon.com/images/I/61IJHav72ZL._AC_UL320_.jpg,,,,,,,,,,,https://www.amazon.eg/dp/B0GZL7Z2VS,2026-06-07T05:56:59.055866
amazon,B0GHS34YM3,"Home Bag Holder - Sturdy, Colorful Organizer for Reusable Bags, Designed for Kitchen, Car, or Restaurant, Compact and Easy to Store, Two-Piece Set (packet-1)",,AR-Kitchen-Tools,EGP 210.00,,,,,,,,,,https://m.media-amazon.com/images/I/61rFvzDlceL._AC_UL320_.jpg,https://m.media-amazon.com/images/I/61rFvzDlceL._AC_UL320_.jpg,,,,,,,,,,,https://www.amazon.eg/dp/B0GHS34YM3,2026-06-07T05:56:59.056339
amazon,B0GZL42LY3,مريلة مطبخ عملية بأكمام طويلة تمنع الاتساخ مع جيب أمامي متعدد الاستخدام – Practical Long Sleeve Kitchen Apron Anti Stain with Multi Use Pocket,,AR-Kitchen-Tools,EGP 377.34,,,,,,,,,,https://m.media-amazon.com/images/I/61IJHav72ZL._AC_UL320_.jpg,https://m.media-amazon.com/images/I/61IJHav72ZL._AC_UL320_.jpg,,,,,,,,,,,https://www.amazon.eg/dp/B0GZL42LY3,2026-06-07T05:56:59.056780
amazon,B0GZL4W5KS,مريلة مطبخ احترافية مقاومة للماء بأكمام طويلة مع تصميم مريح وفوط جانبية – Professional Waterproof Kitchen Apron Long Sleeve with Side Towels,,AR-Kitchen-Tools,EGP 377.77,,,,,,,,,,https://m.media-amazon.com/images/I/61IJHav72ZL._AC_UL320_.jpg,https://m.media-amazon.com/images/I/61IJHav72ZL._AC_UL320_.jpg,,,,,,,,,,,https://www.amazon.eg/dp/B0GZL4W5KS,2026-06-07T05:56:59.057252
amazon,B0CZPMD3FB,"Rosa FM Nogoum Coup 7-Piece Set, White/Blue/Silver",,AR-Kitchen-Tools,"EGP 1,398.99",,,,,,,,,,https://m.media-amazon.com/images/I/412p8+nqz2L._AC_UL320_.jpg,https://m.media-amazon.com/images/I/412p8+nqz2L._AC_UL320_.jpg,,,,,,,,,,,https://www.amazon.eg/dp/B0CZPMD3FB,2026-06-07T05:56:59.057715
amazon,B08RNYQ4Q3,"Garlic Clove Cube Press Tool,Green&White ABS Plastic with Stripes&grids Two Removable Stainless Steel Blades Minces&Slices Chop,Crush or Dice Garlic&Herbs Dishwasher Safe (Green)",,AR-Kitchen-Tools,,,,,,,,,,,https://m.media-amazon.com/images/I/61rWmZOqbAL._AC_UL320_.jpg,https://m.media-amazon.com/images/I/61rWmZOqbAL._AC_UL320_.jpg,,,,,,,,,,,https://www.amazon.eg/dp/B08RNYQ4Q3,2026-06-07T05:56:59.058222
amazon,B0GZFD9FW9,طقم زجاجه توزيع بغطاء للتسرب و خامة عالية الجودة سهلة التنظيف مناسبة للمطبخ السفر للرحلات,,AR-Kitchen-Tools,EGP 185.00,,,,,,,,,,https://m.media-amazon.com/images/I/51Uzhe5yt4L._AC_UL320_.jpg,https://m.media-amazon.com/images/I/51Uzhe5yt4L._AC_UL320_.jpg,,,,,,,,,,,https://www.amazon.eg/dp/B0GZFD9FW9,2026-06-07T05:56:59.058681
amazon,B0GT3ZNDWY,Spice Set 12 Jars with Stand and label,,AR-Kitchen-Tools,,,,,,,,,,,https://m.media-amazon.com/images/I/51Z+-ZN7LgL._AC_UL320_.jpg,https://m.media-amazon.com/images/I/51Z+-ZN7LgL._AC_UL320_.jpg,,,,,,,,,,,https://www.amazon.eg/dp/B0GT3ZNDWY,2026-06-07T05:56:59.059167
amazon,B0GWNTKN66,"Kitchen Essential Oil Spray Bottle for Air Fryer, Vegetables, Vinegar, Oil, Mini Tool for Baking, Salad Decoration, BBQ, Roasting Tasks, Best Product Supplier Pegui Bell (1)",,AR-Kitchen-Tools,,,,,,,,,,,https://m.media-amazon.com/images/I/81jLN-TAcGL._AC_UL320_.jpg,https://m.media-amazon.com/images/I/81jLN-TAcGL._AC_UL320_.jpg,,,,,,,,,,,https://www.amazon.eg/dp/B0GWNTKN66,2026-06-07T05:56:59.059592
amazon,B0CB4DB63W,"Bager Aqua Jar 300 Cc, Pink",,AR-Kitchen-Tools,EGP 61.05,,,4.0,,,,,,,https://m.media-amazon.com/images/I/31x50IYQDAL._AC_UL320_.jpg,https://m.media-amazon.com/images/I/31x50IYQDAL._AC_UL320_.jpg,,,,,,,,,,,https://www.amazon.eg/dp/B0CB4DB63W,2026-06-07T05:56:59.060161
amazon,B0GZFS7PFF,"Kitchen Dispenser Set, Easy Press Design Flexible Material Suitable for Daily Use Indoor and Restaurant",,AR-Kitchen-Tools,EGP 185.00,,,,,,,,,,https://m.media-amazon.com/images/I/61QQeJ1gU-L._AC_UL320_.jpg,https://m.media-amazon.com/images/I/61QQeJ1gU-L._AC_UL320_.jpg,,,,,,,,,,,https://www.amazon.eg/dp/B0GZFS7PFF,2026-06-07T05:56:59.060609
amazon,B0GZFPZ2VB,"Kitchen Bottle Set, Multi-Use Easy Dispensing Flexible Material and Stylish Design, Suitable for Daily Use and Organization",,AR-Kitchen-Tools,EGP 185.00,,,,,,,,,,https://m.media-amazon.com/images/I/519PS0rLNcL._AC_UL320_.jpg,https://m.media-amazon.com/images/I/519PS0rLNcL._AC_UL320_.jpg,,,,,,,,,,,https://www.amazon.eg/dp/B0GZFPZ2VB,2026-06-07T05:56:59.061103
amazon,B0GT34KJKZ,"winnerplast Winner plast spice jar set - 8 pieces, assorted colors",,AR-Kitchen-Tools,,,,,,,,,,,https://m.media-amazon.com/images/I/61pbLeQtJ2L._AC_UL320_.jpg,https://m.media-amazon.com/images/I/61pbLeQtJ2L._AC_UL320_.jpg,,,,,,,,,,,https://www.amazon.eg/dp/B0GT34KJKZ,2026-06-07T05:56:59.061522
amazon,B0CB4DRHVY,"Bager Aqua Double Bottom Jar 500 Cc, Pink",,AR-Kitchen-Tools,EGP 67.26,,,5.0,,,,,,,https://m.media-amazon.com/images/I/41pOAkxrf3L._AC_UL320_.jpg,https://m.media-amazon.com/images/I/41pOAkxrf3L._AC_UL320_.jpg,,,,,,,,,,,https://www.amazon.eg/dp/B0CB4DRHVY,2026-06-07T05:56:59.062085
amazon,B0FS89JXZX,"Shopping Grip - Three-piece set of soft padded silicone lifting handles with integrated key slot, protective tool to ease carrying grocery bags, non-slip comfort kitchen essential, colorful pack",,AR-Kitchen-Tools,EGP 511.00,,,,,,,,,,https://m.media-amazon.com/images/I/517TtJoJe8L._AC_UL320_.jpg,https://m.media-amazon.com/images/I/517TtJoJe8L._AC_UL320_.jpg,,,,,,,,,,,https://www.amazon.eg/dp/B0FS89JXZX,2026-06-07T05:56:59.062537
amazon,B00CFIDC3M,"Zeller Snack Board 31x1,5cm, Wood, Beige, 31 x 1.5 x 10 cm",,AR-Kitchen-Tools,,,,4.0,,,,,,,https://m.media-amazon.com/images/I/51g66ivZcAL._AC_UL320_.jpg,https://m.media-amazon.com/images/I/51g66ivZcAL._AC_UL320_.jpg,,,,,,,,,,,https://www.amazon.eg/dp/B00CFIDC3M,2026-06-07T05:56:59.063045
amazon,B0GZFFWFGK,"Sauce Bottle Set, Multifunctional Oil Dispenser Bottle Set, Leak-Proof Practical Kitchen Picnic Coffee Bottle 2 Different Colors Capacity Daily Use",,AR-Kitchen-Tools,EGP 185.00,,,,,,,,,,https://m.media-amazon.com/images/I/21RJJ78uLGL._AC_UL320_.jpg,https://m.media-amazon.com/images/I/21RJJ78uLGL._AC_UL320_.jpg,,,,,,,,,,,https://www.amazon.eg/dp/B0GZFFWFGK,2026-06-07T05:56:59.063494
amazon,B0G524R8WX,"Woven it - Cotton round mixed Black & Beige small Basket 14cm x 7cm, storage basket & organizer.Can be used in Kitchen,Dining Room,Living room,Bed room,Kids Room,Bathroom,Indoor &outdoor.",,AR-Kitchen-Tools,EGP 195.00,,,,,,,,,,https://m.media-amazon.com/images/I/71AwD39fYTL._AC_UL320_.jpg,https://m.media-amazon.com/images/I/71AwD39fYTL._AC_UL320_.jpg,,,,,,,,,,,https://www.amazon.eg/dp/B0G524R8WX,2026-06-07T05:56:59.063940
amazon,B0CB4DLFDQ,"Bager Tulip Jar 425 Cc, Pink",,AR-Kitchen-Tools,EGP 74.17,,,,,,,,,,https://m.media-amazon.com/images/I/31V7iAhTq2L._AC_UL320_.jpg,https://m.media-amazon.com/images/I/31V7iAhTq2L._AC_UL320_.jpg,,,,,,,,,,,https://www.amazon.eg/dp/B0CB4DLFDQ,2026-06-07T05:56:59.064429
amazon,B0GT2BS1HL,"Glass Mason Jar with Wooden Lid, Daisy Pattern, Good Morning Design, Insulated Drinking Cup with Straw",,AR-Kitchen-Tools,,,,,,,,,,,https://m.media-amazon.com/images/I/41tjZZA9yLL._AC_UL320_.jpg,https://m.media-amazon.com/images/I/41tjZZA9yLL._AC_UL320_.jpg,,,,,,,,,,,https://www.amazon.eg/dp/B0GT2BS1HL,2026-06-07T05:56:59.064841
amazon,B0CB4BY4D7,"Bager Aqua Double Bottom Jar 750 Cc, Pink",,AR-Kitchen-Tools,EGP 82.93,,,5.0,,,,,,,https://m.media-amazon.com/images/I/41xPtdSmpZL._AC_UL320_.jpg,https://m.media-amazon.com/images/I/41xPtdSmpZL._AC_UL320_.jpg,,,,,,,,,,,https://www.amazon.eg/dp/B0CB4BY4D7,2026-06-07T05:56:59.065399
amazon,B0FXHS7HXG,"Cleaning Gear - Home apron made from strong waterproof material with elegant design and large pocket, ideal for washing tasks and household chores, lightweight and quick to dry",,AR-Kitchen-Tools,EGP 332.80,,,,,,,,,,https://m.media-amazon.com/images/I/51EZvaVdkCL._AC_UL320_.jpg,https://m.media-amazon.com/images/I/51EZvaVdkCL._AC_UL320_.jpg,,,,,,,,,,,https://www.amazon.eg/dp/B0FXHS7HXG,2026-06-07T05:56:59.065854
amazon,B0GT42QMSW,"Glass Jar with Wooden Lid, 250ml - Clear",,AR-Kitchen-Tools,,,,,,,,,,,https://m.media-amazon.com/images/I/81b4Z6AQMHL._AC_UL320_.jpg,https://m.media-amazon.com/images/I/81b4Z6AQMHL._AC_UL320_.jpg,,,,,,,,,,,https://www.amazon.eg/dp/B0GT42QMSW,2026-06-07T05:56:59.066298
amazon,B0GT361N9X,"Glass Jar with Wooden Lid, 250ml - Clear",,AR-Kitchen-Tools,,,,,,,,,,,https://m.media-amazon.com/images/I/81b4Z6AQMHL._AC_UL320_.jpg,https://m.media-amazon.com/images/I/81b4Z6AQMHL._AC_UL320_.jpg,,,,,,,,,,,https://www.amazon.eg/dp/B0GT361N9X,2026-06-07T05:56:59.066721
amazon,B091CHW2JH,Gagafeel Portable Handy Mini Heat Sealing Machine Packing Plastic Bag Mini Bag Sealer Household Tools,,AR-Kitchen-Tools,EGP 152.88,,,1.0,,,,,,,https://m.media-amazon.com/images/I/41lOJfcTVfL._AC_UL320_.jpg,https://m.media-amazon.com/images/I/41lOJfcTVfL._AC_UL320_.jpg,,,,,,,,,,,https://www.amazon.eg/dp/B091CHW2JH,2026-06-07T05:56:59.067270
amazon,B0FVVPKBRK,"Bamboo Organizer - Multi-Layer Adjustable Storage Rack for Desk, Kitchen, or Bathroom with Modern Minimalist Design, Smooth Finish, and Easy Assembly without Tools",,AR-Kitchen-Tools,EGP 284.00,,,,,,,,,,https://m.media-amazon.com/images/I/7153biyQ09L._AC_UL320_.jpg,https://m.media-amazon.com/images/I/7153biyQ09L._AC_UL320_.jpg,,,,,,,,,,,https://www.amazon.eg/dp/B0FVVPKBRK,2026-06-07T05:56:59.067710
amazon,B0GY25PKSY,"Double Pocket Chef Apron - Heavy-duty waterproof PVC apron with built-in coral fleece towels, two spacious front pockets, and ergonomic adjustable straps for all genders in kitchen and home use.",,AR-Kitchen-Tools,EGP 264.00,,,,,,,,,,https://m.media-amazon.com/images/I/61zZCDbnLmL._AC_UL320_.jpg,https://m.media-amazon.com/images/I/61zZCDbnLmL._AC_UL320_.jpg,,,,,,,,,,,https://www.amazon.eg/dp/B0GY25PKSY,2026-06-07T05:56:59.068173
amazon,B0GYF2LY31,"Long Sleeve Apron for Kitchen, Waterproof Cooking Apron with Pocket and Towels for Cleaning and Baking – مريلة مطبخ عملية للحماية الكاملة أثناء الشغل",,AR-Kitchen-Tools,EGP 375.00,,,,,,,,,,https://m.media-amazon.com/images/I/61IJHav72ZL._AC_UL320_.jpg,https://m.media-amazon.com/images/I/61IJHav72ZL._AC_UL320_.jpg,,,,,,,,,,,https://www.amazon.eg/dp/B0GYF2LY31,2026-06-07T05:56:59.068610
amazon,B0D4MDZ9FW,Copper Sparta Large Size,,AR-Kitchen-Tools,EGP 425.00,,,,,,,,,,https://m.media-amazon.com/images/I/71RS0cPkDVL._AC_UL320_.jpg,https://m.media-amazon.com/images/I/71RS0cPkDVL._AC_UL320_.jpg,,,,,,,,,,,https://www.amazon.eg/dp/B0D4MDZ9FW,2026-06-07T05:56:59.069092
amazon,B0BTM5HT73,"Hbluefat 2pcs Gold Stainless Steel Tray for Serving Decorative Gold Jewelry Bar Jewelry Dish Key Bowl Mirror Dresser Decor Coffee Fruit Metal Perfume Trim Storage Dessert(Gold,Round 12'')' (Golden)",,AR-Kitchen-Tools,EGP 179.00,EGP 195.00,,3.4,Was:,,,,,,https://m.media-amazon.com/images/I/61SJy5DL0EL._AC_UL320_.jpg,https://m.media-amazon.com/images/I/61SJy5DL0EL._AC_UL320_.jpg,,,,,,,,,,,https://www.amazon.eg/dp/B0BTM5HT73,2026-06-07T05:56:59.069783
amazon,B0GXKPWC54,"Front Pocket Apron with Attached Hand Towels - Soft Pink Cartoon Print, Comfortable Fit for Daily Kitchen Tasks, Easy to Clean and Long-Lasting Fabric",,AR-Kitchen-Tools,EGP 288.00,,,,,,,,,,https://m.media-amazon.com/images/I/51ARJC8hX-L._AC_UL320_.jpg,https://m.media-amazon.com/images/I/51ARJC8hX-L._AC_UL320_.jpg,,,,,,,,,,,https://www.amazon.eg/dp/B0GXKPWC54,2026-06-07T05:56:59.070270
amazon,B0G7K55WP2,"Side-Towel Apron - Practical kitchen protector with towels on both sides, waterproof and oil-resistant, one-piece, yellow finish, great for cooking, baking, and grilling.",,AR-Kitchen-Tools,EGP 325.60,,,,,,,,,,https://m.media-amazon.com/images/I/61b9rqdwRtL._AC_UL320_.jpg,https://m.media-amazon.com/images/I/61b9rqdwRtL._AC_UL320_.jpg,,,,,,,,,,,https://www.amazon.eg/dp/B0G7K55WP2,2026-06-07T05:56:59.070709
amazon,B0GT3Z7PHP,Portal Glass Storage Jar for candies (clear),,AR-Kitchen-Tools,,,,,,,,,,,https://m.media-amazon.com/images/I/51i7gxo9b8L._AC_UL320_.jpg,https://m.media-amazon.com/images/I/51i7gxo9b8L._AC_UL320_.jpg,,,,,,,,,,,https://www.amazon.eg/dp/B0GT3Z7PHP,2026-06-07T05:56:59.071157
amazon,B0GT3QDRXK,Portal Glass Storage Jar for candies (clear),,AR-Kitchen-Tools,,,,,,,,,,,https://m.media-amazon.com/images/I/51i7gxo9b8L._AC_UL320_.jpg,https://m.media-amazon.com/images/I/51i7gxo9b8L._AC_UL320_.jpg,,,,,,,,,,,https://www.amazon.eg/dp/B0GT3QDRXK,2026-06-07T05:56:59.071570
amazon,B0BLNTKM21,"2pcs Liquid Adding Soft Fur Cleaning Brush,Multifunctional Shoe Brush with Liquid Box for Shoe Washing and Cleaning,Bathroom, Kitchen, Soft Laundry Clothes(White+Green)",,AR-Kitchen-Tools,EGP 44.29,,,3.0,,,,,,,https://m.media-amazon.com/images/I/61YIb6v25fL._AC_UL320_.jpg,https://m.media-amazon.com/images/I/61YIb6v25fL._AC_UL320_.jpg,,,,,,,,,,,https://www.amazon.eg/dp/B0BLNTKM21,2026-06-07T05:56:59.072119
amazon,B00I9FVKRK,"Bama Tepore Set 2Pieces Warm & Dry-Assorted, One Size",,AR-Kitchen-Tools,EGP 527.69,,,4.7,,,,,,,https://m.media-amazon.com/images/I/41nyqLbG18L._AC_UL320_.jpg,https://m.media-amazon.com/images/I/41nyqLbG18L._AC_UL320_.jpg,,,,,,,,,,,https://www.amazon.eg/dp/B00I9FVKRK,2026-06-07T05:56:59.072653
amazon,B0GT42D127,Portal Glass Storage Jar for candies (clear),,AR-Kitchen-Tools,,,,,,,,,,,https://m.media-amazon.com/images/I/51i7gxo9b8L._AC_UL320_.jpg,https://m.media-amazon.com/images/I/51i7gxo9b8L._AC_UL320_.jpg,,,,,,,,,,,https://www.amazon.eg/dp/B0GT42D127,2026-06-07T05:57:02.144613
amazon,B0FH1NGCL8,artistic 6 Pieces Clear White Plastic Spice Jar with Black Lid - High Quality and Healthy Plastic for Refill and Storage (Choose the Right Shape) by artistic (Model 2),,AR-Kitchen-Tools,EGP 160.00,EGP 169.00,,4.2,Was:,,,,,,https://m.media-amazon.com/images/I/61K0K7o5HvL._AC_UL320_.jpg,https://m.media-amazon.com/images/I/61K0K7o5HvL._AC_UL320_.jpg,,,,,,,,,,,https://www.amazon.eg/dp/B0FH1NGCL8,2026-06-07T05:57:02.146135
amazon,B091CLKP1N,"20 Pcs Russian Piping Tips Set - 8 Russian Piping Nozzles, 1 Silicone Icing Bag, 10 Disposable Piping Bags and 1 Tri-Color Coupler",,AR-Kitchen-Tools,EGP 283.00,,,1.0,,,,,,,https://m.media-amazon.com/images/I/610X6Aj1hUL._AC_UL320_.jpg,https://m.media-amazon.com/images/I/610X6Aj1hUL._AC_UL320_.jpg,,,,,,,,,,,https://www.amazon.eg/dp/B091CLKP1N,2026-06-07T05:57:02.146719
amazon,B07XYPKYS8,"iSPECLE Under Shelf Basket, Small 6 Pack Under Shelf Storage Hanging Shelf Basket for Pantry Cupboard Laundry Room Add Extra Space, Easy to Install, Black",,AR-Kitchen-Tools,EGP 780.00,,,4.6,,,,,,,https://m.media-amazon.com/images/I/713udcePj4L._AC_UL320_.jpg,https://m.media-amazon.com/images/I/713udcePj4L._AC_UL320_.jpg,,,,,,,,,,,https://www.amazon.eg/dp/B07XYPKYS8,2026-06-07T05:57:02.147278
amazon,B0FH1F3LKM,artistic 6 Pieces Clear White Plastic Spice Jar with Black Lid - High Quality and Healthy Plastic for Refill and Storage (Choose the Right Shape) by artistic (Model 6),,AR-Kitchen-Tools,EGP 169.00,,,4.2,,,,,,,https://m.media-amazon.com/images/I/61E1tuXpuaL._AC_UL320_.jpg,https://m.media-amazon.com/images/I/61E1tuXpuaL._AC_UL320_.jpg,,,,,,,,,,,https://www.amazon.eg/dp/B0FH1F3LKM,2026-06-07T05:57:02.147784
amazon,B0FH33KW9S,"Lux Kitchen - Upscale Apron (Material: premium quality, smart pocket, innovative design) ‍ Enjoy a stylish and comfortable cooking experience with our Apron- Generic",,AR-Kitchen-Tools,EGP 172.11,,,,,,,,,,https://m.media-amazon.com/images/I/31BrxxN6cFL._AC_UL320_.jpg,https://m.media-amazon.com/images/I/31BrxxN6cFL._AC_UL320_.jpg,,,,,,,,,,,https://www.amazon.eg/dp/B0FH33KW9S,2026-06-07T05:57:02.148300
amazon,B0F7FTY7M5,Convenient Hand Bag Holder for Catering and Transportation with Soft Silicone Layer Reduce Hand Soreness for Tote Bags and Dumpling | From Generic,,AR-Kitchen-Tools,EGP 145.00,,,,,,,,,,https://m.media-amazon.com/images/I/513NkyrCRML._AC_UL320_.jpg,https://m.media-amazon.com/images/I/513NkyrCRML._AC_UL320_.jpg,,,,,,,,,,,https://www.amazon.eg/dp/B0F7FTY7M5,2026-06-07T05:57:02.148747
amazon,B0C8JCJNBY,Urbane Home Electronic Scale | Plastic Portable Electronic Hanging Scale | Measure Tape for Tackle Bag | Luggage | Battery Operated | 50 Kg Capacity | Black,,AR-Kitchen-Tools,EGP 167.56,,,,,,,,,,https://m.media-amazon.com/images/I/51GgvgU7QvL._AC_UL320_.jpg,https://m.media-amazon.com/images/I/51GgvgU7QvL._AC_UL320_.jpg,,,,,,,,,,,https://www.amazon.eg/dp/B0C8JCJNBY,2026-06-07T05:57:02.149239
amazon,B08DTL5Z4S,TeeBetter Multifunctional Stainless Steel Basin with Grater Vegetable Cutter with Drain Basket Bowl Set 3 in 1 Cheese Grater Ginger Grater with Strainer Basin for Kitchen Washing Vegetables (26cm),,AR-Kitchen-Tools,EGP 291.99,EGP 328.78,,3.9,Another way to buy,,,,,,https://m.media-amazon.com/images/I/716Iog8mqpL._AC_UL320_.jpg,https://m.media-amazon.com/images/I/716Iog8mqpL._AC_UL320_.jpg,,,,,,,,,,,https://www.amazon.eg/dp/B08DTL5Z4S,2026-06-07T05:57:02.151004
amazon,B0CN4RBPPM,Stainless steel kitchen scissors,,AR-Kitchen-Tools,EGP 67.00,,,3.3,,,,,,,https://m.media-amazon.com/images/I/71eGSTuE5VL._AC_UL320_.jpg,https://m.media-amazon.com/images/I/71eGSTuE5VL._AC_UL320_.jpg,,,,,,,,,,,https://www.amazon.eg/dp/B0CN4RBPPM,2026-06-07T05:57:02.151578
amazon,B0DFYYSSHM,Neoflam Potato Squeezer,,AR-Kitchen-Tools,EGP 199.00,,,4.5,,,,,,,https://m.media-amazon.com/images/I/51x8mgun9gL._AC_UL320_.jpg,https://m.media-amazon.com/images/I/51x8mgun9gL._AC_UL320_.jpg,,,,,,,,,,,https://www.amazon.eg/dp/B0DFYYSSHM,2026-06-07T05:57:02.153179
amazon,B0BBG78B9W,Biomix food tongs or food tongs code 2110,,AR-Kitchen-Tools,EGP 51.53,EGP 61.56,,3.3,List:,,,,,,https://m.media-amazon.com/images/I/41QV7LkcRQL._AC_UL320_.jpg,https://m.media-amazon.com/images/I/41QV7LkcRQL._AC_UL320_.jpg,,,,,,,,,,,https://www.amazon.eg/dp/B0BBG78B9W,2026-06-07T05:57:02.154326
amazon,B0999P43J3,Lagarto MALLONY Muddler for Cocktails - Stainless Steel Bar Muddler Tool Bartender Accessories Lemon Smasher Drink Muddler Fruit Smasher for Drinks Home Kitchen Cocktail Mixers Bar Accessories,,AR-Kitchen-Tools,EGP 79.00,,,4.6,,,,,,,https://m.media-amazon.com/images/I/51ZimQLINjL._AC_UL320_.jpg,https://m.media-amazon.com/images/I/51ZimQLINjL._AC_UL320_.jpg,,,,,,,,,,,https://www.amazon.eg/dp/B0999P43J3,2026-06-07T05:57:02.154849
amazon,B08548BPJ5,"Fish Scale Brush, Kitchen Tool, Fish Scale Brush with Stainless Steel Teeth for Easy Fish Scale Removal and Cleaning",,AR-Kitchen-Tools,EGP 122.00,,,4.4,,,,,,,https://m.media-amazon.com/images/I/61CZ1fnud6L._AC_UL320_.jpg,https://m.media-amazon.com/images/I/61CZ1fnud6L._AC_UL320_.jpg,,,,,,,,,,,https://www.amazon.eg/dp/B08548BPJ5,2026-06-07T05:57:02.155424
amazon,B07SLJLYTD,Forestar Oil Spritzer Mister for Air Fryer Cooking Olive Oil Sprayer Bottle for Vinegar Canola Vegetable Oil Portable Mini Kitchen Gadgets on BBQ/Pan/Salads/Baking,,AR-Kitchen-Tools,EGP 42.18,,,3.6,,,,,,,https://m.media-amazon.com/images/I/51qS6oYoTQL._AC_UL320_.jpg,https://m.media-amazon.com/images/I/51qS6oYoTQL._AC_UL320_.jpg,,,,,,,,,,,https://www.amazon.eg/dp/B07SLJLYTD,2026-06-07T05:57:02.157754
amazon,B092CH9D8N,"E-far Kitchen Utensils Set of 12, Silicone Cooking Utensils with Holder, Non-stick Cookware Friendly & Heat Resistant, Includes Spatula Tong Whisk Ladle Brush Slotted Turner Spoon(Black)",,AR-Kitchen-Tools,EGP 424.00,,,3.7,,,,,,,https://m.media-amazon.com/images/I/71nfFlCiIXS._AC_UL320_.jpg,https://m.media-amazon.com/images/I/71nfFlCiIXS._AC_UL320_.jpg,,,,,,,,,,,https://www.amazon.eg/dp/B092CH9D8N,2026-06-07T05:57:02.158280
amazon,B09NKRWXPC,"Extshetra Oil Sprayer, 200ml Olive Oil Sprayer Mister, Clear Glass, Precise Oil Flow Control, Lightweight, Leak Proof, BPA Free, Kitchen Gadget for Cooking, Baking, Frying, BBQ",,AR-Kitchen-Tools,EGP 55.00,,,3.4,,,,,,,https://m.media-amazon.com/images/I/613RH-mAeuL._AC_UL320_.jpg,https://m.media-amazon.com/images/I/613RH-mAeuL._AC_UL320_.jpg,,,,,,,,,,,https://www.amazon.eg/dp/B09NKRWXPC,2026-06-07T05:57:02.158788
amazon,B0B8Z7JTD1,"DLD Vegetable Chopper, Upgraded 22 in 1 Mandoline Vegetable Slicer Dicer with 13 Stainless Steel Blades, Adjustable Slicer, Vegetable Cutter with Drain Rack Storage Container, Kitchen Gadget",,AR-Kitchen-Tools,EGP 453.00,,,2.8,,,,,,,https://m.media-amazon.com/images/I/81M10g0zGYL._AC_UL320_.jpg,https://m.media-amazon.com/images/I/81M10g0zGYL._AC_UL320_.jpg,,,,,,,,,,,https://www.amazon.eg/dp/B0B8Z7JTD1,2026-06-07T05:57:02.159402
amazon,B0914M9FCH,"Cooking Strainer Spoon - Ideal for Soup, Broths, Meatballs and any Food with Broth or Consomme - Strainer Scoop Colander (Green)",,AR-Kitchen-Tools,EGP 64.00,,,3.3,,,,,,,https://m.media-amazon.com/images/I/31-xoF5CpbL._AC_UL320_.jpg,https://m.media-amazon.com/images/I/31-xoF5CpbL._AC_UL320_.jpg,,,,,,,,,,,https://www.amazon.eg/dp/B0914M9FCH,2026-06-07T05:57:02.159938
amazon,B0C1Z15N5H,"Zawaer Kitchen Strainer, 3pcs Stainless Steel Colander with Handle, Large Micro-Perforated Colander Set for Draining Pasta, Vegetables, Fruits and Rice, Dishwasher Safe, Diameter 20/23/29 cm",,AR-Kitchen-Tools,EGP 389.90,,,4.1,,,,,,,https://m.media-amazon.com/images/I/819OR-kJ0wL._AC_UL320_.jpg,https://m.media-amazon.com/images/I/819OR-kJ0wL._AC_UL320_.jpg,,,,,,,,,,,https://www.amazon.eg/dp/B0C1Z15N5H,2026-06-07T05:57:02.160482
amazon,B09KV4G1RM,Generic - Prawn Peeler - Stainless Steel Shrimp Peel Device - Creative Kitchen Tools - Seafood Kitchen Gadgets,,AR-Kitchen-Tools,EGP 42.00,,,3.5,,,,,,,https://m.media-amazon.com/images/I/61DtsyhExqL._AC_UL320_.jpg,https://m.media-amazon.com/images/I/61DtsyhExqL._AC_UL320_.jpg,,,,,,,,,,,https://www.amazon.eg/dp/B09KV4G1RM,2026-06-07T05:57:02.160995
amazon,B09Y3P848Z,Peeler With Storage Stainless Blade Carrot Vegetable Parer For Decorating Kitchen Gadgets PP Handle 1 buyer,,AR-Kitchen-Tools,EGP 70.00,,,2.7,,,,,,,https://m.media-amazon.com/images/I/61mNLGJ4BqL._AC_UL320_.jpg,https://m.media-amazon.com/images/I/61mNLGJ4BqL._AC_UL320_.jpg,,,,,,,,,,,https://www.amazon.eg/dp/B09Y3P848Z,2026-06-07T05:57:02.162160
amazon,B0DDJMK2F7,"Portable Mini Vacuum Sealing Machine, 2 In 1 USB Rechargeable with Magnetic Heat Sealing and Cutting for home, kitchen, Food, Snacks, Chips, Fresh Storage, Plastic Bags Sealer (Multicolor)",,AR-Kitchen-Tools,EGP 176.42,,,2.5,,,,,,,https://m.media-amazon.com/images/I/61AK-ieHSlL._AC_UL320_.jpg,https://m.media-amazon.com/images/I/61AK-ieHSlL._AC_UL320_.jpg,,,,,,,,,,,https://www.amazon.eg/dp/B0DDJMK2F7,2026-06-07T05:57:02.162687
amazon,B01KKIROR8,"Juvale Olive Oil And Vinegar Dispenser Bottles With Lever Release Pourer, 1-Pack, 250 ml",,AR-Kitchen-Tools,EGP 121.00,,,4.2,,,,,,,https://m.media-amazon.com/images/I/61ZDBtsEZRL._AC_UL320_.jpg,https://m.media-amazon.com/images/I/61ZDBtsEZRL._AC_UL320_.jpg,,,,,,,,,,,https://www.amazon.eg/dp/B01KKIROR8,2026-06-07T05:57:02.163238
amazon,B0F922JNDP,"6 PCS Kitchen Knife Set – Sharp Stainless Steel Knives with Peeler & Scissors, Non-Stick Coating, Easy Grip Handles, Colorful Cooking Set for Home Use",,AR-Kitchen-Tools,EGP 299.00,,,2.6,,,,,,,https://m.media-amazon.com/images/I/61g3M3Vw5XL._AC_UL320_.jpg,https://m.media-amazon.com/images/I/61g3M3Vw5XL._AC_UL320_.jpg,,,,,,,,,,,https://www.amazon.eg/dp/B0F922JNDP,2026-06-07T05:57:02.163758
amazon,B0CXNDGMMK,"Wire Brush Set for Cooktop, Oven, Metal Surface(3 Pieces).Effectively Removes Grease Stains and Grime. by Bigjoy Bell Brighten Your Kitchen.",,AR-Kitchen-Tools,EGP 41.87,,,4.0,,,,,,,https://m.media-amazon.com/images/I/61tv5+oNnCL._AC_UL320_.jpg,https://m.media-amazon.com/images/I/61tv5+oNnCL._AC_UL320_.jpg,,,,,,,,,,,https://www.amazon.eg/dp/B0CXNDGMMK,2026-06-07T05:57:02.164323
amazon,B0BPP7XKNP,"IPEROT Pizza Cutter, Pizza Cutter With A Sharp Stainless Steel Blade And Easy To Clean, Also A Safe Pizza Slicer With Blade Cover, A Cuter Kitchen Gadgets, Warm Gift For Mom",,AR-Kitchen-Tools,EGP 110.00,,,4.6,,,,,,,https://m.media-amazon.com/images/I/5131HVQpFKL._AC_UL320_.jpg,https://m.media-amazon.com/images/I/5131HVQpFKL._AC_UL320_.jpg,,,,,,,,,,,https://www.amazon.eg/dp/B0BPP7XKNP,2026-06-07T05:57:02.164839
amazon,B07JVP3KG9,"LBH Silicone Heat Resistant Cooking Pinch Mitts, Mini Oven Mitts Gloves, Cooking Pinch Grips, Kitchen Heat Resitant Solution,Microwave Cooking Baking Tools Kitchen Accessory (1 Pair) (Assorted color)",,AR-Kitchen-Tools,EGP 51.64,,,2.7,,,,,,,https://m.media-amazon.com/images/I/61uY6lpbyiL._AC_UL320_.jpg,https://m.media-amazon.com/images/I/61uY6lpbyiL._AC_UL320_.jpg,,,,,,,,,,,https://www.amazon.eg/dp/B07JVP3KG9,2026-06-07T05:57:02.165413
amazon,B0BXTKQY1Q,Neoflam high quality stainless steel spatula with plastic handle - multi color,,AR-Kitchen-Tools,EGP 199.00,EGP 220.00,,3.9,List:,,,,,,https://m.media-amazon.com/images/I/41S+5xCWDRL._AC_UL320_.jpg,https://m.media-amazon.com/images/I/41S+5xCWDRL._AC_UL320_.jpg,,,,,,,,,,,https://www.amazon.eg/dp/B0BXTKQY1Q,2026-06-07T05:57:02.166008
amazon,B0FNX5VJSC,"Kitchen Utensils Set, 7 Pcs Stainless Steel Cooking Tools with Holder, Whisk and Grater, BPA-Free, Easy to Clean Multifunctional Kitchenware (Grey)",,AR-Kitchen-Tools,EGP 999.00,,,,,,,,,,https://m.media-amazon.com/images/I/61LC5qBPeVL._AC_UL320_.jpg,https://m.media-amazon.com/images/I/61LC5qBPeVL._AC_UL320_.jpg,,,,,,,,,,,https://www.amazon.eg/dp/B0FNX5VJSC,2026-06-07T05:57:02.166584
amazon,B0DJPCVTLM,Generic Kitchen Stainless Steel Cooking Mask Serving Utensils For Frying - Multifunctional Food Flipping Tongs Clip for Fish fries Beefsteak Bread Hamburger BBQ Meats Pizza Pies,,AR-Kitchen-Tools,EGP 74.00,,,4.0,,,,,,,https://m.media-amazon.com/images/I/41hGs2+VVIL._AC_UL320_.jpg,https://m.media-amazon.com/images/I/41hGs2+VVIL._AC_UL320_.jpg,,,,,,,,,,,https://www.amazon.eg/dp/B0DJPCVTLM,2026-06-07T05:57:02.167157
amazon,B0B3VWFV28,Stainless Steel Fruit Knife with Plastic Handle and Cover - Multi Color,,AR-Kitchen-Tools,EGP 21.20,,,3.5,,,,,,,https://m.media-amazon.com/images/I/41kOc1a0nyL._AC_UL320_.jpg,https://m.media-amazon.com/images/I/41kOc1a0nyL._AC_UL320_.jpg,,,,,,,,,,,https://www.amazon.eg/dp/B0B3VWFV28,2026-06-07T05:57:02.167691
amazon,B0FX11YXN7,"Kitchen Utensils Cutlery Holder: Pot Drainer Cutlery Storage Rack Vertical Nordic Style Vintage Kitchen Utensils metal Kitchen Sturdy and Durable with Matt Surface (white, medium)",,AR-Kitchen-Tools,EGP 199.90,,,4.5,,,,,,,https://m.media-amazon.com/images/I/411wygJrXOL._AC_UL320_.jpg,https://m.media-amazon.com/images/I/411wygJrXOL._AC_UL320_.jpg,,,,,,,,,,,https://www.amazon.eg/dp/B0FX11YXN7,2026-06-07T05:57:02.168243
amazon,B0DW47HCC7,"Kitchen Egg Separator with Strainer and Funnel, 8 x 16 cm (Multicolor)",,AR-Kitchen-Tools,EGP 44.62,,,4.0,,,,,,,https://m.media-amazon.com/images/I/41864gQgX4L._AC_UL320_.jpg,https://m.media-amazon.com/images/I/41864gQgX4L._AC_UL320_.jpg,,,,,,,,,,,https://www.amazon.eg/dp/B0DW47HCC7,2026-06-07T05:57:02.168758
amazon,B0B41WC3F6,stainless steel grill mask,,AR-Kitchen-Tools,EGP 32.82,,,4.0,,,,,,,https://m.media-amazon.com/images/I/414pd2SbryL._AC_UL320_.jpg,https://m.media-amazon.com/images/I/414pd2SbryL._AC_UL320_.jpg,,,,,,,,,,,https://www.amazon.eg/dp/B0B41WC3F6,2026-06-07T05:57:02.169353
amazon,B0CTG13L2Y,"Plastic Kitchen Utensil Storage with Spoon and Fork Holder, Set of Chopsticks Organizers",,AR-Kitchen-Tools,EGP 40.63,,,3.4,,,,,,,https://m.media-amazon.com/images/I/61Qq6Tt76wL._AC_UL320_.jpg,https://m.media-amazon.com/images/I/61Qq6Tt76wL._AC_UL320_.jpg,,,,,,,,,,,https://www.amazon.eg/dp/B0CTG13L2Y,2026-06-07T05:57:02.169864
amazon,B0D925FWQ8,"QSHOP Silicone Kitchen Utensil Set, 12 Pcs Silicone Cooking Utensils Set Include Spatula Holder Set, Non-Stick and Scratch Resistant Kitchen Utensils with Wooden Handles for Cookware (Pink)",,AR-Kitchen-Tools,EGP 349.00,,,3.4,,,,,,,https://m.media-amazon.com/images/I/61AzxiEc8jL._AC_UL320_.jpg,https://m.media-amazon.com/images/I/61AzxiEc8jL._AC_UL320_.jpg,,,,,,,,,,,https://www.amazon.eg/dp/B0D925FWQ8,2026-06-07T05:57:02.170412
amazon,B0FTVW26D7,"Aluminum Meat Tenderizer Hammer, 22.5cm Long Handle, 5.3cm Engraving Head, Professional Kitchen Tool for Tenderizing Meat Tenderizer",,AR-Kitchen-Tools,EGP 199.00,,,1.0,,,,,,,https://m.media-amazon.com/images/I/81mGf5MFGqL._AC_UL320_.jpg,https://m.media-amazon.com/images/I/81mGf5MFGqL._AC_UL320_.jpg,,,,,,,,,,,https://www.amazon.eg/dp/B0FTVW26D7,2026-06-07T05:57:06.196588
amazon,B08QGGDXDB,"Silicone Cooking Utensil Set,Arderlive Kitchen Utensil 12 Pcs Cooking Utensils Set With Holder, Kitchen Tools Wooden Handle Non-Stick And Heat Resistant Kitchen Gadgets And Spatula Set - Black",,AR-Kitchen-Tools,EGP 323.00,,,3.6,,,,,,,https://m.media-amazon.com/images/I/714EY1UXgIL._AC_UL320_.jpg,https://m.media-amazon.com/images/I/714EY1UXgIL._AC_UL320_.jpg,,,,,,,,,,,https://www.amazon.eg/dp/B08QGGDXDB,2026-06-07T05:57:06.197165
amazon,B08YNLCQCL,Hanging Silicone Kitchen Gadget Storage Organizer Sponge Holder-Coffee,,AR-Kitchen-Tools,EGP 59.90,,,2.4,,,,,,,https://m.media-amazon.com/images/I/51LP3WxkVsL._AC_UL320_.jpg,https://m.media-amazon.com/images/I/51LP3WxkVsL._AC_UL320_.jpg,,,,,,,,,,,https://www.amazon.eg/dp/B08YNLCQCL,2026-06-07T05:57:06.197695
amazon,B0F6MDRKNP,"Wooden Kitchen Utensil Set, 3-Piece Cooking Spoons with Spatula",,AR-Kitchen-Tools,EGP 84.00,,,,,,,,,,https://m.media-amazon.com/images/I/417KCL5yzQL._AC_UL320_.jpg,https://m.media-amazon.com/images/I/417KCL5yzQL._AC_UL320_.jpg,,,,,,,,,,,https://www.amazon.eg/dp/B0F6MDRKNP,2026-06-07T05:57:06.198221
amazon,B0FHQQZQWQ,Cute Shape Kitchen Utensil Holder - Multi-Section Organizer for Spoons and Utensil - with Drain Base - Multi-Use in Kitchen and Bathroom,,AR-Kitchen-Tools,EGP 249.00,,,5.0,,,,,,,https://m.media-amazon.com/images/I/41zCAg1lgLL._AC_UL320_.jpg,https://m.media-amazon.com/images/I/41zCAg1lgLL._AC_UL320_.jpg,,,,,,,,,,,https://www.amazon.eg/dp/B0FHQQZQWQ,2026-06-07T05:57:06.199358
amazon,B0DP2YRDW7,"1Pcs Silicone Toaster Tong, 11.6 Inch Long Silicone Kitchen Tong for Toaster Cooking Utensil Bread Waffle Tong Food Tweezer Grey Toast Tong for Cooking Serving Bacon Salad Fruit Food, SATONBEYI",,AR-Kitchen-Tools,EGP 114.10,,,4.3,,,,,,,https://m.media-amazon.com/images/I/410Lg06kMnL._AC_UL320_.jpg,https://m.media-amazon.com/images/I/410Lg06kMnL._AC_UL320_.jpg,,,,,,,,,,,https://www.amazon.eg/dp/B0DP2YRDW7,2026-06-07T05:57:06.199878
amazon,B0G236JMRB,"Generic Wall-Mounted Kitchen Utensil Rack, Black Metal Pipe with 5 Hooks, 80 cm Hanging Rail, Kitchen Organization Storage Bar .nin",,AR-Kitchen-Tools,EGP 391.50,,,,,,,,,,https://m.media-amazon.com/images/I/61tgan7rqSL._AC_UL320_.jpg,https://m.media-amazon.com/images/I/61tgan7rqSL._AC_UL320_.jpg,,,,,,,,,,,https://www.amazon.eg/dp/B0G236JMRB,2026-06-07T05:57:06.200387
amazon,B0CY13WWHP,Set of 17 Clear Stackable Food Containers - Organize Your Kitchen in Style (SET OF 17 CONTAINERS),,AR-Kitchen-Tools,EGP 261.00,,,4.2,,,,,,,https://m.media-amazon.com/images/I/71EcpVCsv0L._AC_UL320_.jpg,https://m.media-amazon.com/images/I/71EcpVCsv0L._AC_UL320_.jpg,,,,,,,,,,,https://www.amazon.eg/dp/B0CY13WWHP,2026-06-07T05:57:06.200901
amazon,B0FRBG38NC,Silicone Spatula Set - 5 Piece Heat Resistant Kitchen Utensils with Non-Stick Flexible Baking Scrapers and Durable Plastic Handles for Cooking and Baking,,AR-Kitchen-Tools,EGP 129.00,,,3.0,,,,,,,https://m.media-amazon.com/images/I/41fyAEyB-gL._AC_UL320_.jpg,https://m.media-amazon.com/images/I/41fyAEyB-gL._AC_UL320_.jpg,,,,,,,,,,,https://www.amazon.eg/dp/B0FRBG38NC,2026-06-07T05:57:06.201454
amazon,B0D2S44MCD,"Silicone nonstick spatulas, Food Grade Slotted Turner, Spatula for for Fish, Soup High Temperature Resistant Kitchen Utensils - Cooking Spoon Ladle for Soup, Sauce, Cooking, Salad Dressing Grey (06)",,AR-Kitchen-Tools,EGP 269.10,,,3.9,,,,,,,https://m.media-amazon.com/images/I/41ruE4vH+kL._AC_UL320_.jpg,https://m.media-amazon.com/images/I/41ruE4vH+kL._AC_UL320_.jpg,,,,,,,,,,,https://www.amazon.eg/dp/B0D2S44MCD,2026-06-07T05:57:06.202000
amazon,B0B7Y2MB9V,Max plast soap dispenser and dispenser pump - multi,,AR-Kitchen-Tools,EGP 69.00,EGP 75.00,,3.8,Was:,,,,,,https://m.media-amazon.com/images/I/71WVuX319dL._AC_UL320_.jpg,https://m.media-amazon.com/images/I/71WVuX319dL._AC_UL320_.jpg,,,,,,,,,,,https://www.amazon.eg/dp/B0B7Y2MB9V,2026-06-07T05:57:06.202635
amazon,B097ZWR6ZX,"Styxon/Stainless Steel Fine Mesh Strainer Oil-Frying Filter Spoon Ladle Colander Clip Skimmer for Fried Food, Salad, BBQ Multi-Functional Kitchen Tool 2 in 1 Stainless-Steel (Pack - 1)",,AR-Kitchen-Tools,EGP 125.00,,,3.2,,,,,,,https://m.media-amazon.com/images/I/61drsVEE6wL._AC_UL320_.jpg,https://m.media-amazon.com/images/I/61drsVEE6wL._AC_UL320_.jpg,,,,,,,,,,,https://www.amazon.eg/dp/B097ZWR6ZX,2026-06-07T05:57:06.203183
amazon,B0BXW4Z1TR,250ml Electric Garlic Chopper Cordless Rechargeable Garlic Crusher Masher Kitchen Gadget Onion Chopper Meat Grinder,,AR-Kitchen-Tools,EGP 450.00,,,1.0,,,,,,,https://m.media-amazon.com/images/I/51--NXFrozL._AC_UL320_.jpg,https://m.media-amazon.com/images/I/51--NXFrozL._AC_UL320_.jpg,,,,,,,,,,,https://www.amazon.eg/dp/B0BXW4Z1TR,2026-06-07T05:57:06.203694
amazon,B0CTG1HY1M,"Kitchen Utensil Rack with Spoon and Fork Holder, Set of 2 Plastic Chopsticks Organizer",,AR-Kitchen-Tools,EGP 20.52,,,2.9,,,,,,,https://m.media-amazon.com/images/I/61mM9zCWB+L._AC_UL320_.jpg,https://m.media-amazon.com/images/I/61mM9zCWB+L._AC_UL320_.jpg,,,,,,,,,,,https://www.amazon.eg/dp/B0CTG1HY1M,2026-06-07T05:57:06.204228
amazon,B0DKJD3JK3,"Wooden Spoons for Cooking, Cooking Utensils Set of 6, Natural Teak Wooden Cooking Spatulas with Utensils Holder, Comfort Grip Wooden Kitchen Utensils for Nonstick Cookware. (6pcs)",,AR-Kitchen-Tools,"EGP 1,990.00",,,4.4,,,,,,,https://m.media-amazon.com/images/I/714iYS23+4L._AC_UL320_.jpg,https://m.media-amazon.com/images/I/714iYS23+4L._AC_UL320_.jpg,,,,,,,,,,,https://www.amazon.eg/dp/B0DKJD3JK3,2026-06-07T05:57:06.204723
amazon,B0F7GK5QHX,"Kitchen Utensils, Silicone Cooking Utensils with Holder, Non-stick Cookware Friendly & Heat Resistant, Kitchen Silicone Set 6-Piece, Modern Design (Grey)",,AR-Kitchen-Tools,EGP 945.00,,,,,,,,,,https://m.media-amazon.com/images/I/51ZwwaeuQfL._AC_UL320_.jpg,https://m.media-amazon.com/images/I/51ZwwaeuQfL._AC_UL320_.jpg,,,,,,,,,,,https://www.amazon.eg/dp/B0F7GK5QHX,2026-06-07T05:57:06.205205
amazon,B09T5KXFW8,"Stainless Steel Kitchen Utensil Holder Flatware Cylinder Silverware Draining Organizer Drying Rack with Round Drain Holes for Forks, Knives, Spoons, Chopsticks (Small)",,AR-Kitchen-Tools,EGP 101.89,,,3.9,,,,,,,https://m.media-amazon.com/images/I/61o4khUiDwL._AC_UL320_.jpg,https://m.media-amazon.com/images/I/61o4khUiDwL._AC_UL320_.jpg,,,,,,,,,,,https://www.amazon.eg/dp/B09T5KXFW8,2026-06-07T05:57:06.205758
amazon,B0F5TBNHTK,SONDOS FOR HOMEWEAR,SONDOS FOR HOMEWEAR,AR-Womens-Clothing,EGP 325.26,EGP 361.40,,2.9,List:,,,,,,https://m.media-amazon.com/images/I/517cvpAX6ZL._AC_UL320_.jpg,https://m.media-amazon.com/images/I/517cvpAX6ZL._AC_UL320_.jpg,,,,,,,,,,,https://www.amazon.eg/dp/B0F5TBNHTK,2026-06-07T05:56:46.712715
amazon,B0BVRVNXYH,Dice,Dice,AR-Womens-Clothing,EGP 159.00,,,4.4,,,,,,,https://m.media-amazon.com/images/I/61rqG5ipTsL._AC_UL320_.jpg,https://m.media-amazon.com/images/I/61rqG5ipTsL._AC_UL320_.jpg,,,,,,,,,,,https://www.amazon.eg/dp/B0BVRVNXYH,2026-06-07T05:56:46.713263
amazon,B0B36D8FYL,Nileton,Nileton,AR-Womens-Clothing,EGP 365.00,,,4.1,,,,,,,https://m.media-amazon.com/images/I/419HWG9ysML._AC_UL320_.jpg,https://m.media-amazon.com/images/I/419HWG9ysML._AC_UL320_.jpg,,,,,,,,,,,https://www.amazon.eg/dp/B0B36D8FYL,2026-06-07T05:56:46.713722
amazon,B0FL7LR3MQ,QUMASH,QUMASH,AR-Womens-Clothing,EGP 169.00,,,3.5,,,,,,,https://m.media-amazon.com/images/I/51hFjczXH6L._AC_UL320_.jpg,https://m.media-amazon.com/images/I/51hFjczXH6L._AC_UL320_.jpg,,,,,,,,,,,https://www.amazon.eg/dp/B0FL7LR3MQ,2026-06-07T05:56:46.714076
amazon,B0F75SSQJM,MARTINA STORE,MARTINA STORE,AR-Womens-Clothing,EGP 249.99,,,3.2,,,,,,,https://m.media-amazon.com/images/I/41akK2jCS0L._AC_UL320_.jpg,https://m.media-amazon.com/images/I/41akK2jCS0L._AC_UL320_.jpg,,,,,,,,,,,https://www.amazon.eg/dp/B0F75SSQJM,2026-06-07T05:56:46.714514
amazon,B0D2D7PK54,Sotex,Sotex,AR-Womens-Clothing,EGP 185.00,,,4.6,,,,,,,https://m.media-amazon.com/images/I/71xCCxAaK0L._AC_UL320_.jpg,https://m.media-amazon.com/images/I/71xCCxAaK0L._AC_UL320_.jpg,,,,,,,,,,,https://www.amazon.eg/dp/B0D2D7PK54,2026-06-07T05:56:46.714941
amazon,B0FM8G2BY6,ISTANBUL MODEL,ISTANBUL MODEL,AR-Womens-Clothing,EGP 299.99,,,3.4,,,,,,,https://m.media-amazon.com/images/I/61v9oWN1XmL._AC_UL320_.jpg,https://m.media-amazon.com/images/I/61v9oWN1XmL._AC_UL320_.jpg,,,,,,,,,,,https://www.amazon.eg/dp/B0FM8G2BY6,2026-06-07T05:56:46.715400
amazon,B0CR3HQC96,Mesery,Mesery,AR-Womens-Clothing,EGP 152.10,,,4.1,,,,,,,https://m.media-amazon.com/images/I/31h9HzvK-iL._AC_UL320_.jpg,https://m.media-amazon.com/images/I/31h9HzvK-iL._AC_UL320_.jpg,,,,,,,,,,,https://www.amazon.eg/dp/B0CR3HQC96,2026-06-07T05:56:46.715753
amazon,B0GYK7KSFK,Plus Size Nightgown for Women – Cotton Lightweight Short Sleeve & Pockets Smile Home Wear – Comfortable & Modern Home Wear for Home & Sleep Up to 100K,,AR-Womens-Clothing,EGP 429.00,,,,,,,,,,https://m.media-amazon.com/images/I/51K7qA8Ph9L._AC_UL320_.jpg,https://m.media-amazon.com/images/I/51K7qA8Ph9L._AC_UL320_.jpg,,,,,,,,,,,https://www.amazon.eg/dp/B0GYK7KSFK,2026-06-07T05:56:46.716178
amazon,B0BH1B4KTV,Nileton,Nileton,AR-Womens-Clothing,EGP 475.00,,,4.2,,,,,,,https://m.media-amazon.com/images/I/51Xjcw5ryRL._AC_UL320_.jpg,https://m.media-amazon.com/images/I/51Xjcw5ryRL._AC_UL320_.jpg,,,,,,,,,,,https://www.amazon.eg/dp/B0BH1B4KTV,2026-06-07T05:56:46.716662
amazon,B0GJZ44DFN,Burak Tekstil,Burak Tekstil,AR-Womens-Clothing,EGP 309.99,,,3.8,,,,,,,https://m.media-amazon.com/images/I/71ACvuBZekL._AC_UL320_.jpg,https://m.media-amazon.com/images/I/71ACvuBZekL._AC_UL320_.jpg,,,,,,,,,,,https://www.amazon.eg/dp/B0GJZ44DFN,2026-06-07T05:56:46.717097
amazon,B0F76QQP38,MARTINA STORE,MARTINA STORE,AR-Womens-Clothing,EGP 249.99,,,3.2,,,,,,,https://m.media-amazon.com/images/I/41cBCHg83HL._AC_UL320_.jpg,https://m.media-amazon.com/images/I/41cBCHg83HL._AC_UL320_.jpg,,,,,,,,,,,https://www.amazon.eg/dp/B0F76QQP38,2026-06-07T05:56:46.717549
amazon,B0FHQ3RVRC,DALY,DALY,AR-Womens-Clothing,EGP 630.00,EGP 700.00,,3.9,Was:,,,,,,https://m.media-amazon.com/images/I/41-8T-1ZNML._AC_UL320_.jpg,https://m.media-amazon.com/images/I/41-8T-1ZNML._AC_UL320_.jpg,,,,,,,,,,,https://www.amazon.eg/dp/B0FHQ3RVRC,2026-06-07T05:56:46.718033
amazon,B0GX25N5NC,Nileton,Nileton,AR-Womens-Clothing,EGP 355.50,EGP 395.00,,4.2,List:,,,,,,https://m.media-amazon.com/images/I/41N3J6XIfeL._AC_UL320_.jpg,https://m.media-amazon.com/images/I/41N3J6XIfeL._AC_UL320_.jpg,,,,,,,,,,,https://www.amazon.eg/dp/B0GX25N5NC,2026-06-07T05:56:46.718515
amazon,B0DF9JMX31,Ribbed Knit Regular Neck Long Sleeve T-shirt for Women - Slim Fit Button Down,,AR-Womens-Clothing,EGP 249.99,,,3.2,,,,,,,https://m.media-amazon.com/images/I/61-H2WGMSIL._AC_UL320_.jpg,https://m.media-amazon.com/images/I/61-H2WGMSIL._AC_UL320_.jpg,,,,,,,,,,,https://www.amazon.eg/dp/B0DF9JMX31,2026-06-07T05:56:46.718963
amazon,B0GJY9DPG3,Burak Tekstil,Burak Tekstil,AR-Womens-Clothing,EGP 309.99,,,3.8,,,,,,,https://m.media-amazon.com/images/I/71RgbOk9WiL._AC_UL320_.jpg,https://m.media-amazon.com/images/I/71RgbOk9WiL._AC_UL320_.jpg,,,,,,,,,,,https://www.amazon.eg/dp/B0GJY9DPG3,2026-06-07T05:56:46.719401
amazon,B0CWZ1YL2L,MANIKAN Women's Lingerie Home Dress,,AR-Womens-Clothing,EGP 179.99,,,3.5,,,,,,,https://m.media-amazon.com/images/I/61YrzSHjpTL._AC_UL320_.jpg,https://m.media-amazon.com/images/I/61YrzSHjpTL._AC_UL320_.jpg,,,,,,,,,,,https://www.amazon.eg/dp/B0CWZ1YL2L,2026-06-07T05:56:46.719788
amazon,B0GRBND87H,"MANIKAN Sexy French Maid Costume Lingerie Set for Women, Black with White Lace Trim, Includes Dress, Headband, Choker, Wrist Cuffs",,AR-Womens-Clothing,EGP 174.99,,,1.0,,,,,,,https://m.media-amazon.com/images/I/71SFdqSmW4L._AC_UL320_.jpg,https://m.media-amazon.com/images/I/71SFdqSmW4L._AC_UL320_.jpg,,,,,,,,,,,https://www.amazon.eg/dp/B0GRBND87H,2026-06-07T05:56:46.720135
amazon,B0F76C24W1,MARTINA STORE,MARTINA STORE,AR-Womens-Clothing,EGP 199.99,,,3.2,,,,,,,https://m.media-amazon.com/images/I/416kdcClt9L._AC_UL320_.jpg,https://m.media-amazon.com/images/I/416kdcClt9L._AC_UL320_.jpg,,,,,,,,,,,https://www.amazon.eg/dp/B0F76C24W1,2026-06-07T05:56:46.720581
amazon,B0DGWN47X3,Cottonil,Cottonil,AR-Womens-Clothing,EGP 180.00,,,4.0,,,,,,,https://m.media-amazon.com/images/I/51IfmbMvadL._AC_UL320_.jpg,https://m.media-amazon.com/images/I/51IfmbMvadL._AC_UL320_.jpg,,,,,,,,,,,https://www.amazon.eg/dp/B0DGWN47X3,2026-06-07T05:56:46.720953
amazon,B09RB737Q9,Trendyol,Trendyol,AR-Womens-Clothing,EGP 469.19,EGP 909.00,,3.5,List:,,,,,,https://m.media-amazon.com/images/I/61Joh-U+7lL._AC_UL320_.jpg,https://m.media-amazon.com/images/I/61Joh-U+7lL._AC_UL320_.jpg,,,,,,,,,,,https://www.amazon.eg/dp/B09RB737Q9,2026-06-07T05:56:46.721460
amazon,B0GSN88Q7F,"MANIKAN Women's Soft Pink One-Shoulder Bodycon Mini Dress with Silver Fringe Trim, Party Clubwear Lingerie",,AR-Womens-Clothing,EGP 159.99,EGP 164.99,,1.0,Was:,,,,,,https://m.media-amazon.com/images/I/61XIyxruJnL._AC_UL320_.jpg,https://m.media-amazon.com/images/I/61XIyxruJnL._AC_UL320_.jpg,,,,,,,,,,,https://www.amazon.eg/dp/B0GSN88Q7F,2026-06-07T05:56:46.721864
amazon,B0GTMX4YQ9,Doma Store,Doma Store,AR-Womens-Clothing,EGP 749.00,,,5.0,,,,,,,https://m.media-amazon.com/images/I/61pVZqKVnTL._AC_UL320_.jpg,https://m.media-amazon.com/images/I/61pVZqKVnTL._AC_UL320_.jpg,,,,,,,,,,,https://www.amazon.eg/dp/B0GTMX4YQ9,2026-06-07T05:56:46.722271
amazon,B0GCJ5F3M1,"Womens Set of Midi Pack of 3 Multicolors, Classic Panties Underwear for Women",,AR-Womens-Clothing,EGP 209.99,,,4.0,,,,,,,https://m.media-amazon.com/images/I/51GjdR+ZzXL._AC_UL320_.jpg,https://m.media-amazon.com/images/I/51GjdR+ZzXL._AC_UL320_.jpg,,,,,,,,,,,https://www.amazon.eg/dp/B0GCJ5F3M1,2026-06-07T05:56:46.722746
amazon,B0GJMB25TG,Sol Suave,Sol Suave,AR-Womens-Clothing,EGP 119.99,,,4.4,,,,,,,https://m.media-amazon.com/images/I/41MWtnstGqL._AC_UL320_.jpg,https://m.media-amazon.com/images/I/41MWtnstGqL._AC_UL320_.jpg,,,,,,,,,,,https://www.amazon.eg/dp/B0GJMB25TG,2026-06-07T05:56:46.723214
amazon,B09RPZ8117,Nileton,Nileton,AR-Womens-Clothing,EGP 435.00,,,4.2,,,,,,,https://m.media-amazon.com/images/I/411p5zp9pGL._AC_UL320_.jpg,https://m.media-amazon.com/images/I/411p5zp9pGL._AC_UL320_.jpg,,,,,,,,,,,https://www.amazon.eg/dp/B09RPZ8117,2026-06-07T05:56:46.723670
amazon,B0F11SZHHB,Meza,Meza,AR-Womens-Clothing,EGP 539.10,,,4.3,,,,,,,https://m.media-amazon.com/images/I/61pGeodnjgL._AC_UL320_.jpg,https://m.media-amazon.com/images/I/61pGeodnjgL._AC_UL320_.jpg,,,,,,,,,,,https://www.amazon.eg/dp/B0F11SZHHB,2026-06-07T05:56:46.724027
amazon,B0FWD1X92L,AJYAL,AJYAL,AR-Womens-Clothing,EGP 390.00,,,4.3,,,,,,,https://m.media-amazon.com/images/I/31ZlJt1Pc8L._AC_UL320_.jpg,https://m.media-amazon.com/images/I/31ZlJt1Pc8L._AC_UL320_.jpg,,,,,,,,,,,https://www.amazon.eg/dp/B0FWD1X92L,2026-06-07T05:56:46.724448
amazon,B0C61X6ZV4,Andora,Andora,AR-Womens-Clothing,EGP 249.00,,,3.2,,,,,,,https://m.media-amazon.com/images/I/61NZvR0w92L._AC_UL320_.jpg,https://m.media-amazon.com/images/I/61NZvR0w92L._AC_UL320_.jpg,,,,,,,,,,,https://www.amazon.eg/dp/B0C61X6ZV4,2026-06-07T05:56:46.724879
amazon,B0GK2T3KKZ,Dice,Dice,AR-Womens-Clothing,EGP 191.00,EGP 299.00,,3.3,List:,,,,,,https://m.media-amazon.com/images/I/61NrWPwVDBL._AC_UL320_.jpg,https://m.media-amazon.com/images/I/61NrWPwVDBL._AC_UL320_.jpg,,,,,,,,,,,https://www.amazon.eg/dp/B0GK2T3KKZ,2026-06-07T05:56:46.725318
amazon,B0FG7FTG25,Ultra Soft Cotton Lace Bodystocking Lingerie For Womens,,AR-Womens-Clothing,EGP 215.65,,,4.5,,,,,,,https://m.media-amazon.com/images/I/414GOCnIZzL._AC_UL320_.jpg,https://m.media-amazon.com/images/I/414GOCnIZzL._AC_UL320_.jpg,,,,,,,,,,,https://www.amazon.eg/dp/B0FG7FTG25,2026-06-07T05:56:46.725679
amazon,B0F4F12FWX,GuLiNiao,GuLiNiao,AR-Womens-Clothing,EGP 499.99,,,4.3,,,,,,,https://m.media-amazon.com/images/I/51pAshd-x9L._AC_UL320_.jpg,https://m.media-amazon.com/images/I/51pAshd-x9L._AC_UL320_.jpg,,,,,,,,,,,https://www.amazon.eg/dp/B0F4F12FWX,2026-06-07T05:56:46.726134
amazon,B0C696N25V,Dice,Dice,AR-Womens-Clothing,EGP 314.00,,,4.3,,,,,,,https://m.media-amazon.com/images/I/511ifQSzmjL._AC_UL320_.jpg,https://m.media-amazon.com/images/I/511ifQSzmjL._AC_UL320_.jpg,,,,,,,,,,,https://www.amazon.eg/dp/B0C696N25V,2026-06-07T05:56:46.726510
amazon,B0F9VM67X3,"Women's Long Sleeve Athletic Shirt, Microfiber Polyester Spandex Blend, Sports Performance Wear, with Finger Holes for Girls and Women",,AR-Womens-Clothing,EGP 249.99,,,3.5,,,,,,,https://m.media-amazon.com/images/I/612xpMDu8NL._AC_UL320_.jpg,https://m.media-amazon.com/images/I/612xpMDu8NL._AC_UL320_.jpg,,,,,,,,,,,https://www.amazon.eg/dp/B0F9VM67X3,2026-06-07T05:56:46.726945
amazon,B0GVJVKF66,LC WAIKIKI,LC WAIKIKI,AR-Womens-Clothing,EGP 359.00,,,5.0,,,,,,,https://m.media-amazon.com/images/I/71XiwERzCSL._AC_UL320_.jpg,https://m.media-amazon.com/images/I/71XiwERzCSL._AC_UL320_.jpg,,,,,,,,,,,https://www.amazon.eg/dp/B0GVJVKF66,2026-06-07T05:56:46.727284
amazon,B0GMJH2SMV,Meza,Meza,AR-Womens-Clothing,EGP 494.10,EGP 549.00,,4.6,Was:,,,,,,https://m.media-amazon.com/images/I/61psSWWcuOL._AC_UL320_.jpg,https://m.media-amazon.com/images/I/61psSWWcuOL._AC_UL320_.jpg,,,,,,,,,,,https://www.amazon.eg/dp/B0GMJH2SMV,2026-06-07T05:56:46.727701
amazon,B0BDW9PQS1,Lingerie for Women 3 Pieces Exotic Leopard Print Lingerie Set with Garter Belts Sexy Lace Bra and Panty Sets Underwear Set,,AR-Womens-Clothing,EGP 189.00,,,2.7,,,,,,,https://m.media-amazon.com/images/I/61Ou3nuQYVL._AC_UL320_.jpg,https://m.media-amazon.com/images/I/61Ou3nuQYVL._AC_UL320_.jpg,,,,,,,,,,,https://www.amazon.eg/dp/B0BDW9PQS1,2026-06-07T05:56:46.728053
amazon,B08BCT17Z5,Dahab,Dahab,AR-Womens-Clothing,EGP 95.00,,,4.3,,,,,,,https://m.media-amazon.com/images/I/51mHu-QyOgL._AC_UL320_.jpg,https://m.media-amazon.com/images/I/51mHu-QyOgL._AC_UL320_.jpg,,,,,,,,,,,https://www.amazon.eg/dp/B08BCT17Z5,2026-06-07T05:56:46.728497
amazon,B0GL9G6YCG,Meza,Meza,AR-Womens-Clothing,EGP 449.00,,,3.8,,,,,,,https://m.media-amazon.com/images/I/71hstrXhU9L._AC_UL320_.jpg,https://m.media-amazon.com/images/I/71hstrXhU9L._AC_UL320_.jpg,,,,,,,,,,,https://www.amazon.eg/dp/B0GL9G6YCG,2026-06-07T05:56:46.728873
amazon,B0FMXNDG5Q,Women's Lingerie Set Lace V-neck Bodysuit with Panty,,AR-Womens-Clothing,EGP 278.26,,,4.1,,,,,,,https://m.media-amazon.com/images/I/410EL86DsPL._AC_UL320_.jpg,https://m.media-amazon.com/images/I/410EL86DsPL._AC_UL320_.jpg,,,,,,,,,,,https://www.amazon.eg/dp/B0FMXNDG5Q,2026-06-07T05:56:46.729222
amazon,B0GS2KCNCN,LC WAIKIKI,LC WAIKIKI,AR-Womens-Clothing,EGP 349.00,,,,,,,,,,https://m.media-amazon.com/images/I/71lW4WmMihL._AC_UL320_.jpg,https://m.media-amazon.com/images/I/71lW4WmMihL._AC_UL320_.jpg,,,,,,,,,,,https://www.amazon.eg/dp/B0GS2KCNCN,2026-06-07T05:56:46.729537
amazon,B0FY6F7JNP,نعوم,نعوم,AR-Womens-Clothing,EGP 468.00,,,4.0,,,,,,,https://m.media-amazon.com/images/I/31LU+wYI5DL._AC_UL320_.jpg,https://m.media-amazon.com/images/I/31LU+wYI5DL._AC_UL320_.jpg,,,,,,,,,,,https://www.amazon.eg/dp/B0FY6F7JNP,2026-06-07T05:56:46.729882
amazon,B09JGVKJR2,Dahab,Dahab,AR-Womens-Clothing,EGP 90.00,EGP 100.00,,4.4,List:,,,,,,https://m.media-amazon.com/images/I/81025baC9EL._AC_UL320_.jpg,https://m.media-amazon.com/images/I/81025baC9EL._AC_UL320_.jpg,,,,,,,,,,,https://www.amazon.eg/dp/B09JGVKJR2,2026-06-07T05:56:46.730374
amazon,B0DQ6DB6GM,Super Soft Cotton Sexy Mesh Lingerie - Fitted,,AR-Womens-Clothing,EGP 229.00,,,4.2,,,,,,,https://m.media-amazon.com/images/I/71vrlsRsNtL._AC_UL320_.jpg,https://m.media-amazon.com/images/I/71vrlsRsNtL._AC_UL320_.jpg,,,,,,,,,,,https://www.amazon.eg/dp/B0DQ6DB6GM,2026-06-07T05:56:46.730742
amazon,B0G3L2THMY,Silvy,Silvy,AR-Womens-Clothing,EGP 207.63,EGP 365.00,,5.0,List:,,,,,,https://m.media-amazon.com/images/I/41-a+-ZcyXL._AC_UL320_.jpg,https://m.media-amazon.com/images/I/41-a+-ZcyXL._AC_UL320_.jpg,,,,,,,,,,,https://www.amazon.eg/dp/B0G3L2THMY,2026-06-07T05:56:46.731131
amazon,B0GS2RMGD2,LC WAIKIKI,LC WAIKIKI,AR-Womens-Clothing,EGP 227.00,,,,,,,,,,https://m.media-amazon.com/images/I/619WXKZ1mGL._AC_UL320_.jpg,https://m.media-amazon.com/images/I/619WXKZ1mGL._AC_UL320_.jpg,,,,,,,,,,,https://www.amazon.eg/dp/B0GS2RMGD2,2026-06-07T05:56:46.731448
amazon,B0C697DP3S,Dice,Dice,AR-Womens-Clothing,EGP 459.00,,,4.3,,,,,,,https://m.media-amazon.com/images/I/61v9Lye5sAL._AC_UL320_.jpg,https://m.media-amazon.com/images/I/61v9Lye5sAL._AC_UL320_.jpg,,,,,,,,,,,https://www.amazon.eg/dp/B0C697DP3S,2026-06-07T05:56:46.731794
amazon,B0FS7LPLWP,AJYAL,AJYAL,AR-Womens-Clothing,EGP 215.00,,,3.9,,,,,,,https://m.media-amazon.com/images/I/31jaI+mzSuL._AC_UL320_.jpg,https://m.media-amazon.com/images/I/31jaI+mzSuL._AC_UL320_.jpg,,,,,,,,,,,https://www.amazon.eg/dp/B0FS7LPLWP,2026-06-07T05:56:46.732164
amazon,B0F9L32B4W,AJYAL,AJYAL,AR-Womens-Clothing,EGP 250.00,,,3.4,,,,,,,https://m.media-amazon.com/images/I/31UQDqzM2ZL._AC_UL320_.jpg,https://m.media-amazon.com/images/I/31UQDqzM2ZL._AC_UL320_.jpg,,,,,,,,,,,https://www.amazon.eg/dp/B0F9L32B4W,2026-06-07T05:56:49.855137
amazon,B0CTXMG261,Nileton,Nileton,AR-Womens-Clothing,EGP 292.50,EGP 325.00,,4.1,Was:,,,,,,https://m.media-amazon.com/images/I/41ty8nnWK1L._AC_UL320_.jpg,https://m.media-amazon.com/images/I/41ty8nnWK1L._AC_UL320_.jpg,,,,,,,,,,,https://www.amazon.eg/dp/B0CTXMG261,2026-06-07T05:56:49.856005
amazon,B0C3BBKKVT,Nileton,Nileton,AR-Womens-Clothing,EGP 283.50,,,4.1,,,,,,,https://m.media-amazon.com/images/I/51NB3cGDjcL._AC_UL320_.jpg,https://m.media-amazon.com/images/I/51NB3cGDjcL._AC_UL320_.jpg,,,,,,,,,,,https://www.amazon.eg/dp/B0C3BBKKVT,2026-06-07T05:56:49.856439
amazon,B0F79XWYMV,Blanc,Blanc,AR-Womens-Clothing,EGP 195.00,,,,,,,,,,https://m.media-amazon.com/images/I/41bBbfspqRL._AC_UL320_.jpg,https://m.media-amazon.com/images/I/41bBbfspqRL._AC_UL320_.jpg,,,,,,,,,,,https://www.amazon.eg/dp/B0F79XWYMV,2026-06-07T05:56:49.856739
amazon,B0GSRGYQY6,Meza,Meza,AR-Womens-Clothing,EGP 399.00,,,2.0,,,,,,,https://m.media-amazon.com/images/I/71aJz7GU2IL._AC_UL320_.jpg,https://m.media-amazon.com/images/I/71aJz7GU2IL._AC_UL320_.jpg,,,,,,,,,,,https://www.amazon.eg/dp/B0GSRGYQY6,2026-06-07T05:56:49.857120
amazon,B0BVRTM4NJ,Dice,Dice,AR-Womens-Clothing,EGP 247.00,EGP 279.00,,4.4,List:,,,,,,https://m.media-amazon.com/images/I/61D2UVHjpkL._AC_UL320_.jpg,https://m.media-amazon.com/images/I/61D2UVHjpkL._AC_UL320_.jpg,,,,,,,,,,,https://www.amazon.eg/dp/B0BVRTM4NJ,2026-06-07T05:56:49.857633
amazon,B0DHSY3L56,Master of Mixes,Master of Mixes,AR-Womens-Clothing,EGP 399.00,,,3.4,,,,,,,https://m.media-amazon.com/images/I/51okvNPTIhL._AC_UL320_.jpg,https://m.media-amazon.com/images/I/51okvNPTIhL._AC_UL320_.jpg,,,,,,,,,,,https://www.amazon.eg/dp/B0DHSY3L56,2026-06-07T05:56:49.858485
amazon,B08WJN6QW3,Dice,Dice,AR-Womens-Clothing,EGP 118.00,EGP 159.00,,4.4,List:,,,,,,https://m.media-amazon.com/images/I/51-punUUyeL._AC_UL320_.jpg,https://m.media-amazon.com/images/I/51-punUUyeL._AC_UL320_.jpg,,,,,,,,,,,https://www.amazon.eg/dp/B08WJN6QW3,2026-06-07T05:56:49.858968
amazon,B0D8H1YW35,Mesery,Mesery,AR-Womens-Clothing,EGP 305.10,,,4.1,,,,,,,https://m.media-amazon.com/images/I/41TA8g+yTyL._AC_UL320_.jpg,https://m.media-amazon.com/images/I/41TA8g+yTyL._AC_UL320_.jpg,,,,,,,,,,,https://www.amazon.eg/dp/B0D8H1YW35,2026-06-07T05:56:49.859330
amazon,B0DWTF8SK7,Trendyol,Trendyol,AR-Womens-Clothing,EGP 720.00,,,,,,,,,,https://m.media-amazon.com/images/I/61YLbemkhGL._AC_UL320_.jpg,https://m.media-amazon.com/images/I/61YLbemkhGL._AC_UL320_.jpg,,,,,,,,,,,https://www.amazon.eg/dp/B0DWTF8SK7,2026-06-07T05:56:49.859641
amazon,B0DBG861ZV,Levi's,Levi's,AR-Womens-Clothing,EGP 814.00,"EGP 1,329.00",,4.4,List:,,,,,,https://m.media-amazon.com/images/I/51ietwsxjTL._AC_UL320_.jpg,https://m.media-amazon.com/images/I/51ietwsxjTL._AC_UL320_.jpg,,,,,,,,,,,https://www.amazon.eg/dp/B0DBG861ZV,2026-06-07T05:56:49.860103
amazon,B0GL378W2Q,LC WAIKIKI,LC WAIKIKI,AR-Womens-Clothing,EGP 559.00,,,,,,,,,,https://m.media-amazon.com/images/I/61K8wdxAxFL._AC_UL320_.jpg,https://m.media-amazon.com/images/I/61K8wdxAxFL._AC_UL320_.jpg,,,,,,,,,,,https://www.amazon.eg/dp/B0GL378W2Q,2026-06-07T05:56:49.860419
amazon,B0DWT9JZFD,Trendyol,Trendyol,AR-Womens-Clothing,EGP 211.60,,,4.2,,,,,,,https://m.media-amazon.com/images/I/71Q3Ln3lHTL._AC_UL320_.jpg,https://m.media-amazon.com/images/I/71Q3Ln3lHTL._AC_UL320_.jpg,,,,,,,,,,,https://www.amazon.eg/dp/B0DWT9JZFD,2026-06-07T05:56:49.860835
amazon,B0FXX7XZLZ,LC WAIKIKI,LC WAIKIKI,AR-Womens-Clothing,EGP 339.00,,,5.0,,,,,,,https://m.media-amazon.com/images/I/71CNG9y8WTL._AC_UL320_.jpg,https://m.media-amazon.com/images/I/71CNG9y8WTL._AC_UL320_.jpg,,,,,,,,,,,https://www.amazon.eg/dp/B0FXX7XZLZ,2026-06-07T05:56:49.861170
amazon,B0GHH3LRV6,"Sweatshirt Winter Cotton Women's Hoodies Thermal Lined, Jacket",,AR-Womens-Clothing,EGP 459.99,EGP 599.99,,4.0,List:,,,,,,https://m.media-amazon.com/images/I/51OOcl8y1aL._AC_UL320_.jpg,https://m.media-amazon.com/images/I/51OOcl8y1aL._AC_UL320_.jpg,,,,,,,,,,,https://www.amazon.eg/dp/B0GHH3LRV6,2026-06-07T05:56:49.861599
amazon,B0DYF3KQH6,Meza,Meza,AR-Womens-Clothing,EGP 220.50,EGP 245.00,,4.3,Was:,,,,,,https://m.media-amazon.com/images/I/61QC0fXlxpL._AC_UL320_.jpg,https://m.media-amazon.com/images/I/61QC0fXlxpL._AC_UL320_.jpg,,,,,,,,,,,https://www.amazon.eg/dp/B0DYF3KQH6,2026-06-07T05:56:49.862053
amazon,B0BSTBZM77,DALY,DALY,AR-Womens-Clothing,EGP 800.00,,,4.3,,,,,,,https://m.media-amazon.com/images/I/51G3rm63kOL._AC_UL320_.jpg,https://m.media-amazon.com/images/I/51G3rm63kOL._AC_UL320_.jpg,,,,,,,,,,,https://www.amazon.eg/dp/B0BSTBZM77,2026-06-07T05:56:49.862431
amazon,B0GMRJ473V,LC WAIKIKI,LC WAIKIKI,AR-Womens-Clothing,EGP 223.00,,,2.0,,,,,,,https://m.media-amazon.com/images/I/71NXwP9XnpL._AC_UL320_.jpg,https://m.media-amazon.com/images/I/71NXwP9XnpL._AC_UL320_.jpg,,,,,,,,,,,https://www.amazon.eg/dp/B0GMRJ473V,2026-06-07T05:56:49.862769
amazon,B0GV7X4M68,"Ronza High Waist Ribbed Cotton Sports Leggings, Stretchy Elastic Fabric, Comfortable for Women and Girls Up to 105 Kilo",,AR-Womens-Clothing,EGP 175.00,,,3.5,,,,,,,https://m.media-amazon.com/images/I/610pEYXYw3L._AC_UL320_.jpg,https://m.media-amazon.com/images/I/610pEYXYw3L._AC_UL320_.jpg,,,,,,,,,,,https://www.amazon.eg/dp/B0GV7X4M68,2026-06-07T05:56:49.863193
amazon,B0F9X545RX,AJYAL,AJYAL,AR-Womens-Clothing,EGP 150.00,,,4.1,,,,,,,https://m.media-amazon.com/images/I/31vnmnwo8wL._AC_UL320_.jpg,https://m.media-amazon.com/images/I/31vnmnwo8wL._AC_UL320_.jpg,,,,,,,,,,,https://www.amazon.eg/dp/B0F9X545RX,2026-06-07T05:56:49.863595
amazon,B0GPKPM1TS,Women's 2 Piece Crop Top and High Waist Leggings Set,,AR-Womens-Clothing,EGP 790.00,,,,,,,,,,https://m.media-amazon.com/images/I/41XRgNQQOIL._AC_UL320_.jpg,https://m.media-amazon.com/images/I/41XRgNQQOIL._AC_UL320_.jpg,,,,,,,,,,,https://www.amazon.eg/dp/B0GPKPM1TS,2026-06-07T05:56:49.863882
amazon,B0BVRVS7FN,Dice,Dice,AR-Womens-Clothing,EGP 158.96,,,4.4,,,,,,,https://m.media-amazon.com/images/I/81gJcCFagrL._AC_UL320_.jpg,https://m.media-amazon.com/images/I/81gJcCFagrL._AC_UL320_.jpg,,,,,,,,,,,https://www.amazon.eg/dp/B0BVRVS7FN,2026-06-07T05:56:49.864332
amazon,B0D5HWNC34,Andora,Andora,AR-Womens-Clothing,EGP 549.00,EGP 749.00,,3.6,List:,,,,,,https://m.media-amazon.com/images/I/61BIoHfZP9L._AC_UL320_.jpg,https://m.media-amazon.com/images/I/61BIoHfZP9L._AC_UL320_.jpg,,,,,,,,,,,https://www.amazon.eg/dp/B0D5HWNC34,2026-06-07T05:56:49.864795
amazon,B0F7Y4NLVL,Andora,Andora,AR-Womens-Clothing,EGP 449.00,EGP 599.00,,3.7,List:,,,,,,https://m.media-amazon.com/images/I/61SuUkqiXGL._AC_UL320_.jpg,https://m.media-amazon.com/images/I/61SuUkqiXGL._AC_UL320_.jpg,,,,,,,,,,,https://www.amazon.eg/dp/B0F7Y4NLVL,2026-06-07T05:56:49.865262
amazon,B0FRZBDSB3,"BELLAVUE Women's One Shoulder Asymmetrical Tank Top, Jersey Knit Cotton, Sleeveless",,AR-Womens-Clothing,EGP 299.00,,,4.8,,,,,,,https://m.media-amazon.com/images/I/51vzcD6eWyL._AC_UL320_.jpg,https://m.media-amazon.com/images/I/51vzcD6eWyL._AC_UL320_.jpg,,,,,,,,,,,https://www.amazon.eg/dp/B0FRZBDSB3,2026-06-07T05:56:49.865704
amazon,B0FR5DBDW7,Women's Plus Size Squared Neck Knitted Vest,,AR-Womens-Clothing,EGP 179.99,,,,,,,,,,https://m.media-amazon.com/images/I/415xB7+Q45L._AC_UL320_.jpg,https://m.media-amazon.com/images/I/415xB7+Q45L._AC_UL320_.jpg,,,,,,,,,,,https://www.amazon.eg/dp/B0FR5DBDW7,2026-06-07T05:56:49.866089
amazon,B0GMRSBWMM,LC WAIKIKI,LC WAIKIKI,AR-Womens-Clothing,EGP 259.00,,,5.0,,,,,,,https://m.media-amazon.com/images/I/81YiiWKfgiL._AC_UL320_.jpg,https://m.media-amazon.com/images/I/81YiiWKfgiL._AC_UL320_.jpg,,,,,,,,,,,https://www.amazon.eg/dp/B0GMRSBWMM,2026-06-07T05:56:49.866456
amazon,B0FY6FSGSX,نعوم,نعوم,AR-Womens-Clothing,EGP 495.00,,,4.0,,,,,,,https://m.media-amazon.com/images/I/41l2WD68mzL._AC_UL320_.jpg,https://m.media-amazon.com/images/I/41l2WD68mzL._AC_UL320_.jpg,,,,,,,,,,,https://www.amazon.eg/dp/B0FY6FSGSX,2026-06-07T05:56:49.866803
amazon,B0FY4HZFJQ,Mila Women's Pullover - Premium Knitwear Sweater Pullover for Women - Chic & Stylish - Perfect Holiday & Special Occasion Gift - One Size fits Most – بلوفر حريمي,,AR-Womens-Clothing,EGP 399.99,,,4.4,,,,,,,https://m.media-amazon.com/images/I/715iM+eJX3L._AC_UL320_.jpg,https://m.media-amazon.com/images/I/715iM+eJX3L._AC_UL320_.jpg,,,,,,,,,,,https://www.amazon.eg/dp/B0FY4HZFJQ,2026-06-07T05:56:49.867252
amazon,B0GK2RVZXK,Dice,Dice,AR-Womens-Clothing,EGP 317.05,,,,,,,,,,https://m.media-amazon.com/images/I/21Iq19vD7bL._AC_UL320_.jpg,https://m.media-amazon.com/images/I/21Iq19vD7bL._AC_UL320_.jpg,,,,,,,,,,,https://www.amazon.eg/dp/B0GK2RVZXK,2026-06-07T05:56:49.867566
amazon,B0CDB213T6,Charmaine,Charmaine,AR-Womens-Clothing,EGP 154.00,,,4.4,,,,,,,https://m.media-amazon.com/images/I/71CaH+TEgNL._AC_UL320_.jpg,https://m.media-amazon.com/images/I/71CaH+TEgNL._AC_UL320_.jpg,,,,,,,,,,,https://www.amazon.eg/dp/B0CDB213T6,2026-06-07T05:56:49.867996
amazon,B0B72CD86H,Trendyol,Trendyol,AR-Womens-Clothing,EGP 453.52,EGP 509.00,,4.6,List:,,,,,,https://m.media-amazon.com/images/I/710It3CQLWL._AC_UL320_.jpg,https://m.media-amazon.com/images/I/710It3CQLWL._AC_UL320_.jpg,,,,,,,,,,,https://www.amazon.eg/dp/B0B72CD86H,2026-06-07T05:56:49.868414
amazon,B0G2MS28XK,Meza,Meza,AR-Womens-Clothing,EGP 170.10,EGP 189.00,,3.7,Was:,,,,,,https://m.media-amazon.com/images/I/7116Qu7ykvL._AC_UL320_.jpg,https://m.media-amazon.com/images/I/7116Qu7ykvL._AC_UL320_.jpg,,,,,,,,,,,https://www.amazon.eg/dp/B0G2MS28XK,2026-06-07T05:56:49.869675
amazon,B0F9KVV5K5,ZECOTEX,ZECOTEX,AR-Womens-Clothing,EGP 621.00,,,4.4,,,,,,,https://m.media-amazon.com/images/I/61HHMelGveL._AC_UL320_.jpg,https://m.media-amazon.com/images/I/61HHMelGveL._AC_UL320_.jpg,,,,,,,,,,,https://www.amazon.eg/dp/B0F9KVV5K5,2026-06-07T05:56:49.870078
amazon,B0D2D85HG5,Sotex,Sotex,AR-Womens-Clothing,EGP 185.00,,,4.6,,,,,,,https://m.media-amazon.com/images/I/61jWcl1c5HL._AC_UL320_.jpg,https://m.media-amazon.com/images/I/61jWcl1c5HL._AC_UL320_.jpg,,,,,,,,,,,https://www.amazon.eg/dp/B0D2D85HG5,2026-06-07T05:56:49.870648
amazon,B0DWT5PTT9,Dice,Dice,AR-Womens-Clothing,EGP 179.00,,,4.5,,,,,,,https://m.media-amazon.com/images/I/311CK3U-jJL._AC_UL320_.jpg,https://m.media-amazon.com/images/I/311CK3U-jJL._AC_UL320_.jpg,,,,,,,,,,,https://www.amazon.eg/dp/B0DWT5PTT9,2026-06-07T05:56:49.871069
amazon,B0B5Y3WYVZ,Nileton,Nileton,AR-Womens-Clothing,EGP 435.00,,,4.2,,,,,,,https://m.media-amazon.com/images/I/41uMKO+vJcL._AC_UL320_.jpg,https://m.media-amazon.com/images/I/41uMKO+vJcL._AC_UL320_.jpg,,,,,,,,,,,https://www.amazon.eg/dp/B0B5Y3WYVZ,2026-06-07T05:56:49.871530
amazon,B0BVM2N7BL,Mesery,Mesery,AR-Womens-Clothing,EGP 179.00,,,3.9,,,,,,,https://m.media-amazon.com/images/I/614temDyzGL._AC_UL320_.jpg,https://m.media-amazon.com/images/I/614temDyzGL._AC_UL320_.jpg,,,,,,,,,,,https://www.amazon.eg/dp/B0BVM2N7BL,2026-06-07T05:56:49.871883
amazon,B0DD7RH65W,Charmaine,Charmaine,AR-Womens-Clothing,EGP 396.00,,,4.3,,,,,,,https://m.media-amazon.com/images/I/61U7axKAbRL._AC_UL320_.jpg,https://m.media-amazon.com/images/I/61U7axKAbRL._AC_UL320_.jpg,,,,,,,,,,,https://www.amazon.eg/dp/B0DD7RH65W,2026-06-07T05:56:49.872280
amazon,B0GG5K7165,AJYAL,AJYAL,AR-Womens-Clothing,EGP 200.00,,,3.8,,,,,,,https://m.media-amazon.com/images/I/31HRheqD-nL._AC_UL320_.jpg,https://m.media-amazon.com/images/I/31HRheqD-nL._AC_UL320_.jpg,,,,,,,,,,,https://www.amazon.eg/dp/B0GG5K7165,2026-06-07T05:56:49.872730
amazon,B0F7HZZHM9,Meza,Meza,AR-Womens-Clothing,EGP 251.10,,,3.4,,,,,,,https://m.media-amazon.com/images/I/814J6YdPWxL._AC_UL320_.jpg,https://m.media-amazon.com/images/I/814J6YdPWxL._AC_UL320_.jpg,,,,,,,,,,,https://www.amazon.eg/dp/B0F7HZZHM9,2026-06-07T05:56:49.873092
amazon,B0GL2TDY7D,LC WAIKIKI,LC WAIKIKI,AR-Womens-Clothing,EGP 395.00,,,5.0,,,,,,,https://m.media-amazon.com/images/I/81RPHwZZt4L._AC_UL320_.jpg,https://m.media-amazon.com/images/I/81RPHwZZt4L._AC_UL320_.jpg,,,,,,,,,,,https://www.amazon.eg/dp/B0GL2TDY7D,2026-06-07T05:56:53.615908
amazon,B0GL2N8BKT,LC WAIKIKI,LC WAIKIKI,AR-Womens-Clothing,EGP 779.00,,,,,,,,,,https://m.media-amazon.com/images/I/71hAMOJULJL._AC_UL320_.jpg,https://m.media-amazon.com/images/I/71hAMOJULJL._AC_UL320_.jpg,,,,,,,,,,,https://www.amazon.eg/dp/B0GL2N8BKT,2026-06-07T05:56:53.616241
amazon,B07X37LY2C,DeFacto,DeFacto,AR-Womens-Clothing,EGP 359.60,EGP 609.00,,4.0,List:,,,,,,https://m.media-amazon.com/images/I/61uJ2+Yab2L._AC_UL320_.jpg,https://m.media-amazon.com/images/I/61uJ2+Yab2L._AC_UL320_.jpg,,,,,,,,,,,https://www.amazon.eg/dp/B07X37LY2C,2026-06-07T05:56:53.617083
amazon,B0GS2SHX6L,LC WAIKIKI,LC WAIKIKI,AR-Womens-Clothing,EGP 405.00,,,,,,,,,,https://m.media-amazon.com/images/I/61K4+lPy-AL._AC_UL320_.jpg,https://m.media-amazon.com/images/I/61K4+lPy-AL._AC_UL320_.jpg,,,,,,,,,,,https://www.amazon.eg/dp/B0GS2SHX6L,2026-06-07T05:56:53.618951
amazon,B0D2D7C5TQ,Sotex,Sotex,AR-Womens-Clothing,EGP 185.00,,,4.6,,,,,,,https://m.media-amazon.com/images/I/71LZ2qIuHKL._AC_UL320_.jpg,https://m.media-amazon.com/images/I/71LZ2qIuHKL._AC_UL320_.jpg,,,,,,,,,,,https://www.amazon.eg/dp/B0D2D7C5TQ,2026-06-07T05:56:53.620604
amazon,B0BTHQ7QWS,Trendyol,Trendyol,AR-Womens-Clothing,EGP 458.00,"EGP 1,079.00",,,List:,,,,,,https://m.media-amazon.com/images/I/51+vwvgZz5L._AC_UL320_.jpg,https://m.media-amazon.com/images/I/51+vwvgZz5L._AC_UL320_.jpg,,,,,,,,,,,https://www.amazon.eg/dp/B0BTHQ7QWS,2026-06-07T05:56:53.620958
amazon,B0DWXZKCHX,Andora,Andora,AR-Womens-Clothing,EGP 829.00,,,4.5,,,,,,,https://m.media-amazon.com/images/I/7164PHPbxDL._AC_UL320_.jpg,https://m.media-amazon.com/images/I/7164PHPbxDL._AC_UL320_.jpg,,,,,,,,,,,https://www.amazon.eg/dp/B0DWXZKCHX,2026-06-07T05:56:53.621372
amazon,B0GJTS9B9W,Buongiorno,Buongiorno,AR-Womens-Clothing,EGP 749.00,,,,,,,,,,https://m.media-amazon.com/images/I/41kQBL5RRjL._AC_UL320_.jpg,https://m.media-amazon.com/images/I/41kQBL5RRjL._AC_UL320_.jpg,,,,,,,,,,,https://www.amazon.eg/dp/B0GJTS9B9W,2026-06-07T05:56:53.621668
amazon,B0GCY4S791,Meza,Meza,AR-Womens-Clothing,EGP 404.10,,,3.5,,,,,,,https://m.media-amazon.com/images/I/617wONRTwtL._AC_UL320_.jpg,https://m.media-amazon.com/images/I/617wONRTwtL._AC_UL320_.jpg,,,,,,,,,,,https://www.amazon.eg/dp/B0GCY4S791,2026-06-07T05:56:53.622110
amazon,B0FK5DYS9S,KEMT FASHION,KEMT FASHION,AR-Womens-Clothing,EGP 660.00,,,,,,,,,,https://m.media-amazon.com/images/I/41waO8LTW8L._AC_UL320_.jpg,https://m.media-amazon.com/images/I/41waO8LTW8L._AC_UL320_.jpg,,,,,,,,,,,https://www.amazon.eg/dp/B0FK5DYS9S,2026-06-07T05:56:53.622868
amazon,B0G3J4ZHKR,Dabbagh,Dabbagh,AR-Womens-Clothing,EGP 199.00,,,4.2,,,,,,,https://m.media-amazon.com/images/I/813PrRJgcML._AC_UL320_.jpg,https://m.media-amazon.com/images/I/813PrRJgcML._AC_UL320_.jpg,,,,,,,,,,,https://www.amazon.eg/dp/B0G3J4ZHKR,2026-06-07T05:56:53.623635
amazon,B0GL2K5FNR,LC WAIKIKI,LC WAIKIKI,AR-Womens-Clothing,EGP 463.00,,,5.0,,,,,,,https://m.media-amazon.com/images/I/71ywiVD+s+L._AC_UL320_.jpg,https://m.media-amazon.com/images/I/71ywiVD+s+L._AC_UL320_.jpg,,,,,,,,,,,https://www.amazon.eg/dp/B0GL2K5FNR,2026-06-07T05:56:53.623978
amazon,B0D8DBGB5J,ONLY,ONLY,AR-Womens-Clothing,"EGP 1,003.00","EGP 1,479.00",,4.6,List:,,,,,,https://m.media-amazon.com/images/I/71ap9ZK9-lL._AC_UL320_.jpg,https://m.media-amazon.com/images/I/71ap9ZK9-lL._AC_UL320_.jpg,,,,,,,,,,,https://www.amazon.eg/dp/B0D8DBGB5J,2026-06-07T05:56:53.624450
amazon,B0G2HBPTD1,CAESAR - سيزر,CAESAR - سيزر,AR-Womens-Clothing,EGP 323.00,,,,,,,,,,https://m.media-amazon.com/images/I/613ALxVQzvL._AC_UL320_.jpg,https://m.media-amazon.com/images/I/613ALxVQzvL._AC_UL320_.jpg,,,,,,,,,,,https://www.amazon.eg/dp/B0G2HBPTD1,2026-06-07T05:56:53.624835
amazon,B0F4VXX8N3,Meza,Meza,AR-Womens-Clothing,EGP 386.10,,,4.0,,,,,,,https://m.media-amazon.com/images/I/71-oHdN5csL._AC_UL320_.jpg,https://m.media-amazon.com/images/I/71-oHdN5csL._AC_UL320_.jpg,,,,,,,,,,,https://www.amazon.eg/dp/B0F4VXX8N3,2026-06-07T05:56:53.625249
amazon,B0F4F19Z4L,GuLiNiao,GuLiNiao,AR-Womens-Clothing,EGP 499.99,,,4.3,,,,,,,https://m.media-amazon.com/images/I/51wjRdSxPbL._AC_UL320_.jpg,https://m.media-amazon.com/images/I/51wjRdSxPbL._AC_UL320_.jpg,,,,,,,,,,,https://www.amazon.eg/dp/B0F4F19Z4L,2026-06-07T05:56:53.625763
amazon,B0FLYRDFKP,Meza,Meza,AR-Womens-Clothing,EGP 359.10,EGP 399.00,,3.2,Was:,,,,,,https://m.media-amazon.com/images/I/71o-91V-2XL._AC_UL320_.jpg,https://m.media-amazon.com/images/I/71o-91V-2XL._AC_UL320_.jpg,,,,,,,,,,,https://www.amazon.eg/dp/B0FLYRDFKP,2026-06-07T05:56:53.626245
amazon,B0GW3JQWFJ,Sol Suave,Sol Suave,AR-Womens-Clothing,EGP 107.99,,,4.4,,,,,,,https://m.media-amazon.com/images/I/51ZQEA6FP2L._AC_UL320_.jpg,https://m.media-amazon.com/images/I/51ZQEA6FP2L._AC_UL320_.jpg,,,,,,,,,,,https://www.amazon.eg/dp/B0GW3JQWFJ,2026-06-07T05:56:53.626706
amazon,B0GSRXHK46,MANIKAN Women's Ruffle Mini Slip Lingerie Bodycon Spaghetti Strap Short Nightwear,,AR-Womens-Clothing,EGP 154.99,EGP 159.99,,1.0,Was:,,,,,,https://m.media-amazon.com/images/I/61lhbOr5EiL._AC_UL320_.jpg,https://m.media-amazon.com/images/I/61lhbOr5EiL._AC_UL320_.jpg,,,,,,,,,,,https://www.amazon.eg/dp/B0GSRXHK46,2026-06-07T05:56:53.627099
amazon,B0DWSZ17XZ,CAESAR,CAESAR,AR-Womens-Clothing,EGP 519.00,,,4.6,,,,,,,https://m.media-amazon.com/images/I/61Zd0orIPKL._AC_UL320_.jpg,https://m.media-amazon.com/images/I/61Zd0orIPKL._AC_UL320_.jpg,,,,,,,,,,,https://www.amazon.eg/dp/B0DWSZ17XZ,2026-06-07T05:56:53.627486
amazon,B0GFPTKQD7,Unisex Polar Plaid Pants for Women Men Girls Youth - Wide Leg with Pockets - One Piece,,AR-Womens-Clothing,EGP 499.00,,,1.0,,,,,,,https://m.media-amazon.com/images/I/618zYf7yGDL._AC_UL320_.jpg,https://m.media-amazon.com/images/I/618zYf7yGDL._AC_UL320_.jpg,,,,,,,,,,,https://www.amazon.eg/dp/B0GFPTKQD7,2026-06-07T05:56:53.627910
amazon,B0CZXW4612,adidas,adidas,AR-Womens-Clothing,EGP 783.00,"EGP 1,599.00",,4.6,List:,,,,,,https://m.media-amazon.com/images/I/61YM9f+NkrL._AC_UL320_.jpg,https://m.media-amazon.com/images/I/61YM9f+NkrL._AC_UL320_.jpg,,,,,,,,,,,https://www.amazon.eg/dp/B0CZXW4612,2026-06-07T05:56:53.628413
amazon,B0F9FWX5RS,AJYAL,AJYAL,AR-Womens-Clothing,EGP 165.00,,,3.6,,,,,,,https://m.media-amazon.com/images/I/310vV8-xygL._AC_UL320_.jpg,https://m.media-amazon.com/images/I/310vV8-xygL._AC_UL320_.jpg,,,,,,,,,,,https://www.amazon.eg/dp/B0F9FWX5RS,2026-06-07T05:56:53.628855
amazon,B0D1R87JYW,ONLY,ONLY,AR-Womens-Clothing,"EGP 1,322.00",,,4.0,,,,,,,https://m.media-amazon.com/images/I/817m+pFp83L._AC_UL320_.jpg,https://m.media-amazon.com/images/I/817m+pFp83L._AC_UL320_.jpg,,,,,,,,,,,https://www.amazon.eg/dp/B0D1R87JYW,2026-06-07T05:56:53.629198
amazon,B0DGWKPW6X,Cottonil,Cottonil,AR-Womens-Clothing,EGP 173.00,,,3.9,,,,,,,https://m.media-amazon.com/images/I/41xAPWNn9XL._AC_UL320_.jpg,https://m.media-amazon.com/images/I/41xAPWNn9XL._AC_UL320_.jpg,,,,,,,,,,,https://www.amazon.eg/dp/B0DGWKPW6X,2026-06-07T05:56:53.629611
amazon,B0DTFGZSDX,KOTON,KOTON,AR-Womens-Clothing,EGP 779.00,,,4.0,,,,,,,https://m.media-amazon.com/images/I/81mNHf8NOyL._AC_UL320_.jpg,https://m.media-amazon.com/images/I/81mNHf8NOyL._AC_UL320_.jpg,,,,,,,,,,,https://www.amazon.eg/dp/B0DTFGZSDX,2026-06-07T05:56:53.630372
amazon,B0DS98K4DJ,KOTON,KOTON,AR-Womens-Clothing,EGP 986.00,,,5.0,,,,,,,https://m.media-amazon.com/images/I/61DG-mAX57L._AC_UL320_.jpg,https://m.media-amazon.com/images/I/61DG-mAX57L._AC_UL320_.jpg,,,,,,,,,,,https://www.amazon.eg/dp/B0DS98K4DJ,2026-06-07T05:56:53.630713
amazon,B08XS1JV7T,CARINA,CARINA,AR-Womens-Clothing,EGP 299.99,,,4.0,,,,,,,https://m.media-amazon.com/images/I/416TBeZH0pL._AC_UL320_.jpg,https://m.media-amazon.com/images/I/416TBeZH0pL._AC_UL320_.jpg,,,,,,,,,,,https://www.amazon.eg/dp/B08XS1JV7T,2026-06-07T05:56:53.631124
amazon,B0CZP3MMDF,adidas,adidas,AR-Womens-Clothing,"EGP 1,564.00","EGP 1,999.00",,4.5,List:,,,,,,https://m.media-amazon.com/images/I/71XtWUKMFlL._AC_UL320_.jpg,https://m.media-amazon.com/images/I/71XtWUKMFlL._AC_UL320_.jpg,,,,,,,,,,,https://www.amazon.eg/dp/B0CZP3MMDF,2026-06-07T05:56:53.631571
amazon,B09WKDL7TQ,Mesery,Mesery,AR-Womens-Clothing,EGP 199.00,,,3.4,,,,,,,https://m.media-amazon.com/images/I/51p78GAY3FL._AC_UL320_.jpg,https://m.media-amazon.com/images/I/51p78GAY3FL._AC_UL320_.jpg,,,,,,,,,,,https://www.amazon.eg/dp/B09WKDL7TQ,2026-06-07T05:56:53.632379
amazon,B0FZKTVRTH,Charmaine,Charmaine,AR-Womens-Clothing,EGP 241.00,EGP 269.00,,4.2,List:,,,,,,https://m.media-amazon.com/images/I/61IGCGxdGwL._AC_UL320_.jpg,https://m.media-amazon.com/images/I/61IGCGxdGwL._AC_UL320_.jpg,,,,,,,,,,,https://www.amazon.eg/dp/B0FZKTVRTH,2026-06-07T05:56:53.632864
amazon,B0FG3BLR6F,Meza,Meza,AR-Womens-Clothing,EGP 359.10,,,4.0,,,,,,,https://m.media-amazon.com/images/I/71udDCpTYwL._AC_UL320_.jpg,https://m.media-amazon.com/images/I/71udDCpTYwL._AC_UL320_.jpg,,,,,,,,,,,https://www.amazon.eg/dp/B0FG3BLR6F,2026-06-07T05:56:53.633271
amazon,B0DT1LDTS4,Meza,Meza,AR-Womens-Clothing,EGP 269.10,EGP 299.00,,3.8,Was:,,,,,,https://m.media-amazon.com/images/I/61rhRyBG5rL._AC_UL320_.jpg,https://m.media-amazon.com/images/I/61rhRyBG5rL._AC_UL320_.jpg,,,,,,,,,,,https://www.amazon.eg/dp/B0DT1LDTS4,2026-06-07T05:56:53.633790
amazon,B0DBG7TZ4H,Levi's,Levi's,AR-Womens-Clothing,"EGP 2,715.00",,,5.0,,,,,,,https://m.media-amazon.com/images/I/91yeH2SirLL._AC_UL320_.jpg,https://m.media-amazon.com/images/I/91yeH2SirLL._AC_UL320_.jpg,,,,,,,,,,,https://www.amazon.eg/dp/B0DBG7TZ4H,2026-06-07T05:56:53.634192
amazon,B0F7G56C59,Calvino,Calvino,AR-Womens-Clothing,EGP 129.00,,,3.6,,,,,,,https://m.media-amazon.com/images/I/61XrRKZLAOL._AC_UL320_.jpg,https://m.media-amazon.com/images/I/61XrRKZLAOL._AC_UL320_.jpg,,,,,,,,,,,https://www.amazon.eg/dp/B0F7G56C59,2026-06-07T05:56:53.634630
amazon,B0DWT6G8V6,Dice,Dice,AR-Womens-Clothing,EGP 180.00,,,4.2,,,,,,,https://m.media-amazon.com/images/I/81xSf4zERhL._AC_UL320_.jpg,https://m.media-amazon.com/images/I/81xSf4zERhL._AC_UL320_.jpg,,,,,,,,,,,https://www.amazon.eg/dp/B0DWT6G8V6,2026-06-07T05:56:53.635033
amazon,B0FBMCMJXG,ZECOTEX,ZECOTEX,AR-Womens-Clothing,EGP 805.00,,,3.2,,,,,,,https://m.media-amazon.com/images/I/61UW1+IL29L._AC_UL320_.jpg,https://m.media-amazon.com/images/I/61UW1+IL29L._AC_UL320_.jpg,,,,,,,,,,,https://www.amazon.eg/dp/B0FBMCMJXG,2026-06-07T05:56:57.434614
amazon,B09QNZ63HC,PUMA,PUMA,AR-Womens-Clothing,"EGP 1,412.73",,,4.4,,,,,,,https://m.media-amazon.com/images/I/51N14G19sEL._AC_UL320_.jpg,https://m.media-amazon.com/images/I/51N14G19sEL._AC_UL320_.jpg,,,,,,,,,,,https://www.amazon.eg/dp/B09QNZ63HC,2026-06-07T05:56:57.436218
amazon,B0G6N39R95,NF22-053 Women's Sexy Lace Lingerie Bodysuit One Piece Gold Chain Detail Multicolor,,AR-Womens-Clothing,EGP 415.00,,,3.7,,,,,,,https://m.media-amazon.com/images/I/514cP5-U1CL._AC_UL320_.jpg,https://m.media-amazon.com/images/I/514cP5-U1CL._AC_UL320_.jpg,,,,,,,,,,,https://www.amazon.eg/dp/B0G6N39R95,2026-06-07T05:56:57.436606
amazon,B09W2STWTB,ONLY,ONLY,AR-Womens-Clothing,EGP 904.53,,,4.2,,,,,,,https://m.media-amazon.com/images/I/617QKbFHkcL._AC_UL320_.jpg,https://m.media-amazon.com/images/I/617QKbFHkcL._AC_UL320_.jpg,,,,,,,,,,,https://www.amazon.eg/dp/B09W2STWTB,2026-06-07T05:56:57.436942
amazon,B0DJ2JJGWC,adidas,adidas,AR-Womens-Clothing,"EGP 3,165.90",,,4.3,,,,,,,https://m.media-amazon.com/images/I/61riTzlVcrL._AC_UL320_.jpg,https://m.media-amazon.com/images/I/61riTzlVcrL._AC_UL320_.jpg,,,,,,,,,,,https://www.amazon.eg/dp/B0DJ2JJGWC,2026-06-07T05:56:57.437277
amazon,B0FNN4QBVT,Meza,Meza,AR-Womens-Clothing,EGP 179.00,,,3.7,,,,,,,https://m.media-amazon.com/images/I/71zjXh3ktGL._AC_UL320_.jpg,https://m.media-amazon.com/images/I/71zjXh3ktGL._AC_UL320_.jpg,,,,,,,,,,,https://www.amazon.eg/dp/B0FNN4QBVT,2026-06-07T05:56:57.438060
amazon,B0F12R219W,Meza,Meza,AR-Womens-Clothing,EGP 386.10,EGP 429.00,,3.9,Was:,,,,,,https://m.media-amazon.com/images/I/61vskzJxgoL._AC_UL320_.jpg,https://m.media-amazon.com/images/I/61vskzJxgoL._AC_UL320_.jpg,,,,,,,,,,,https://www.amazon.eg/dp/B0F12R219W,2026-06-07T05:56:57.438851
amazon,B0CP12724M,Nileton,Nileton,AR-Womens-Clothing,EGP 475.00,,,3.5,,,,,,,https://m.media-amazon.com/images/I/41wXO6OZhIL._AC_UL320_.jpg,https://m.media-amazon.com/images/I/41wXO6OZhIL._AC_UL320_.jpg,,,,,,,,,,,https://www.amazon.eg/dp/B0CP12724M,2026-06-07T05:56:57.439234
amazon,B0CKNVLQ85,Nileton,Nileton,AR-Womens-Clothing,EGP 399.00,,,4.0,,,,,,,https://m.media-amazon.com/images/I/51BjXaf19hL._AC_UL320_.jpg,https://m.media-amazon.com/images/I/51BjXaf19hL._AC_UL320_.jpg,,,,,,,,,,,https://www.amazon.eg/dp/B0CKNVLQ85,2026-06-07T05:56:57.439660
amazon,B0DWSQ6MQ5,Vienna Elite,Vienna Elite,AR-Womens-Clothing,EGP 145.00,,,4.0,,,,,,,https://m.media-amazon.com/images/I/41ulbKzQbAL._AC_UL320_.jpg,https://m.media-amazon.com/images/I/41ulbKzQbAL._AC_UL320_.jpg,,,,,,,,,,,https://www.amazon.eg/dp/B0DWSQ6MQ5,2026-06-07T05:56:57.440493
amazon,B0FHC3ZZRZ,"High Waisted Full Length Workout, Women's Athletic Leggings with Signature Pattern. Comfortable and Stretchy for Sport and Everyday Style for Girls and Women",,AR-Womens-Clothing,EGP 233.10,EGP 259.00,,3.3,Was:,,,,,,https://m.media-amazon.com/images/I/71dvBv6cp7L._AC_UL320_.jpg,https://m.media-amazon.com/images/I/71dvBv6cp7L._AC_UL320_.jpg,,,,,,,,,,,https://www.amazon.eg/dp/B0FHC3ZZRZ,2026-06-07T05:56:57.440975
amazon,B0FH59S2NS,AJYAL,AJYAL,AR-Womens-Clothing,EGP 179.00,,,3.3,,,,,,,https://m.media-amazon.com/images/I/31nKBA-iWhL._AC_UL320_.jpg,https://m.media-amazon.com/images/I/31nKBA-iWhL._AC_UL320_.jpg,,,,,,,,,,,https://www.amazon.eg/dp/B0FH59S2NS,2026-06-07T05:56:57.441406
amazon,B0FRZ1Z55B,Dabbagh,Dabbagh,AR-Womens-Clothing,EGP 249.00,,,4.4,,,,,,,https://m.media-amazon.com/images/I/71ZJvTTTv5L._AC_UL320_.jpg,https://m.media-amazon.com/images/I/71ZJvTTTv5L._AC_UL320_.jpg,,,,,,,,,,,https://www.amazon.eg/dp/B0FRZ1Z55B,2026-06-07T05:56:57.441740
amazon,B0D2D4HL7L,Sotex,Sotex,AR-Womens-Clothing,EGP 185.00,,,4.5,,,,,,,https://m.media-amazon.com/images/I/51gZgNIaQyL._AC_UL320_.jpg,https://m.media-amazon.com/images/I/51gZgNIaQyL._AC_UL320_.jpg,,,,,,,,,,,https://www.amazon.eg/dp/B0D2D4HL7L,2026-06-07T05:56:57.442162
amazon,B0G3L3DSTT,Silvy,Silvy,AR-Womens-Clothing,EGP 346.00,EGP 380.00,,4.0,List:,,,,,,https://m.media-amazon.com/images/I/315EIgPgGKL._AC_UL320_.jpg,https://m.media-amazon.com/images/I/315EIgPgGKL._AC_UL320_.jpg,,,,,,,,,,,https://www.amazon.eg/dp/B0G3L3DSTT,2026-06-07T05:56:57.442548
amazon,B0DC6Z55PY,Dahab,Dahab,AR-Womens-Clothing,EGP 334.65,EGP 345.00,,4.4,List:,,,,,,https://m.media-amazon.com/images/I/61+Xm43G+UL._AC_UL320_.jpg,https://m.media-amazon.com/images/I/61+Xm43G+UL._AC_UL320_.jpg,,,,,,,,,,,https://www.amazon.eg/dp/B0DC6Z55PY,2026-06-07T05:56:57.443352
amazon,B0FNMT8689,Meza,Meza,AR-Womens-Clothing,EGP 112.50,EGP 125.00,,4.0,Was:,,,,,,https://m.media-amazon.com/images/I/713ssNQ+SRL._AC_UL320_.jpg,https://m.media-amazon.com/images/I/713ssNQ+SRL._AC_UL320_.jpg,,,,,,,,,,,https://www.amazon.eg/dp/B0FNMT8689,2026-06-07T05:56:57.444286
amazon,B0CD9LYJD8,Charmaine,Charmaine,AR-Womens-Clothing,EGP 247.00,,,4.5,,,,,,,https://m.media-amazon.com/images/I/612PT8WfBaL._AC_UL320_.jpg,https://m.media-amazon.com/images/I/612PT8WfBaL._AC_UL320_.jpg,,,,,,,,,,,https://www.amazon.eg/dp/B0CD9LYJD8,2026-06-07T05:56:57.444721
amazon,B0FNMZM34L,Meza,Meza,AR-Womens-Clothing,EGP 108.00,EGP 120.00,,2.9,Was:,,,,,,https://m.media-amazon.com/images/I/710L39aYfRL._AC_UL320_.jpg,https://m.media-amazon.com/images/I/710L39aYfRL._AC_UL320_.jpg,,,,,,,,,,,https://www.amazon.eg/dp/B0FNMZM34L,2026-06-07T05:56:57.445189
amazon,B0D2D6WTMG,Sotex,Sotex,AR-Womens-Clothing,EGP 149.00,,,4.3,,,,,,,https://m.media-amazon.com/images/I/41lYyERDkrL._AC_UL320_.jpg,https://m.media-amazon.com/images/I/41lYyERDkrL._AC_UL320_.jpg,,,,,,,,,,,https://www.amazon.eg/dp/B0D2D6WTMG,2026-06-07T05:56:57.445969
amazon,B0GPRH3K79,"Women's Sport Hip Cover with Sleeves, Activewear Wrap Skirt for Gym and Outdoor Use",,AR-Womens-Clothing,EGP 179.99,,,4.1,,,,,,,https://m.media-amazon.com/images/I/61ZolEhgFdL._AC_UL320_.jpg,https://m.media-amazon.com/images/I/61ZolEhgFdL._AC_UL320_.jpg,,,,,,,,,,,https://www.amazon.eg/dp/B0GPRH3K79,2026-06-07T05:56:57.446410
amazon,B0BGC5G6PF,Nileton,Nileton,AR-Womens-Clothing,EGP 395.00,,,3.7,,,,,,,https://m.media-amazon.com/images/I/41uQA92xMAL._AC_UL320_.jpg,https://m.media-amazon.com/images/I/41uQA92xMAL._AC_UL320_.jpg,,,,,,,,,,,https://www.amazon.eg/dp/B0BGC5G6PF,2026-06-07T05:56:57.446832
amazon,B096L956MM,Cottonil,Cottonil,AR-Womens-Clothing,EGP 163.00,,,4.3,,,,,,,https://m.media-amazon.com/images/I/51XG6jSEZeL._AC_UL320_.jpg,https://m.media-amazon.com/images/I/51XG6jSEZeL._AC_UL320_.jpg,,,,,,,,,,,https://www.amazon.eg/dp/B096L956MM,2026-06-07T05:56:57.447226
amazon,B07X1SJ4FY,DeFacto,DeFacto,AR-Womens-Clothing,EGP 239.65,EGP 303.71,,4.0,Was:,,,,,,https://m.media-amazon.com/images/I/61Hqqny3kTL._AC_UL320_.jpg,https://m.media-amazon.com/images/I/61Hqqny3kTL._AC_UL320_.jpg,,,,,,,,,,,https://www.amazon.eg/dp/B07X1SJ4FY,2026-06-07T05:56:57.447703
amazon,B0B4WD5FZK,Mesery,Mesery,AR-Womens-Clothing,EGP 339.00,,,3.7,,,,,,,https://m.media-amazon.com/images/I/411RlfwfeRL._AC_UL320_.jpg,https://m.media-amazon.com/images/I/411RlfwfeRL._AC_UL320_.jpg,,,,,,,,,,,https://www.amazon.eg/dp/B0B4WD5FZK,2026-06-07T05:56:57.448038
amazon,B0FF58MV7C,Womens Short Underwear - Set of 4 - Boxer Women - Underwear for Women - Hot Short - Multicolor - Multi Shapes,,AR-Womens-Clothing,EGP 275.00,,,1.4,,,,,,,https://m.media-amazon.com/images/I/41GZnStBDkL._AC_UL320_.jpg,https://m.media-amazon.com/images/I/41GZnStBDkL._AC_UL320_.jpg,,,,,,,,,,,https://www.amazon.eg/dp/B0FF58MV7C,2026-06-07T05:56:57.448423
amazon,B0CBFYHC49,Nileton,Nileton,AR-Womens-Clothing,EGP 247.50,,,3.9,,,,,,,https://m.media-amazon.com/images/I/51G3hCoC0nL._AC_UL320_.jpg,https://m.media-amazon.com/images/I/51G3hCoC0nL._AC_UL320_.jpg,,,,,,,,,,,https://www.amazon.eg/dp/B0CBFYHC49,2026-06-07T05:56:57.449265
amazon,B09JGMVGPC,Dahab,Dahab,AR-Womens-Clothing,EGP 90.92,,,4.6,,,,,,,https://m.media-amazon.com/images/I/61D0TDZRvnL._AC_UL320_.jpg,https://m.media-amazon.com/images/I/61D0TDZRvnL._AC_UL320_.jpg,,,,,,,,,,,https://www.amazon.eg/dp/B09JGMVGPC,2026-06-07T05:56:57.449639
amazon,B0DFGCT7KC,Cottonil,Cottonil,AR-Womens-Clothing,EGP 440.00,EGP 498.00,,3.8,List:,,,,,,https://m.media-amazon.com/images/I/51fZFE8Zm3L._AC_UL320_.jpg,https://m.media-amazon.com/images/I/51fZFE8Zm3L._AC_UL320_.jpg,,,,,,,,,,,https://www.amazon.eg/dp/B0DFGCT7KC,2026-06-07T05:56:57.450518
amazon,B0H1NHXJ7Y,Women Lingerie Nightgown - Soft and Sexy Sheer Fabric - Feminine Sleepwear for Special Occasion,,AR-Womens-Clothing,EGP 499.00,,,,,,,,,,https://m.media-amazon.com/images/I/613dGlLZW1L._AC_UL320_.jpg,https://m.media-amazon.com/images/I/613dGlLZW1L._AC_UL320_.jpg,,,,,,,,,,,https://www.amazon.eg/dp/B0H1NHXJ7Y,2026-06-07T05:56:57.450837
amazon,B0CZ9KNDQL,Nileton,Nileton,AR-Womens-Clothing,EGP 199.00,,,4.1,,,,,,,https://m.media-amazon.com/images/I/51NLwKFVLAL._AC_UL320_.jpg,https://m.media-amazon.com/images/I/51NLwKFVLAL._AC_UL320_.jpg,,,,,,,,,,,https://www.amazon.eg/dp/B0CZ9KNDQL,2026-06-07T05:56:57.451279
amazon,B0B4PSPB7D,Charmaine,Charmaine,AR-Womens-Clothing,EGP 272.00,EGP 308.00,,3.9,List:,,,,,,https://m.media-amazon.com/images/I/61MzJSSVmAL._AC_UL320_.jpg,https://m.media-amazon.com/images/I/61MzJSSVmAL._AC_UL320_.jpg,,,,,,,,,,,https://www.amazon.eg/dp/B0B4PSPB7D,2026-06-07T05:56:57.451777
amazon,B0CZPMTJ8T,adidas,adidas,AR-Womens-Clothing,"EGP 7,961.61",,,4.4,,,,,,,https://m.media-amazon.com/images/I/51rzCfvxM8L._AC_UL320_.jpg,https://m.media-amazon.com/images/I/51rzCfvxM8L._AC_UL320_.jpg,,,,,,,,,,,https://www.amazon.eg/dp/B0CZPMTJ8T,2026-06-07T05:56:57.452132
amazon,B0BBS9KWCC,ZECOTEX,ZECOTEX,AR-Womens-Clothing,EGP 500.40,EGP 556.00,,4.5,Was:,,,,,,https://m.media-amazon.com/images/I/6140sL1F-AL._AC_UL320_.jpg,https://m.media-amazon.com/images/I/6140sL1F-AL._AC_UL320_.jpg,,,,,,,,,,,https://www.amazon.eg/dp/B0BBS9KWCC,2026-06-07T05:56:57.452581
amazon,B0DWT8MZZV,Dice,Dice,AR-Womens-Clothing,EGP 268.00,EGP 289.00,,4.2,List:,,,,,,https://m.media-amazon.com/images/I/21tgKf0VqqL._AC_UL320_.jpg,https://m.media-amazon.com/images/I/21tgKf0VqqL._AC_UL320_.jpg,,,,,,,,,,,https://www.amazon.eg/dp/B0DWT8MZZV,2026-06-07T05:56:57.453067
amazon,B0GYYNKC5T,Dabbagh,Dabbagh,AR-Womens-Clothing,EGP 399.00,,,,,,,,,,https://m.media-amazon.com/images/I/71RXOsSnHgL._AC_UL320_.jpg,https://m.media-amazon.com/images/I/71RXOsSnHgL._AC_UL320_.jpg,,,,,,,,,,,https://www.amazon.eg/dp/B0GYYNKC5T,2026-06-07T05:56:57.453404
amazon,B0DWT8VV1Y,Dice,Dice,AR-Womens-Clothing,EGP 191.00,EGP 289.00,,4.4,List:,,,,,,https://m.media-amazon.com/images/I/21Myi0CF5wL._AC_UL320_.jpg,https://m.media-amazon.com/images/I/21Myi0CF5wL._AC_UL320_.jpg,,,,,,,,,,,https://www.amazon.eg/dp/B0DWT8VV1Y,2026-06-07T05:57:01.117549
amazon,B0B4WCS3TR,Mesery,Mesery,AR-Womens-Clothing,EGP 161.10,,,3.8,,,,,,,https://m.media-amazon.com/images/I/41RnzDpIxyL._AC_UL320_.jpg,https://m.media-amazon.com/images/I/41RnzDpIxyL._AC_UL320_.jpg,,,,,,,,,,,https://www.amazon.eg/dp/B0B4WCS3TR,2026-06-07T05:57:01.118695
amazon,B091D67G6D,WomenUnderwear T-back G-string Lovely Nightwear-Red,,AR-Womens-Clothing,EGP 115.00,,,3.6,,,,,,,https://m.media-amazon.com/images/I/51YgKUlpqaL._AC_UL320_.jpg,https://m.media-amazon.com/images/I/51YgKUlpqaL._AC_UL320_.jpg,,,,,,,,,,,https://www.amazon.eg/dp/B091D67G6D,2026-06-07T05:57:01.119026
amazon,B0DSG51DPZ,Super Soft Cotton Sexy Mesh Lingerie,,AR-Womens-Clothing,EGP 229.00,,,4.0,,,,,,,https://m.media-amazon.com/images/I/61-9sRaGFrL._AC_UL320_.jpg,https://m.media-amazon.com/images/I/61-9sRaGFrL._AC_UL320_.jpg,,,,,,,,,,,https://www.amazon.eg/dp/B0DSG51DPZ,2026-06-07T05:57:01.119375
amazon,B0G1T9TP5R,Lasso,Lasso,AR-Womens-Clothing,EGP 77.00,,,3.5,,,,,,,https://m.media-amazon.com/images/I/41cz2cTHcfL._AC_UL320_.jpg,https://m.media-amazon.com/images/I/41cz2cTHcfL._AC_UL320_.jpg,,,,,,,,,,,https://www.amazon.eg/dp/B0G1T9TP5R,2026-06-07T05:57:01.119782
amazon,B0F7G568FC,Calvino,Calvino,AR-Womens-Clothing,EGP 129.00,,,3.6,,,,,,,https://m.media-amazon.com/images/I/61XrRKZLAOL._AC_UL320_.jpg,https://m.media-amazon.com/images/I/61XrRKZLAOL._AC_UL320_.jpg,,,,,,,,,,,https://www.amazon.eg/dp/B0F7G568FC,2026-06-07T05:57:01.120172
amazon,B0FW5DXYZT,Dahab,Dahab,AR-Womens-Clothing,EGP 100.00,,,5.0,,,,,,,https://m.media-amazon.com/images/I/61MGf9L2f4L._AC_UL320_.jpg,https://m.media-amazon.com/images/I/61MGf9L2f4L._AC_UL320_.jpg,,,,,,,,,,,https://www.amazon.eg/dp/B0FW5DXYZT,2026-06-07T05:57:01.120593
amazon,B0B6BSCSQ5,Cottonil,Cottonil,AR-Womens-Clothing,EGP 387.00,,,3.8,,,,,,,https://m.media-amazon.com/images/I/61ccmm0QZOL._AC_UL320_.jpg,https://m.media-amazon.com/images/I/61ccmm0QZOL._AC_UL320_.jpg,,,,,,,,,,,https://www.amazon.eg/dp/B0B6BSCSQ5,2026-06-07T05:57:01.120956
amazon,B0B4WCRLPW,Mesery,Mesery,AR-Womens-Clothing,EGP 161.10,EGP 179.00,,3.4,Was:,,,,,,https://m.media-amazon.com/images/I/71hFY2QCypL._AC_UL320_.jpg,https://m.media-amazon.com/images/I/71hFY2QCypL._AC_UL320_.jpg,,,,,,,,,,,https://www.amazon.eg/dp/B0B4WCRLPW,2026-06-07T05:57:01.121372
amazon,B08BCSQR2R,Dahab,Dahab,AR-Womens-Clothing,EGP 100.00,,,4.5,,,,,,,https://m.media-amazon.com/images/I/61D0TDZRvnL._AC_UL320_.jpg,https://m.media-amazon.com/images/I/61D0TDZRvnL._AC_UL320_.jpg,,,,,,,,,,,https://www.amazon.eg/dp/B08BCSQR2R,2026-06-07T05:57:01.121797
amazon,B08WJLBQVN,Dice,Dice,AR-Womens-Clothing,EGP 149.99,EGP 158.90,,4.1,Was:,,,,,,https://m.media-amazon.com/images/I/61gu9W7hodL._AC_UL320_.jpg,https://m.media-amazon.com/images/I/61gu9W7hodL._AC_UL320_.jpg,,,,,,,,,,,https://www.amazon.eg/dp/B08WJLBQVN,2026-06-07T05:57:01.122176
amazon,B09X9GLQLH,Mesery,Mesery,AR-Womens-Clothing,EGP 161.10,,,3.8,,,,,,,https://m.media-amazon.com/images/I/71Rd2T0gL5L._AC_UL320_.jpg,https://m.media-amazon.com/images/I/71Rd2T0gL5L._AC_UL320_.jpg,,,,,,,,,,,https://www.amazon.eg/dp/B09X9GLQLH,2026-06-07T05:57:01.122535
amazon,B08WJMBTPZ,Dice,Dice,AR-Womens-Clothing,EGP 213.39,,,4.2,,,,,,,https://m.media-amazon.com/images/I/51liBRZtfML._AC_UL320_.jpg,https://m.media-amazon.com/images/I/51liBRZtfML._AC_UL320_.jpg,,,,,,,,,,,https://www.amazon.eg/dp/B08WJMBTPZ,2026-06-07T05:57:01.122862
amazon,B0F2FLWHQW,GQ,GQ,AR-Womens-Clothing,EGP 499.00,EGP 599.00,,5.0,List:,,,,,,https://m.media-amazon.com/images/I/51gunqQo9mL._AC_UL320_.jpg,https://m.media-amazon.com/images/I/51gunqQo9mL._AC_UL320_.jpg,,,,,,,,,,,https://www.amazon.eg/dp/B0F2FLWHQW,2026-06-07T05:57:01.123234
amazon,B0G3LFJ899,Lasso,Lasso,AR-Womens-Clothing,EGP 315.00,,,3.0,,,,,,,https://m.media-amazon.com/images/I/31C3zrVZmrL._AC_UL320_.jpg,https://m.media-amazon.com/images/I/31C3zrVZmrL._AC_UL320_.jpg,,,,,,,,,,,https://www.amazon.eg/dp/B0G3LFJ899,2026-06-07T05:57:01.123570
amazon,B0B4PS876J,Charmaine,Charmaine,AR-Womens-Clothing,EGP 114.00,,,4.2,,,,,,,https://m.media-amazon.com/images/I/61ng-lTdNpL._AC_UL320_.jpg,https://m.media-amazon.com/images/I/61ng-lTdNpL._AC_UL320_.jpg,,,,,,,,,,,https://www.amazon.eg/dp/B0B4PS876J,2026-06-07T05:57:01.123941
amazon,B0GZMCJCW4,School,School,AR-Womens-Clothing,EGP 239.99,,,,,,,,,,https://m.media-amazon.com/images/I/413mhWuQZbL._AC_UL320_.jpg,https://m.media-amazon.com/images/I/413mhWuQZbL._AC_UL320_.jpg,,,,,,,,,,,https://www.amazon.eg/dp/B0GZMCJCW4,2026-06-07T05:57:01.124226
amazon,B0B6921HRT,Cottonil,Cottonil,AR-Womens-Clothing,EGP 219.00,,,3.9,,,,,,,https://m.media-amazon.com/images/I/51Bd1OA6vOL._AC_UL320_.jpg,https://m.media-amazon.com/images/I/51Bd1OA6vOL._AC_UL320_.jpg,,,,,,,,,,,https://www.amazon.eg/dp/B0B6921HRT,2026-06-07T05:57:01.124572
amazon,B08BCT33SS,Dahab,Dahab,AR-Womens-Clothing,EGP 272.00,,,4.4,,,,,,,https://m.media-amazon.com/images/I/51UhjQuKOTL._AC_UL320_.jpg,https://m.media-amazon.com/images/I/51UhjQuKOTL._AC_UL320_.jpg,,,,,,,,,,,https://www.amazon.eg/dp/B08BCT33SS,2026-06-07T05:57:01.124983
amazon,B09X9977JR,Mesery,Mesery,AR-Womens-Clothing,EGP 289.00,,,3.5,,,,,,,https://m.media-amazon.com/images/I/71-1TPOu-1L._AC_UL320_.jpg,https://m.media-amazon.com/images/I/71-1TPOu-1L._AC_UL320_.jpg,,,,,,,,,,,https://www.amazon.eg/dp/B09X9977JR,2026-06-07T05:57:01.125328
amazon,B0DTKP5FFM,GuLiNiao,GuLiNiao,AR-Womens-Clothing,EGP 279.99,,,3.6,,,,,,,https://m.media-amazon.com/images/I/51qDVe2qGbL._AC_UL320_.jpg,https://m.media-amazon.com/images/I/51qDVe2qGbL._AC_UL320_.jpg,,,,,,,,,,,https://www.amazon.eg/dp/B0DTKP5FFM,2026-06-07T05:57:01.125690
amazon,B0DWHMZCPF,KOTON,KOTON,AR-Womens-Clothing,EGP 204.00,,,5.0,,,,,,,https://m.media-amazon.com/images/I/71cxOIoDjfL._AC_UL320_.jpg,https://m.media-amazon.com/images/I/71cxOIoDjfL._AC_UL320_.jpg,,,,,,,,,,,https://www.amazon.eg/dp/B0DWHMZCPF,2026-06-07T05:57:01.126014
amazon,B09JGT9C1S,Dahab,Dahab,AR-Womens-Clothing,EGP 100.00,,,4.5,,,,,,,https://m.media-amazon.com/images/I/61VVxtMSCPL._AC_UL320_.jpg,https://m.media-amazon.com/images/I/61VVxtMSCPL._AC_UL320_.jpg,,,,,,,,,,,https://www.amazon.eg/dp/B09JGT9C1S,2026-06-07T05:57:01.126452
amazon,B0G3LKPHBZ,Lasso,Lasso,AR-Womens-Clothing,EGP 65.00,,,3.6,,,,,,,https://m.media-amazon.com/images/I/31MNWyBSnEL._AC_UL320_.jpg,https://m.media-amazon.com/images/I/31MNWyBSnEL._AC_UL320_.jpg,,,,,,,,,,,https://www.amazon.eg/dp/B0G3LKPHBZ,2026-06-07T05:57:01.126855
amazon,B0FM7N6Y6M,Dice,Dice,AR-Womens-Clothing,EGP 455.00,,,4.5,,,,,,,https://m.media-amazon.com/images/I/71zj3WpGNML._AC_UL320_.jpg,https://m.media-amazon.com/images/I/71zj3WpGNML._AC_UL320_.jpg,,,,,,,,,,,https://www.amazon.eg/dp/B0FM7N6Y6M,2026-06-07T05:57:01.127228
amazon,B0DPHL76NF,Milk Bar,Milk Bar,AR-Womens-Clothing,EGP 425.00,,,4.0,,,,,,,https://m.media-amazon.com/images/I/71YwunG4khL._AC_UL320_.jpg,https://m.media-amazon.com/images/I/71YwunG4khL._AC_UL320_.jpg,,,,,,,,,,,https://www.amazon.eg/dp/B0DPHL76NF,2026-06-07T05:57:01.127569
amazon,B0G1TCMBCJ,Lasso,Lasso,AR-Womens-Clothing,EGP 70.00,,,3.2,,,,,,,https://m.media-amazon.com/images/I/31MZnHUBo+L._AC_UL320_.jpg,https://m.media-amazon.com/images/I/31MZnHUBo+L._AC_UL320_.jpg,,,,,,,,,,,https://www.amazon.eg/dp/B0G1TCMBCJ,2026-06-07T05:57:01.127949
amazon,B07X3TKS27,DeFacto,DeFacto,AR-Womens-Clothing,EGP 461.00,,,5.0,,,,,,,https://m.media-amazon.com/images/I/61vhPuaEB8L._AC_UL320_.jpg,https://m.media-amazon.com/images/I/61vhPuaEB8L._AC_UL320_.jpg,,,,,,,,,,,https://www.amazon.eg/dp/B07X3TKS27,2026-06-07T05:57:01.128278
amazon,B0B4WFW71P,Mesery,Mesery,AR-Womens-Clothing,EGP 169.00,,,3.8,,,,,,,https://m.media-amazon.com/images/I/71dFxtsqF0L._AC_UL320_.jpg,https://m.media-amazon.com/images/I/71dFxtsqF0L._AC_UL320_.jpg,,,,,,,,,,,https://www.amazon.eg/dp/B0B4WFW71P,2026-06-07T05:57:01.128643
amazon,B0DSG3NP6V,Milk Bar,Milk Bar,AR-Womens-Clothing,EGP 280.00,,,4.0,,,,,,,https://m.media-amazon.com/images/I/61hNgIAJZHL._AC_UL320_.jpg,https://m.media-amazon.com/images/I/61hNgIAJZHL._AC_UL320_.jpg,,,,,,,,,,,https://www.amazon.eg/dp/B0DSG3NP6V,2026-06-07T05:57:01.129004
amazon,B0BST85T58,Silvy,Silvy,AR-Womens-Clothing,EGP 121.00,EGP 135.00,,4.4,List:,,,,,,https://m.media-amazon.com/images/I/51OfPKXwbdL._AC_UL320_.jpg,https://m.media-amazon.com/images/I/51OfPKXwbdL._AC_UL320_.jpg,,,,,,,,,,,https://www.amazon.eg/dp/B0BST85T58,2026-06-07T05:57:01.129482
amazon,B0F2FJV21Y,GQ,GQ,AR-Womens-Clothing,EGP 499.00,EGP 599.00,,3.8,List:,,,,,,https://m.media-amazon.com/images/I/51r-BQ+L6wL._AC_UL320_.jpg,https://m.media-amazon.com/images/I/51r-BQ+L6wL._AC_UL320_.jpg,,,,,,,,,,,https://www.amazon.eg/dp/B0F2FJV21Y,2026-06-07T05:57:01.129869
amazon,B07X5J857G,DeFacto,DeFacto,AR-Womens-Clothing,EGP 468.00,,,5.0,,,,,,,https://m.media-amazon.com/images/I/51cBWI6c7TL._AC_UL320_.jpg,https://m.media-amazon.com/images/I/51cBWI6c7TL._AC_UL320_.jpg,,,,,,,,,,,https://www.amazon.eg/dp/B07X5J857G,2026-06-07T05:57:01.130230
amazon,B0CW3JX36L,Lasso,Lasso,AR-Womens-Clothing,EGP 426.00,,,3.4,,,,,,,https://m.media-amazon.com/images/I/5114HCdCozL._AC_UL320_.jpg,https://m.media-amazon.com/images/I/5114HCdCozL._AC_UL320_.jpg,,,,,,,,,,,https://www.amazon.eg/dp/B0CW3JX36L,2026-06-07T05:57:01.130577
amazon,B0DWT7RTW1,Dice,Dice,AR-Womens-Clothing,EGP 180.00,EGP 299.00,,4.4,List:,,,,,,https://m.media-amazon.com/images/I/31hPVi+vzVL._AC_UL320_.jpg,https://m.media-amazon.com/images/I/31hPVi+vzVL._AC_UL320_.jpg,,,,,,,,,,,https://www.amazon.eg/dp/B0DWT7RTW1,2026-06-07T05:57:01.131053
amazon,B0DF2LXHML,GQ,GQ,AR-Womens-Clothing,EGP 699.00,,,3.2,,,,,,,https://m.media-amazon.com/images/I/51HN72-8DHL._AC_UL320_.jpg,https://m.media-amazon.com/images/I/51HN72-8DHL._AC_UL320_.jpg,,,,,,,,,,,https://www.amazon.eg/dp/B0DF2LXHML,2026-06-07T05:57:01.131401
amazon,B0C697F7WK,Dice,Dice,AR-Womens-Clothing,EGP 314.00,,,4.8,,,,,,,https://m.media-amazon.com/images/I/511ifQSzmjL._AC_UL320_.jpg,https://m.media-amazon.com/images/I/511ifQSzmjL._AC_UL320_.jpg,,,,,,,,,,,https://www.amazon.eg/dp/B0C697F7WK,2026-06-07T05:57:01.131742
amazon,B0FJML7H97,Dadoush,Dadoush,AR-Womens-Clothing,EGP 140.00,,,5.0,,,,,,,https://m.media-amazon.com/images/I/71G98ZPUtDL._AC_UL320_.jpg,https://m.media-amazon.com/images/I/71G98ZPUtDL._AC_UL320_.jpg,,,,,,,,,,,https://www.amazon.eg/dp/B0FJML7H97,2026-06-07T05:57:01.132095
amazon,B0B1YTPJ3M,Lasso,Lasso,AR-Womens-Clothing,EGP 89.00,,,2.9,,,,,,,https://m.media-amazon.com/images/I/5190Zw67mPL._AC_UL320_.jpg,https://m.media-amazon.com/images/I/5190Zw67mPL._AC_UL320_.jpg,,,,,,,,,,,https://www.amazon.eg/dp/B0B1YTPJ3M,2026-06-07T05:57:01.132528
amazon,B0923FK1M2,MALIKA,MALIKA,AR-Womens-Clothing,EGP 239.00,,,3.8,,,,,,,https://m.media-amazon.com/images/I/61zZJAHKoeL._AC_UL320_.jpg,https://m.media-amazon.com/images/I/61zZJAHKoeL._AC_UL320_.jpg,,,,,,,,,,,https://www.amazon.eg/dp/B0923FK1M2,2026-06-07T05:57:01.132862
amazon,B0FJD1Z7YW,Cottonil,Cottonil,AR-Womens-Clothing,EGP 465.00,,,,,,,,,,https://m.media-amazon.com/images/I/81q7HAWdJ7L._AC_UL320_.jpg,https://m.media-amazon.com/images/I/81q7HAWdJ7L._AC_UL320_.jpg,,,,,,,,,,,https://www.amazon.eg/dp/B0FJD1Z7YW,2026-06-07T05:57:01.133158
amazon,B0B1YV858G,Lasso,Lasso,AR-Womens-Clothing,EGP 103.00,EGP 109.00,,3.8,List:,,,,,,https://m.media-amazon.com/images/I/31L6pSfsw9L._AC_UL320_.jpg,https://m.media-amazon.com/images/I/31L6pSfsw9L._AC_UL320_.jpg,,,,,,,,,,,https://www.amazon.eg/dp/B0B1YV858G,2026-06-07T05:57:01.133631
amazon,B0DNX48459,Milk Bar,Milk Bar,AR-Womens-Clothing,EGP 239.00,,,3.3,,,,,,,https://m.media-amazon.com/images/I/81TwyIEwllL._AC_UL320_.jpg,https://m.media-amazon.com/images/I/81TwyIEwllL._AC_UL320_.jpg,,,,,,,,,,,https://www.amazon.eg/dp/B0DNX48459,2026-06-07T05:57:01.133968
amazon,B091CY6BBZ,DABAGHH,DABAGHH,AR-Womens-Clothing,EGP 480.00,,,5.0,,,,,,,https://m.media-amazon.com/images/I/51vIY5H4DeL._AC_UL320_.jpg,https://m.media-amazon.com/images/I/51vIY5H4DeL._AC_UL320_.jpg,,,,,,,,,,,https://www.amazon.eg/dp/B091CY6BBZ,2026-06-07T05:57:01.134321
amazon,B0BQWRM2W2,Milk,Milk,AR-Womens-Clothing,EGP 340.00,EGP 360.00,,4.0,Was:,,,,,,https://m.media-amazon.com/images/I/41PekO7eWEL._AC_UL320_.jpg,https://m.media-amazon.com/images/I/41PekO7eWEL._AC_UL320_.jpg,,,,,,,,,,,https://www.amazon.eg/dp/B0BQWRM2W2,2026-06-07T05:57:01.134699
amazon,B0B1YW1C2D,Lasso,Lasso,AR-Womens-Clothing,EGP 81.00,EGP 89.00,,3.0,List:,,,,,,https://m.media-amazon.com/images/I/31NXwtWIYKL._AC_UL320_.jpg,https://m.media-amazon.com/images/I/31NXwtWIYKL._AC_UL320_.jpg,,,,,,,,,,,https://www.amazon.eg/dp/B0B1YW1C2D,2026-06-07T05:57:01.135082
amazon,B09237NPF3,MALIKA,MALIKA,AR-Womens-Clothing,EGP 239.00,,,3.3,,,,,,,https://m.media-amazon.com/images/I/618IvHQ7YIL._AC_UL320_.jpg,https://m.media-amazon.com/images/I/618IvHQ7YIL._AC_UL320_.jpg,,,,,,,,,,,https://www.amazon.eg/dp/B09237NPF3,2026-06-07T05:57:05.973975
amazon,B0B1YTXYPT,Lasso,Lasso,AR-Womens-Clothing,EGP 74.00,EGP 89.00,,2.9,List:,,,,,,https://m.media-amazon.com/images/I/31xY+MN1oSL._AC_UL320_.jpg,https://m.media-amazon.com/images/I/31xY+MN1oSL._AC_UL320_.jpg,,,,,,,,,,,https://www.amazon.eg/dp/B0B1YTXYPT,2026-06-07T05:57:05.974460
amazon,B0B1YVKVN1,Lasso,Lasso,AR-Womens-Clothing,EGP 99.00,,,3.8,,,,,,,https://m.media-amazon.com/images/I/4164CtCZaFL._AC_UL320_.jpg,https://m.media-amazon.com/images/I/4164CtCZaFL._AC_UL320_.jpg,,,,,,,,,,,https://www.amazon.eg/dp/B0B1YVKVN1,2026-06-07T05:57:05.975250
amazon,B0B1YVTGDS,Lasso,Lasso,AR-Womens-Clothing,EGP 61.19,EGP 89.00,,2.9,List:,,,,,,https://m.media-amazon.com/images/I/31AXwFsHJrL._AC_UL320_.jpg,https://m.media-amazon.com/images/I/31AXwFsHJrL._AC_UL320_.jpg,,,,,,,,,,,https://www.amazon.eg/dp/B0B1YVTGDS,2026-06-07T05:57:05.975719
amazon,B0B1YWBXVL,Lasso,Lasso,AR-Womens-Clothing,EGP 81.00,,,3.2,,,,,,,https://m.media-amazon.com/images/I/31F9jQftouL._AC_UL320_.jpg,https://m.media-amazon.com/images/I/31F9jQftouL._AC_UL320_.jpg,,,,,,,,,,,https://www.amazon.eg/dp/B0B1YWBXVL,2026-06-07T05:57:05.976454
amazon,B0BST6W4PV,Silvy,Silvy,AR-Womens-Clothing,EGP 113.00,EGP 125.00,,3.8,List:,,,,,,https://m.media-amazon.com/images/I/51alNGru8pL._AC_UL320_.jpg,https://m.media-amazon.com/images/I/51alNGru8pL._AC_UL320_.jpg,,,,,,,,,,,https://www.amazon.eg/dp/B0BST6W4PV,2026-06-07T05:57:05.976885
amazon,B0FL12BT6J,Mosca Women's Wear,Mosca Women's Wear,AR-Womens-Clothing,EGP 849.00,,,1.0,,,,,,,https://m.media-amazon.com/images/I/419KZcfKJcL._AC_UL320_.jpg,https://m.media-amazon.com/images/I/419KZcfKJcL._AC_UL320_.jpg,,,,,,,,,,,https://www.amazon.eg/dp/B0FL12BT6J,2026-06-07T05:57:05.977505
amazon,B0B1YW7572,Lasso,Lasso,AR-Womens-Clothing,EGP 74.00,,,3.1,,,,,,,https://m.media-amazon.com/images/I/31xY+MN1oSL._AC_UL320_.jpg,https://m.media-amazon.com/images/I/31xY+MN1oSL._AC_UL320_.jpg,,,,,,,,,,,https://www.amazon.eg/dp/B0B1YW7572,2026-06-07T05:57:05.977860
amazon,B0D632PGNQ,SHOWDAY,SHOWDAY,AR-Womens-Clothing,EGP 849.99,,,3.9,,,,,,,https://m.media-amazon.com/images/I/61m+tjGZdEL._AC_UL320_.jpg,https://m.media-amazon.com/images/I/61m+tjGZdEL._AC_UL320_.jpg,,,,,,,,,,,https://www.amazon.eg/dp/B0D632PGNQ,2026-06-07T05:57:05.978256
amazon,B0B1YW11CH,Lasso,Lasso,AR-Womens-Clothing,EGP 99.00,,,2.8,,,,,,,https://m.media-amazon.com/images/I/31F9jQftouL._AC_UL320_.jpg,https://m.media-amazon.com/images/I/31F9jQftouL._AC_UL320_.jpg,,,,,,,,,,,https://www.amazon.eg/dp/B0B1YW11CH,2026-06-07T05:57:05.978969
amazon,B0DVRVGB6J,Milk Bar,Milk Bar,AR-Womens-Clothing,EGP 330.00,,,4.4,,,,,,,https://m.media-amazon.com/images/I/71PQwIfOuFL._AC_UL320_.jpg,https://m.media-amazon.com/images/I/71PQwIfOuFL._AC_UL320_.jpg,,,,,,,,,,,https://www.amazon.eg/dp/B0DVRVGB6J,2026-06-07T05:57:05.979293
amazon,B0GSCCX89Q,"MANIKAN Women's Spaghetti Strap Mini Lingerie Nightgown with Lycra Soft Material, Lace Trim and Polka Dot Mesh Hem in Burgundy and Black",,AR-Womens-Clothing,EGP 164.99,,,2.0,,,,,,,https://m.media-amazon.com/images/I/61OLrfGeU0L._AC_UL320_.jpg,https://m.media-amazon.com/images/I/61OLrfGeU0L._AC_UL320_.jpg,,,,,,,,,,,https://www.amazon.eg/dp/B0GSCCX89Q,2026-06-07T05:57:05.979640
amazon,B0B4WCM22N,Mesery,Mesery,AR-Womens-Clothing,,,,3.8,,,,,,,https://m.media-amazon.com/images/I/71YtjjcqolL._AC_UL320_.jpg,https://m.media-amazon.com/images/I/71YtjjcqolL._AC_UL320_.jpg,,,,,,,,,,,https://www.amazon.eg/dp/B0B4WCM22N,2026-06-07T05:57:05.980197
amazon,B0FMDQSRQ8,ZECOTEX,ZECOTEX,AR-Womens-Clothing,EGP 641.70,,,3.6,,,,,,,https://m.media-amazon.com/images/I/51iogRqRRGL._AC_UL320_.jpg,https://m.media-amazon.com/images/I/51iogRqRRGL._AC_UL320_.jpg,,,,,,,,,,,https://www.amazon.eg/dp/B0FMDQSRQ8,2026-06-07T05:57:05.980554
amazon,B0F54F9QZM,ZECOTEX,ZECOTEX,AR-Womens-Clothing,EGP 621.00,EGP 690.00,,4.6,Was:,,,,,,https://m.media-amazon.com/images/I/71BGqajnT0L._AC_UL320_.jpg,https://m.media-amazon.com/images/I/71BGqajnT0L._AC_UL320_.jpg,,,,,,,,,,,https://www.amazon.eg/dp/B0F54F9QZM,2026-06-07T05:57:05.980941
amazon,B0CMP9FL7Q,CAMICIE ESSENTIALS,CAMICIE ESSENTIALS,AR-Womens-Clothing,EGP 271.13,,,4.3,,,,,,,https://m.media-amazon.com/images/I/61Uj15V7X2L._AC_UL320_.jpg,https://m.media-amazon.com/images/I/61Uj15V7X2L._AC_UL320_.jpg,,,,,,,,,,,https://www.amazon.eg/dp/B0CMP9FL7Q,2026-06-07T05:57:05.981759
amazon,B0GNKFZDLG,Women Lingerie Short Tulle Lace Sexy Babydoll Side Slits Elegant Choker Neck Soft Elastic Material One Size 60k to 85k,,AR-Womens-Clothing,EGP 430.00,,,,,,,,,,https://m.media-amazon.com/images/I/417GeY2atrL._AC_UL320_.jpg,https://m.media-amazon.com/images/I/417GeY2atrL._AC_UL320_.jpg,,,,,,,,,,,https://www.amazon.eg/dp/B0GNKFZDLG,2026-06-07T05:57:05.982056
amazon,B0CZTVHZFL,Lingerie Playsuits Short Nightgown Elegant Babydolls Women Transparent Kayan Trading Code 423,,AR-Womens-Clothing,EGP 301.50,EGP 335.00,,4.2,Was:,,,,,,https://m.media-amazon.com/images/I/51N7uqAn7oL._AC_UL320_.jpg,https://m.media-amazon.com/images/I/51N7uqAn7oL._AC_UL320_.jpg,,,,,,,,,,,https://www.amazon.eg/dp/B0CZTVHZFL,2026-06-07T05:57:05.982511
amazon,B09JGQ81Q8,Dahab,Dahab,AR-Womens-Clothing,EGP 185.00,,,4.2,,,,,,,https://m.media-amazon.com/images/I/61D6-PnjK6L._AC_UL320_.jpg,https://m.media-amazon.com/images/I/61D6-PnjK6L._AC_UL320_.jpg,,,,,,,,,,,https://www.amazon.eg/dp/B09JGQ81Q8,2026-06-07T05:57:05.982940
amazon,B0FX5BPN32,Comodo,Comodo,AR-Womens-Clothing,EGP 280.00,,,5.0,,,,,,,https://m.media-amazon.com/images/I/51t9iRPQJLL._AC_UL320_.jpg,https://m.media-amazon.com/images/I/51t9iRPQJLL._AC_UL320_.jpg,,,,,,,,,,,https://www.amazon.eg/dp/B0FX5BPN32,2026-06-07T05:57:05.983319
amazon,B07WZTK8WJ,DeFacto,DeFacto,AR-Womens-Clothing,EGP 829.36,,,5.0,,,,,,,https://m.media-amazon.com/images/I/41j0Zhvuf1L._AC_UL320_.jpg,https://m.media-amazon.com/images/I/41j0Zhvuf1L._AC_UL320_.jpg,,,,,,,,,,,https://www.amazon.eg/dp/B07WZTK8WJ,2026-06-07T05:57:05.983728
amazon,B0CWLLXJW2,لانجري سكسى لانجري مثير بيبي دول قصير بلاى سوتس شفاف قميص نوم حريمى أنيق من Four H كود 109,,AR-Womens-Clothing,EGP 463.50,,,4.4,,,,,,,https://m.media-amazon.com/images/I/6138MeS7V8L._AC_UL320_.jpg,https://m.media-amazon.com/images/I/6138MeS7V8L._AC_UL320_.jpg,,,,,,,,,,,https://www.amazon.eg/dp/B0CWLLXJW2,2026-06-07T05:57:05.984071
amazon,B0GXFBXD1Q,لانجرى سكسى مثير حريمي قطعتين منقط - بلوزة أوف شولدر وجيبة قصيرة بكرانيش - كروب توب وجيبة متطابقة - طقم مصنوع من خامة عالية الجودة ناعمة على الجلد لتوفير الراحة والمرونة من FOUR H كود 013,,AR-Womens-Clothing,EGP 356.40,EGP 396.00,,,List:,,,,,,https://m.media-amazon.com/images/I/71VAlQzZkYL._AC_UL320_.jpg,https://m.media-amazon.com/images/I/71VAlQzZkYL._AC_UL320_.jpg,,,,,,,,,,,https://www.amazon.eg/dp/B0GXFBXD1Q,2026-06-07T05:57:05.984426
amazon,B0GZH2KJ67,Cash Betty Long Women - Cotton Big Size Printed Half Sleeve Nightgown - Code 2615,,AR-Womens-Clothing,EGP 429.00,,,,,,,,,,https://m.media-amazon.com/images/I/51chkwkHq6L._AC_UL320_.jpg,https://m.media-amazon.com/images/I/51chkwkHq6L._AC_UL320_.jpg,,,,,,,,,,,https://www.amazon.eg/dp/B0GZH2KJ67,2026-06-07T05:57:05.984727
amazon,B0FXX43GW4,POURELLE,POURELLE,AR-Womens-Clothing,EGP 245.00,,,5.0,,,,,,,https://m.media-amazon.com/images/I/61xrQu8V-tL._AC_UL320_.jpg,https://m.media-amazon.com/images/I/61xrQu8V-tL._AC_UL320_.jpg,,,,,,,,,,,https://www.amazon.eg/dp/B0FXX43GW4,2026-06-07T05:57:05.985061
amazon,B0DGGR2TN1,SHOWDAY,SHOWDAY,AR-Womens-Clothing,"EGP 1,019.99",,,3.8,,,,,,,https://m.media-amazon.com/images/I/51rNQAGbMtL._AC_UL320_.jpg,https://m.media-amazon.com/images/I/51rNQAGbMtL._AC_UL320_.jpg,,,,,,,,,,,https://www.amazon.eg/dp/B0DGGR2TN1,2026-06-07T05:57:05.985470
amazon,B0BH6WSWS3,Off White Lingerie Transparent Lingerie Women's Short BabyDoll Sexy Playsuit Ski by 4H Code 98,,AR-Womens-Clothing,EGP 409.50,EGP 455.00,,3.5,Was:,,,,,,https://m.media-amazon.com/images/I/51JEuMA8bjL._AC_UL320_.jpg,https://m.media-amazon.com/images/I/51JEuMA8bjL._AC_UL320_.jpg,,,,,,,,,,,https://www.amazon.eg/dp/B0BH6WSWS3,2026-06-07T05:57:05.985850
amazon,B0GNMXDGSR,Lingerie Costume Babydoll Embroidered Lips Sexy Short Nightgown Women Sleepwear Soft Elastic Lace One Size Fits 50-70KG,,AR-Womens-Clothing,EGP 440.00,,,,,,,,,,https://m.media-amazon.com/images/I/613lxIKjUbL._AC_UL320_.jpg,https://m.media-amazon.com/images/I/613lxIKjUbL._AC_UL320_.jpg,,,,,,,,,,,https://www.amazon.eg/dp/B0GNMXDGSR,2026-06-07T05:57:05.986146
amazon,B0FTFPP1ZB,Dadoush,Dadoush,AR-Womens-Clothing,EGP 953.50,,,,,,,,,,https://m.media-amazon.com/images/I/41tPH-Ul4zL._AC_UL320_.jpg,https://m.media-amazon.com/images/I/41tPH-Ul4zL._AC_UL320_.jpg,,,,,,,,,,,https://www.amazon.eg/dp/B0FTFPP1ZB,2026-06-07T05:57:05.986475
amazon,B0GZM548XD,School,School,AR-Womens-Clothing,EGP 239.99,,,,,,,,,,https://m.media-amazon.com/images/I/41OLZesLz-L._AC_UL320_.jpg,https://m.media-amazon.com/images/I/41OLZesLz-L._AC_UL320_.jpg,,,,,,,,,,,https://www.amazon.eg/dp/B0GZM548XD,2026-06-07T05:57:05.986769
amazon,B091J6MW5X,Bonbonaya,Bonbonaya,AR-Womens-Clothing,EGP 799.00,,,3.1,,,,,,,https://m.media-amazon.com/images/I/61nWcv0ccGL._AC_UL320_.jpg,https://m.media-amazon.com/images/I/61nWcv0ccGL._AC_UL320_.jpg,,,,,,,,,,,https://www.amazon.eg/dp/B091J6MW5X,2026-06-07T05:57:05.987103
amazon,B0B1YV96RL,Lasso,Lasso,AR-Womens-Clothing,EGP 71.44,EGP 89.00,,2.9,List:,,,,,,https://m.media-amazon.com/images/I/31qEeT09zeL._AC_UL320_.jpg,https://m.media-amazon.com/images/I/31qEeT09zeL._AC_UL320_.jpg,,,,,,,,,,,https://www.amazon.eg/dp/B0B1YV96RL,2026-06-07T05:57:05.987552
amazon,B0F7GBRMYV,Calvino,Calvino,AR-Womens-Clothing,EGP 179.00,,,4.1,,,,,,,https://m.media-amazon.com/images/I/71fdn3xGERL._AC_UL320_.jpg,https://m.media-amazon.com/images/I/71fdn3xGERL._AC_UL320_.jpg,,,,,,,,,,,https://www.amazon.eg/dp/B0F7GBRMYV,2026-06-07T05:57:05.987933
amazon,B0GRBVHN45,ZECOTEX,ZECOTEX,AR-Womens-Clothing,EGP 962.00,,,,,,,,,,https://m.media-amazon.com/images/I/61d-KKDz1JL._AC_UL320_.jpg,https://m.media-amazon.com/images/I/61d-KKDz1JL._AC_UL320_.jpg,,,,,,,,,,,https://www.amazon.eg/dp/B0GRBVHN45,2026-06-07T05:57:05.988225
amazon,B0GXBPP1C2,Womens Cotton Classic Pajama Set | 2 Piece Sleepwear with Button Down Shirt and Long Pants | Summer and Lounge Suit (from L to 2XL)/1062,,AR-Womens-Clothing,EGP 529.00,,,,,,,,,,https://m.media-amazon.com/images/I/5145KBMDGZL._AC_UL320_.jpg,https://m.media-amazon.com/images/I/5145KBMDGZL._AC_UL320_.jpg,,,,,,,,,,,https://www.amazon.eg/dp/B0GXBPP1C2,2026-06-07T05:57:05.988532
amazon,B0H272WT4Q,Panda Print Comfy Cotton Women Coverup - Summer House Dress Half Sleeve - Comfy Home Pajamas Comfortable Size (70-85k) Available in Many Attractive Colors,,AR-Womens-Clothing,EGP 184.99,,,,,,,,,,https://m.media-amazon.com/images/I/61QqzjRny7L._AC_UL320_.jpg,https://m.media-amazon.com/images/I/61QqzjRny7L._AC_UL320_.jpg,,,,,,,,,,,https://www.amazon.eg/dp/B0H272WT4Q,2026-06-07T05:57:05.988816
amazon,B0DBV9V993,fashion mania,fashion mania,AR-Womens-Clothing,EGP 999.00,,,3.9,,,,,,,https://m.media-amazon.com/images/I/415xQHekHiL._AC_UL320_.jpg,https://m.media-amazon.com/images/I/415xQHekHiL._AC_UL320_.jpg,,,,,,,,,,,https://www.amazon.eg/dp/B0DBV9V993,2026-06-07T05:57:05.989205
amazon,B0FKHGZHVK,adidas,adidas,AR-Womens-Clothing,"EGP 4,049.00",,,,,,,,,,https://m.media-amazon.com/images/I/511oBXwunSL._AC_UL320_.jpg,https://m.media-amazon.com/images/I/511oBXwunSL._AC_UL320_.jpg,,,,,,,,,,,https://www.amazon.eg/dp/B0FKHGZHVK,2026-06-07T05:57:05.989506
amazon,B0CCSMZDRV,لانجيري سكسى طقم لانجري بكيني فطعتين مثير بيبي دول قصير بلاى سوتس شفاف قميص نوم حريمى أنيق من Four H كود 237,,AR-Womens-Clothing,EGP 236.50,,,3.1,,,,,,,https://m.media-amazon.com/images/I/41CJEPrwSuL._AC_UL320_.jpg,https://m.media-amazon.com/images/I/41CJEPrwSuL._AC_UL320_.jpg,,,,,,,,,,,https://www.amazon.eg/dp/B0CCSMZDRV,2026-06-07T05:57:05.989834
amazon,B0DRZ1HC54,"Women's and Men's Fur Hooded Bathrobe Plush Long Spa Robe, Fluffy Warm Fur",,AR-Womens-Clothing,EGP 657.00,EGP 730.00,,4.1,Was:,,,,,,https://m.media-amazon.com/images/I/41R53OQefpL._AC_UL320_.jpg,https://m.media-amazon.com/images/I/41R53OQefpL._AC_UL320_.jpg,,,,,,,,,,,https://www.amazon.eg/dp/B0DRZ1HC54,2026-06-07T05:57:05.990587
amazon,B0GW3BVJQJ,"Manikan Women lingerie Black Mesh Bodysuit, Sheer Fishnet Jumpsuit, Spaghetti Strap, Crossback, Full Length",,AR-Womens-Clothing,EGP 114.99,EGP 124.99,,1.8,Was:,,,,,,https://m.media-amazon.com/images/I/71OGXGtVxrL._AC_UL320_.jpg,https://m.media-amazon.com/images/I/71OGXGtVxrL._AC_UL320_.jpg,,,,,,,,,,,https://www.amazon.eg/dp/B0GW3BVJQJ,2026-06-07T05:57:05.990972
amazon,B0BMQ3PX2C,Cottonil,Cottonil,AR-Womens-Clothing,EGP 475.00,,,3.4,,,,,,,https://m.media-amazon.com/images/I/81oAI96n3WL._AC_UL320_.jpg,https://m.media-amazon.com/images/I/81oAI96n3WL._AC_UL320_.jpg,,,,,,,,,,,https://www.amazon.eg/dp/B0BMQ3PX2C,2026-06-07T05:57:09.303433
amazon,B0G1TGY4QZ,Lasso,Lasso,AR-Womens-Clothing,EGP 85.00,,,3.6,,,,,,,https://m.media-amazon.com/images/I/4175wt-AH7L._AC_UL320_.jpg,https://m.media-amazon.com/images/I/4175wt-AH7L._AC_UL320_.jpg,,,,,,,,,,,https://www.amazon.eg/dp/B0G1TGY4QZ,2026-06-07T05:57:09.303755
amazon,B092QP2XP4,ARENA,ARENA,AR-Womens-Clothing,"EGP 4,044.43",,,3.0,,,,,,,https://m.media-amazon.com/images/I/61KZ3IZcPQL._AC_UL320_.jpg,https://m.media-amazon.com/images/I/61KZ3IZcPQL._AC_UL320_.jpg,,,,,,,,,,,https://www.amazon.eg/dp/B092QP2XP4,2026-06-07T05:57:09.304082
amazon,B0H1FB264C,Women's 2 Piece Pajama Set Ruffle Layered Camisole Top and Leaf Pants Comfy Homewear,,AR-Womens-Clothing,EGP 230.00,,,,,,,,,,https://m.media-amazon.com/images/I/61aMMN38c3L._AC_UL320_.jpg,https://m.media-amazon.com/images/I/61aMMN38c3L._AC_UL320_.jpg,,,,,,,,,,,https://www.amazon.eg/dp/B0H1FB264C,2026-06-07T05:57:09.304377
amazon,B0GX7786DW,Women's Red Lace Luxury Sexy Lingerie Soft Elastic Private Use Lingerie Panties Organizer,,AR-Womens-Clothing,EGP 160.00,,,,,,,,,,https://m.media-amazon.com/images/I/31ciMTApMcL._AC_UL320_.jpg,https://m.media-amazon.com/images/I/31ciMTApMcL._AC_UL320_.jpg,,,,,,,,,,,https://www.amazon.eg/dp/B0GX7786DW,2026-06-07T05:57:09.304657
amazon,B0GYZSMCJG,LC WAIKIKI,LC WAIKIKI,AR-Shoes,EGP 659.00,,,,,,,,,,https://m.media-amazon.com/images/I/61t7dJdgCUL._AC_UL320_.jpg,https://m.media-amazon.com/images/I/61t7dJdgCUL._AC_UL320_.jpg,,,,,,,,,,,https://www.amazon.eg/dp/B0GYZSMCJG,2026-06-07T05:56:25.348652
amazon,B0GCTX5CH4,Project Z,Project Z,AR-Shoes,EGP 259.99,,,1.9,,,,,,,https://m.media-amazon.com/images/I/41fo0VhtENL._AC_UL320_.jpg,https://m.media-amazon.com/images/I/41fo0VhtENL._AC_UL320_.jpg,,,,,,,,,,,https://www.amazon.eg/dp/B0GCTX5CH4,2026-06-07T05:56:25.349337
amazon,B0D98Q1V1V,Now Shoes,Now Shoes,AR-Shoes,EGP 299.00,,,4.0,,,,,,,https://m.media-amazon.com/images/I/31ZJhdw53eL._AC_UL320_.jpg,https://m.media-amazon.com/images/I/31ZJhdw53eL._AC_UL320_.jpg,,,,,,,,,,,https://www.amazon.eg/dp/B0D98Q1V1V,2026-06-07T05:56:25.349949
amazon,B0FHJLZPWM,Activ,Activ,AR-Shoes,"EGP 1,024.00","EGP 1,199.00",,4.4,List:,,,,,,https://m.media-amazon.com/images/I/419MRDI9QwL._AC_UL320_.jpg,https://m.media-amazon.com/images/I/419MRDI9QwL._AC_UL320_.jpg,,,,,,,,,,,https://www.amazon.eg/dp/B0FHJLZPWM,2026-06-07T05:56:25.350673
amazon,B0FNP8C671,Runner,Runner,AR-Shoes,EGP 400.00,,,3.8,,,,,,,https://m.media-amazon.com/images/I/81tmeG1H7oL._AC_UL320_.jpg,https://m.media-amazon.com/images/I/81tmeG1H7oL._AC_UL320_.jpg,,,,,,,,,,,https://www.amazon.eg/dp/B0FNP8C671,2026-06-07T05:56:25.351282
amazon,B0FT89SQN6,VInITTO,VInITTO,AR-Shoes,EGP 450.00,,,3.6,,,,,,,https://m.media-amazon.com/images/I/517oPc62gEL._AC_UL320_.jpg,https://m.media-amazon.com/images/I/517oPc62gEL._AC_UL320_.jpg,,,,,,,,,,,https://www.amazon.eg/dp/B0FT89SQN6,2026-06-07T05:56:25.351883
amazon,B0FHKQ4D23,Activ,Activ,AR-Shoes,"EGP 1,024.00","EGP 1,199.00",,4.4,List:,,,,,,https://m.media-amazon.com/images/I/51qDeWVbT0L._AC_UL320_.jpg,https://m.media-amazon.com/images/I/51qDeWVbT0L._AC_UL320_.jpg,,,,,,,,,,,https://www.amazon.eg/dp/B0FHKQ4D23,2026-06-07T05:56:25.352558
amazon,B0H1F1SYCD,Project Z,Project Z,AR-Shoes,EGP 299.99,,,,,,,,,,https://m.media-amazon.com/images/I/71DMh38RsFL._AC_UL320_.jpg,https://m.media-amazon.com/images/I/71DMh38RsFL._AC_UL320_.jpg,,,,,,,,,,,https://www.amazon.eg/dp/B0H1F1SYCD,2026-06-07T05:56:25.353022
amazon,B0DW9J3XXZ,"Men's Casual Running Shoes - Grey - 20257ORASPR22 SHOES - Lightweight, Comfortable, Water Resistant - Master Design3",,AR-Shoes,EGP 399.00,,,3.1,,,,,,,https://m.media-amazon.com/images/I/71DureVWn5L._AC_UL320_.jpg,https://m.media-amazon.com/images/I/71DureVWn5L._AC_UL320_.jpg,,,,,,,,,,,https://www.amazon.eg/dp/B0DW9J3XXZ,2026-06-07T05:56:25.353780
amazon,B0GYZ6Y257,LC WAIKIKI,LC WAIKIKI,AR-Shoes,EGP 659.00,,,4.0,,,,,,,https://m.media-amazon.com/images/I/61ojReKFqxL._AC_UL320_.jpg,https://m.media-amazon.com/images/I/61ojReKFqxL._AC_UL320_.jpg,,,,,,,,,,,https://www.amazon.eg/dp/B0GYZ6Y257,2026-06-07T05:56:25.354292
amazon,B0F25FDMQD,Now Shoes,Now Shoes,AR-Shoes,EGP 350.00,,,3.5,,,,,,,https://m.media-amazon.com/images/I/41jn0zn1p8L._AC_UL320_.jpg,https://m.media-amazon.com/images/I/41jn0zn1p8L._AC_UL320_.jpg,,,,,,,,,,,https://www.amazon.eg/dp/B0F25FDMQD,2026-06-07T05:56:25.354909
amazon,B0BYJTPZY4,Mintra,Mintra,AR-Shoes,EGP 690.00,,,4.1,,,,,,,https://m.media-amazon.com/images/I/81RKWVgY4UL._AC_UL320_.jpg,https://m.media-amazon.com/images/I/81RKWVgY4UL._AC_UL320_.jpg,,,,,,,,,,,https://www.amazon.eg/dp/B0BYJTPZY4,2026-06-07T05:56:25.355557
amazon,B0FXVFWSMN,Men's Casual Sneakers - Premium Materials - Very Comfortable - Shock Absorption Sole - Lightweight - With Professional Design For Superior Foot Breathability,,AR-Shoes,EGP 420.00,,,3.6,,,,,,,https://m.media-amazon.com/images/I/61duDwQK4ZL._AC_UL320_.jpg,https://m.media-amazon.com/images/I/61duDwQK4ZL._AC_UL320_.jpg,,,,,,,,,,,https://www.amazon.eg/dp/B0FXVFWSMN,2026-06-07T05:56:25.356147
amazon,B0CYH7Z3H6,Activ,Activ,AR-Shoes,EGP 689.00,"EGP 1,199.00",,3.9,List:,,,,,,https://m.media-amazon.com/images/I/5134JL93y5L._AC_UL320_.jpg,https://m.media-amazon.com/images/I/5134JL93y5L._AC_UL320_.jpg,,,,,,,,,,,https://www.amazon.eg/dp/B0CYH7Z3H6,2026-06-07T05:56:25.356908
amazon,B0BYJVKMY5,Mintra,Mintra,AR-Shoes,EGP 641.70,EGP 690.00,,4.2,List:,,,,,,https://m.media-amazon.com/images/I/71ADOCn41hL._AC_UL320_.jpg,https://m.media-amazon.com/images/I/71ADOCn41hL._AC_UL320_.jpg,,,,,,,,,,,https://www.amazon.eg/dp/B0BYJVKMY5,2026-06-07T05:56:25.357668
amazon,B0G658BBWV,Women's Soft Leather Comfortable Shoes - Lightweight and Anti-Slip Flat - Practical and Stylish Bazem,,AR-Shoes,EGP 529.00,,,4.3,,,,,,,https://m.media-amazon.com/images/I/51pqmoxNqTL._AC_UL320_.jpg,https://m.media-amazon.com/images/I/51pqmoxNqTL._AC_UL320_.jpg,,,,,,,,,,,https://www.amazon.eg/dp/B0G658BBWV,2026-06-07T05:56:25.358246
amazon,B0BYJXCQGD,Mintra,Mintra,AR-Shoes,EGP 586.50,EGP 690.00,,4.2,List:,,,,,,https://m.media-amazon.com/images/I/71uAzbHt-hL._AC_UL320_.jpg,https://m.media-amazon.com/images/I/71uAzbHt-hL._AC_UL320_.jpg,,,,,,,,,,,https://www.amazon.eg/dp/B0BYJXCQGD,2026-06-07T05:56:25.359010
amazon,B0GNZZDG8L,Desert,Desert,AR-Shoes,EGP 299.00,EGP 419.00,,2.6,Was:,,,,,,https://m.media-amazon.com/images/I/41ecH2ko1mL._AC_UL320_.jpg,https://m.media-amazon.com/images/I/41ecH2ko1mL._AC_UL320_.jpg,,,,,,,,,,,https://www.amazon.eg/dp/B0GNZZDG8L,2026-06-07T05:56:25.359625
amazon,B0BYJWKMXM,Mintra,Mintra,AR-Shoes,EGP 690.00,,,4.1,,,,,,,https://m.media-amazon.com/images/I/810BFy4JAYL._AC_UL320_.jpg,https://m.media-amazon.com/images/I/810BFy4JAYL._AC_UL320_.jpg,,,,,,,,,,,https://www.amazon.eg/dp/B0BYJWKMXM,2026-06-07T05:56:25.360240
amazon,B0F2GKYCLS,adidas,adidas,AR-Shoes,"EGP 2,266.10",,,5.0,,,,,,,https://m.media-amazon.com/images/I/71FcRpxgC7L._AC_UL320_.jpg,https://m.media-amazon.com/images/I/71FcRpxgC7L._AC_UL320_.jpg,,,,,,,,,,,https://www.amazon.eg/dp/B0F2GKYCLS,2026-06-07T05:56:25.360778
amazon,B0CKS16WWC,adidas,adidas,AR-Shoes,"EGP 2,300.00","EGP 3,739.00",,4.3,List:,,,,,,https://m.media-amazon.com/images/I/61toPgiSJWL._AC_UL320_.jpg,https://m.media-amazon.com/images/I/61toPgiSJWL._AC_UL320_.jpg,,,,,,,,,,,https://www.amazon.eg/dp/B0CKS16WWC,2026-06-07T05:56:25.361507
amazon,B0BYJSF83B,Mintra,Mintra,AR-Shoes,EGP 690.00,,,4.2,,,,,,,https://m.media-amazon.com/images/I/71N5Dkjb+JL._AC_UL320_.jpg,https://m.media-amazon.com/images/I/71N5Dkjb+JL._AC_UL320_.jpg,,,,,,,,,,,https://www.amazon.eg/dp/B0BYJSF83B,2026-06-07T05:56:25.362153
amazon,B0F339S64P,adidas,adidas,AR-Shoes,"EGP 2,404.00","EGP 2,749.00",,3.9,List:,,,,,,https://m.media-amazon.com/images/I/71DdFvjcJZL._AC_UL320_.jpg,https://m.media-amazon.com/images/I/71DdFvjcJZL._AC_UL320_.jpg,,,,,,,,,,,https://www.amazon.eg/dp/B0F339S64P,2026-06-07T05:56:25.362880
amazon,B0DHXGDTVW,adidas,adidas,AR-Shoes,"EGP 2,799.00",,,3.9,,,,,,,https://m.media-amazon.com/images/I/61V+XNDOi6L._AC_UL320_.jpg,https://m.media-amazon.com/images/I/61V+XNDOi6L._AC_UL320_.jpg,,,,,,,,,,,https://www.amazon.eg/dp/B0DHXGDTVW,2026-06-07T05:56:25.363526
amazon,B0FXVFPDCD,Men's Casual Sneakers - Premium Materials - Very Comfortable - Shock Absorption Sole - Lightweight - With Professional Design For Superior Foot Breathability,,AR-Shoes,EGP 420.00,,,3.6,,,,,,,https://m.media-amazon.com/images/I/61toQMQ9I9L._AC_UL320_.jpg,https://m.media-amazon.com/images/I/61toQMQ9I9L._AC_UL320_.jpg,,,,,,,,,,,https://www.amazon.eg/dp/B0FXVFPDCD,2026-06-07T05:56:25.364104
amazon,B0G66HS57R,adidas,adidas,AR-Shoes,"EGP 2,866.00","EGP 4,559.00",,,List:,,,,,,https://m.media-amazon.com/images/I/71y6AQBAcbL._AC_UL320_.jpg,https://m.media-amazon.com/images/I/71y6AQBAcbL._AC_UL320_.jpg,,,,,,,,,,,https://www.amazon.eg/dp/B0G66HS57R,2026-06-07T05:56:25.364690
amazon,B0FHHZTHSG,adidas,adidas,AR-Shoes,"EGP 1,917.00","EGP 2,749.00",,3.9,List:,,,,,,https://m.media-amazon.com/images/I/61JCan8eLfL._AC_UL320_.jpg,https://m.media-amazon.com/images/I/61JCan8eLfL._AC_UL320_.jpg,,,,,,,,,,,https://www.amazon.eg/dp/B0FHHZTHSG,2026-06-07T05:56:25.365421
amazon,B0DHXDN1TC,adidas,adidas,AR-Shoes,"EGP 1,564.00","EGP 2,749.00",,3.8,List:,,,,,,https://m.media-amazon.com/images/I/71GaYB0dVLL._AC_UL320_.jpg,https://m.media-amazon.com/images/I/71GaYB0dVLL._AC_UL320_.jpg,,,,,,,,,,,https://www.amazon.eg/dp/B0DHXDN1TC,2026-06-07T05:56:25.366105
amazon,B0CHHDWVPB,تيستا تورو TESTA TORO,تيستا تورو TESTA TORO,AR-Shoes,EGP 469.00,,,3.2,,,,,,,https://m.media-amazon.com/images/I/51y4dxbqUZL._AC_UL320_.jpg,https://m.media-amazon.com/images/I/51y4dxbqUZL._AC_UL320_.jpg,,,,,,,,,,,https://www.amazon.eg/dp/B0CHHDWVPB,2026-06-07T05:56:25.366703
amazon,B0GSGP64FP,Men's Casual Sneakers - Special Sizes (Big Size 46 & 47 & 48) - Premium Quality Materials Fully Imported - Very Comfortable - Lightweight - With Professional Design For Superior Foot Breathability,,AR-Shoes,EGP 699.00,EGP 800.00,,3.7,List:,,,,,,https://m.media-amazon.com/images/I/61CA9I3xihL._AC_UL320_.jpg,https://m.media-amazon.com/images/I/61CA9I3xihL._AC_UL320_.jpg,,,,,,,,,,,https://www.amazon.eg/dp/B0GSGP64FP,2026-06-07T05:56:25.367391
amazon,B0G479YFB6,Express Footwear,Express Footwear,AR-Shoes,EGP 468.00,,,4.3,,,,,,,https://m.media-amazon.com/images/I/61-Mg0NKV7L._AC_UL320_.jpg,https://m.media-amazon.com/images/I/61-Mg0NKV7L._AC_UL320_.jpg,,,,,,,,,,,https://www.amazon.eg/dp/B0G479YFB6,2026-06-07T05:56:25.367959
amazon,B0GDGW573K,adidas,adidas,AR-Shoes,"EGP 2,624.00","EGP 3,195.00",,4.8,Was:,,,,,,https://m.media-amazon.com/images/I/71-lQJVc7lL._AC_UL320_.jpg,https://m.media-amazon.com/images/I/71-lQJVc7lL._AC_UL320_.jpg,,,,,,,,,,,https://www.amazon.eg/dp/B0GDGW573K,2026-06-07T05:56:25.368619
amazon,B0GZ445QSB,Men's casual sneaker - Premium materials - Extremely comfortable - Shock-absorbing sole - Lightweight - With a professional design for superior foot ventilation - Model 1522,,AR-Shoes,EGP 399.00,,,5.0,,,,,,,https://m.media-amazon.com/images/I/61jOOKBSUaL._AC_UL320_.jpg,https://m.media-amazon.com/images/I/61jOOKBSUaL._AC_UL320_.jpg,,,,,,,,,,,https://www.amazon.eg/dp/B0GZ445QSB,2026-06-07T05:56:25.369118
amazon,B0FP9SJ7TC,Men's Leather Classic Casual Slip On Lightweight Leather Shoes - Medical Leather Shoes - Elegant and Comfortable Formal Shoes - Black Shoes,,AR-Shoes,EGP 355.00,,,3.6,,,,,,,https://m.media-amazon.com/images/I/51s3KFvTBGL._AC_UL320_.jpg,https://m.media-amazon.com/images/I/51s3KFvTBGL._AC_UL320_.jpg,,,,,,,,,,,https://www.amazon.eg/dp/B0FP9SJ7TC,2026-06-07T05:56:25.369647
amazon,B0DJN1VFPJ,Runner Unisex Stars and Tartan Football Shoes,,AR-Shoes,EGP 400.00,,,3.6,,,,,,,https://m.media-amazon.com/images/I/61AzLFq-XlL._AC_UL320_.jpg,https://m.media-amazon.com/images/I/61AzLFq-XlL._AC_UL320_.jpg,,,,,,,,,,,https://www.amazon.eg/dp/B0DJN1VFPJ,2026-06-07T05:56:25.370203
amazon,B0FT89DPLF,VInITTO,VInITTO,AR-Shoes,EGP 490.00,,,3.6,,,,,,,https://m.media-amazon.com/images/I/61wOfZbgY0L._AC_UL320_.jpg,https://m.media-amazon.com/images/I/61wOfZbgY0L._AC_UL320_.jpg,,,,,,,,,,,https://www.amazon.eg/dp/B0FT89DPLF,2026-06-07T05:56:25.370782
amazon,B0FT86DFP4,VInITTO,VInITTO,AR-Shoes,EGP 890.00,,,4.0,,,,,,,https://m.media-amazon.com/images/I/519wOCt0N7L._AC_UL320_.jpg,https://m.media-amazon.com/images/I/519wOCt0N7L._AC_UL320_.jpg,,,,,,,,,,,https://www.amazon.eg/dp/B0FT86DFP4,2026-06-07T05:56:25.371368
amazon,B0FJ7Q966C,Men's Leather Classic Casual Slip On Lightweight Leather Shoes - Medical Leather Shoes - Elegant and Comfortable Formal Shoes - Black Shoes,,AR-Shoes,EGP 299.00,,,3.6,,,,,,,https://m.media-amazon.com/images/I/51t2XcMRH7L._AC_UL320_.jpg,https://m.media-amazon.com/images/I/51t2XcMRH7L._AC_UL320_.jpg,,,,,,,,,,,https://www.amazon.eg/dp/B0FJ7Q966C,2026-06-07T05:56:25.371869
amazon,B0F92SG4XR,Testa Toro TESTA TORO,Testa Toro TESTA TORO,AR-Shoes,EGP 629.00,,,3.8,,,,,,,https://m.media-amazon.com/images/I/41NYWLWzRML._AC_UL320_.jpg,https://m.media-amazon.com/images/I/41NYWLWzRML._AC_UL320_.jpg,,,,,,,,,,,https://www.amazon.eg/dp/B0F92SG4XR,2026-06-07T05:56:25.372486
amazon,B0F9L3XJ4S,Desert Essence,Desert Essence,AR-Shoes,EGP 325.00,EGP 399.00,,3.4,List:,,,,,,https://m.media-amazon.com/images/I/91uDS5Wz3pL._AC_UL320_.jpg,https://m.media-amazon.com/images/I/91uDS5Wz3pL._AC_UL320_.jpg,,,,,,,,,,,https://www.amazon.eg/dp/B0F9L3XJ4S,2026-06-07T05:56:25.373144
amazon,B0F339H1Y1,adidas,adidas,AR-Shoes,"EGP 1,711.00","EGP 2,749.00",,3.8,List:,,,,,,https://m.media-amazon.com/images/I/71DdFvjcJZL._AC_UL320_.jpg,https://m.media-amazon.com/images/I/71DdFvjcJZL._AC_UL320_.jpg,,,,,,,,,,,https://www.amazon.eg/dp/B0F339H1Y1,2026-06-07T05:56:25.373866
amazon,B0GNTLW37Q,Express Footwear,Express Footwear,AR-Shoes,EGP 420.00,,,4.4,,,,,,,https://m.media-amazon.com/images/I/51lTSK3tJmL._AC_UL320_.jpg,https://m.media-amazon.com/images/I/51lTSK3tJmL._AC_UL320_.jpg,,,,,,,,,,,https://www.amazon.eg/dp/B0GNTLW37Q,2026-06-07T05:56:25.374482
amazon,B0B72498JF,ICE CLUB,ICE CLUB,AR-Shoes,EGP 132.05,,,3.3,,,,,,,https://m.media-amazon.com/images/I/61cwmMUdquL._AC_UL320_.jpg,https://m.media-amazon.com/images/I/61cwmMUdquL._AC_UL320_.jpg,,,,,,,,,,,https://www.amazon.eg/dp/B0B72498JF,2026-06-07T05:56:25.374995
amazon,B0G261VD3J,Desert,Desert,AR-Shoes,EGP 333.00,EGP 375.00,,3.5,List:,,,,,,https://m.media-amazon.com/images/I/71YS4j6gpIL._AC_UL320_.jpg,https://m.media-amazon.com/images/I/71YS4j6gpIL._AC_UL320_.jpg,,,,,,,,,,,https://www.amazon.eg/dp/B0G261VD3J,2026-06-07T05:56:25.375665
amazon,B0DHXH2BV7,adidas,adidas,AR-Shoes,"EGP 1,591.00","EGP 2,749.00",,3.8,List:,,,,,,https://m.media-amazon.com/images/I/71uOI9WIS3L._AC_UL320_.jpg,https://m.media-amazon.com/images/I/71uOI9WIS3L._AC_UL320_.jpg,,,,,,,,,,,https://www.amazon.eg/dp/B0DHXH2BV7,2026-06-07T05:56:25.376378
amazon,B0CTN3MPRM,Snatch Women`s Leather Block Heeled Pump,,AR-Shoes,EGP 399.00,,,3.1,,,,,,,https://m.media-amazon.com/images/I/61zuA2F8tPL._AC_UL320_.jpg,https://m.media-amazon.com/images/I/61zuA2F8tPL._AC_UL320_.jpg,,,,,,,,,,,https://www.amazon.eg/dp/B0CTN3MPRM,2026-06-07T05:56:25.376980
amazon,B0BYJW1VZV,Mintra,Mintra,AR-Shoes,EGP 690.00,,,4.1,,,,,,,https://m.media-amazon.com/images/I/71-Bqhns+GL._AC_UL320_.jpg,https://m.media-amazon.com/images/I/71-Bqhns+GL._AC_UL320_.jpg,,,,,,,,,,,https://www.amazon.eg/dp/B0BYJW1VZV,2026-06-07T05:56:25.377671
amazon,B0DHZSH7D3,adidas,adidas,AR-Shoes,"EGP 3,024.00",,,4.4,,,,,,,https://m.media-amazon.com/images/I/61qg4bwpiZL._AC_UL320_.jpg,https://m.media-amazon.com/images/I/61qg4bwpiZL._AC_UL320_.jpg,,,,,,,,,,,https://www.amazon.eg/dp/B0DHZSH7D3,2026-06-07T05:56:25.378294
amazon,B0FJ6C3WXK,Unisex Comfortable Running Walking Sneaker,,AR-Shoes,EGP 225.75,,,3.5,,,,,,,https://m.media-amazon.com/images/I/41K4pZuGW8L._AC_UL320_.jpg,https://m.media-amazon.com/images/I/41K4pZuGW8L._AC_UL320_.jpg,,,,,,,,,,,https://www.amazon.eg/dp/B0FJ6C3WXK,2026-06-07T05:56:29.200869
amazon,B0FXVFXD36,Men's Casual Sneakers - Premium Materials - Very Comfortable - Shock Absorption Sole - Lightweight - With Professional Design For Superior Foot Breathability,,AR-Shoes,EGP 420.00,,,3.6,,,,,,,https://m.media-amazon.com/images/I/61duDwQK4ZL._AC_UL320_.jpg,https://m.media-amazon.com/images/I/61duDwQK4ZL._AC_UL320_.jpg,,,,,,,,,,,https://www.amazon.eg/dp/B0FXVFXD36,2026-06-07T05:56:29.201498
amazon,B0C3WLQMZF,adidas,adidas,AR-Shoes,"EGP 2,383.00",,,4.4,,,,,,,https://m.media-amazon.com/images/I/61IeBmBR4DL._AC_UL320_.jpg,https://m.media-amazon.com/images/I/61IeBmBR4DL._AC_UL320_.jpg,,,,,,,,,,,https://www.amazon.eg/dp/B0C3WLQMZF,2026-06-07T05:56:29.202124
amazon,B0DHZW89L2,adidas,adidas,AR-Shoes,"EGP 2,425.00",,,4.6,,,,,,,https://m.media-amazon.com/images/I/61ZLJXVca+L._AC_UL320_.jpg,https://m.media-amazon.com/images/I/61ZLJXVca+L._AC_UL320_.jpg,,,,,,,,,,,https://www.amazon.eg/dp/B0DHZW89L2,2026-06-07T05:56:29.202744
amazon,B0DHXFVCXV,adidas,adidas,AR-Shoes,"EGP 2,274.00","EGP 4,166.00",,4.0,List:,,,,,,https://m.media-amazon.com/images/I/61Nh0ACPseL._AC_UL320_.jpg,https://m.media-amazon.com/images/I/61Nh0ACPseL._AC_UL320_.jpg,,,,,,,,,,,https://www.amazon.eg/dp/B0DHXFVCXV,2026-06-07T05:56:29.203494
amazon,B0BYJWX9LX,Mintra,Mintra,AR-Shoes,EGP 690.00,,,4.1,,,,,,,https://m.media-amazon.com/images/I/81UF7LjuqxL._AC_UL320_.jpg,https://m.media-amazon.com/images/I/81UF7LjuqxL._AC_UL320_.jpg,,,,,,,,,,,https://www.amazon.eg/dp/B0BYJWX9LX,2026-06-07T05:56:29.204117
amazon,B0DL7MXCZS,adidas,adidas,AR-Shoes,"EGP 1,753.00","EGP 2,719.00",,4.5,Was:,,,,,,https://m.media-amazon.com/images/I/511-FSV1m-L._AC_UL320_.jpg,https://m.media-amazon.com/images/I/511-FSV1m-L._AC_UL320_.jpg,,,,,,,,,,,https://www.amazon.eg/dp/B0DL7MXCZS,2026-06-07T05:56:29.204762
amazon,B0CJTZ6G7N,adidas,adidas,AR-Shoes,"EGP 2,992.00","EGP 4,049.00",,3.8,List:,,,,,,https://m.media-amazon.com/images/I/614yHp-DW5L._AC_UL320_.jpg,https://m.media-amazon.com/images/I/614yHp-DW5L._AC_UL320_.jpg,,,,,,,,,,,https://www.amazon.eg/dp/B0CJTZ6G7N,2026-06-07T05:56:29.205505
amazon,B0CYH7BZ8J,Activ,Activ,AR-Shoes,EGP 999.00,"EGP 1,199.00",,3.9,List:,,,,,,https://m.media-amazon.com/images/I/51B49qgxoaL._AC_UL320_.jpg,https://m.media-amazon.com/images/I/51B49qgxoaL._AC_UL320_.jpg,,,,,,,,,,,https://www.amazon.eg/dp/B0CYH7BZ8J,2026-06-07T05:56:29.206235
amazon,B0FXB7DWBW,Desert,Desert,AR-Shoes,EGP 349.00,,,3.7,,,,,,,https://m.media-amazon.com/images/I/71IPgbjWHsL._AC_UL320_.jpg,https://m.media-amazon.com/images/I/71IPgbjWHsL._AC_UL320_.jpg,,,,,,,,,,,https://www.amazon.eg/dp/B0FXB7DWBW,2026-06-07T05:56:29.206797
amazon,B0CKXSYJQ5,adidas,adidas,AR-Shoes,"EGP 2,970.00","EGP 3,499.00",,4.0,List:,,,,,,https://m.media-amazon.com/images/I/61eZgaHq8+L._AC_UL320_.jpg,https://m.media-amazon.com/images/I/61eZgaHq8+L._AC_UL320_.jpg,,,,,,,,,,,https://www.amazon.eg/dp/B0CKXSYJQ5,2026-06-07T05:56:29.207527
amazon,B0GBH9KMCW,"Black Medical Slippers - Map Design - Comfortable Design - Lightweight Sole - Waterproof Rubber Material - Slippers for Men, Youth, Kids - Perfect for Home, Beach, Street",,AR-Shoes,EGP 103.00,,,3.1,,,,,,,https://m.media-amazon.com/images/I/51hyrP0KcyL._AC_UL320_.jpg,https://m.media-amazon.com/images/I/51hyrP0KcyL._AC_UL320_.jpg,,,,,,,,,,,https://www.amazon.eg/dp/B0GBH9KMCW,2026-06-07T05:56:29.208088
amazon,B0C3JYR3DW,adidas,adidas,AR-Shoes,"EGP 2,469.00","EGP 3,069.00",,4.6,List:,,,,,,https://m.media-amazon.com/images/I/71JPqZZdCcL._AC_UL320_.jpg,https://m.media-amazon.com/images/I/71JPqZZdCcL._AC_UL320_.jpg,,,,,,,,,,,https://www.amazon.eg/dp/B0C3JYR3DW,2026-06-07T05:56:29.208782
amazon,B0DHXFLKR4,adidas,adidas,AR-Shoes,"EGP 2,646.00","EGP 2,749.00",,3.8,List:,,,,,,https://m.media-amazon.com/images/I/61k6pM8xe4L._AC_UL320_.jpg,https://m.media-amazon.com/images/I/61k6pM8xe4L._AC_UL320_.jpg,,,,,,,,,,,https://www.amazon.eg/dp/B0DHXFLKR4,2026-06-07T05:56:29.210060
amazon,B0BZDS9582,تيستا تورو TESTA TORO,تيستا تورو TESTA TORO,AR-Shoes,EGP 339.00,,,3.5,,,,,,,https://m.media-amazon.com/images/I/61cLRsbkw1L._AC_UL320_.jpg,https://m.media-amazon.com/images/I/61cLRsbkw1L._AC_UL320_.jpg,,,,,,,,,,,https://www.amazon.eg/dp/B0BZDS9582,2026-06-07T05:56:29.210695
amazon,B0CF5KN54H,Now Shoes,Now Shoes,AR-Shoes,EGP 299.00,EGP 359.00,,3.0,List:,,,,,,https://m.media-amazon.com/images/I/51Q5JYyf3XL._AC_UL320_.jpg,https://m.media-amazon.com/images/I/51Q5JYyf3XL._AC_UL320_.jpg,,,,,,,,,,,https://www.amazon.eg/dp/B0CF5KN54H,2026-06-07T05:56:29.211347
amazon,B0CKFDFSRP,Mintra,Mintra,AR-Shoes,"EGP 1,014.00","EGP 1,499.00",,4.0,List:,,,,,,https://m.media-amazon.com/images/I/716J3o-uvQL._AC_UL320_.jpg,https://m.media-amazon.com/images/I/716J3o-uvQL._AC_UL320_.jpg,,,,,,,,,,,https://www.amazon.eg/dp/B0CKFDFSRP,2026-06-07T05:56:29.212075
amazon,B0DTK8X21F,Mintra,Mintra,AR-Shoes,EGP 690.00,,,3.7,,,,,,,https://m.media-amazon.com/images/I/71xXWkCrEPL._AC_UL320_.jpg,https://m.media-amazon.com/images/I/71xXWkCrEPL._AC_UL320_.jpg,,,,,,,,,,,https://www.amazon.eg/dp/B0DTK8X21F,2026-06-07T05:56:29.212617
amazon,B0G2MQ2QJF,تيستا تورو TESTA TORO,تيستا تورو TESTA TORO,AR-Shoes,EGP 509.00,,,3.3,,,,,,,https://m.media-amazon.com/images/I/61xbESrrvsL._AC_UL320_.jpg,https://m.media-amazon.com/images/I/61xbESrrvsL._AC_UL320_.jpg,,,,,,,,,,,https://www.amazon.eg/dp/B0G2MQ2QJF,2026-06-07T05:56:29.213184
amazon,B0G4MYN32D,Men's Hiking Sneakers Imported High Quality - Fashion Design - Breathable Suede and Mesh - Ultra Light Rubber Pure Sole with Unspeakable Comfort,,AR-Shoes,EGP 599.00,EGP 650.00,,3.4,List:,,,,,,https://m.media-amazon.com/images/I/61-oLtuQbUL._AC_UL320_.jpg,https://m.media-amazon.com/images/I/61-oLtuQbUL._AC_UL320_.jpg,,,,,,,,,,,https://www.amazon.eg/dp/B0G4MYN32D,2026-06-07T05:56:29.213866
amazon,B0G4MSNZSN,Men's Casual Sneakers - Special Sizes (Big Size 46 & 47 & 48) - Premium Quality Materials Fully Imported - Very Comfortable - Lightweight - With Professional Design For Superior Foot Breathability,,AR-Shoes,EGP 699.00,,,3.5,,,,,,,https://m.media-amazon.com/images/I/51FqV0SMUtL._AC_UL320_.jpg,https://m.media-amazon.com/images/I/51FqV0SMUtL._AC_UL320_.jpg,,,,,,,,,,,https://www.amazon.eg/dp/B0G4MSNZSN,2026-06-07T05:56:29.214487
amazon,B0DL78GX48,adidas,adidas,AR-Shoes,"EGP 1,728.00",,,5.0,,,,,,,https://m.media-amazon.com/images/I/511-FSV1m-L._AC_UL320_.jpg,https://m.media-amazon.com/images/I/511-FSV1m-L._AC_UL320_.jpg,,,,,,,,,,,https://www.amazon.eg/dp/B0DL78GX48,2026-06-07T05:56:29.215158
amazon,B0C6FJW1YP,adidas,adidas,AR-Shoes,"EGP 1,574.00","EGP 3,279.00",,4.0,List:,,,,,,https://m.media-amazon.com/images/I/71JCZpWDI+L._AC_UL320_.jpg,https://m.media-amazon.com/images/I/71JCZpWDI+L._AC_UL320_.jpg,,,,,,,,,,,https://www.amazon.eg/dp/B0C6FJW1YP,2026-06-07T05:56:29.215868
amazon,B0FPCTPJFT,Now Shoes,Now Shoes,AR-Shoes,EGP 249.99,,,3.3,,,,,,,https://m.media-amazon.com/images/I/81Vkgh5k-HL._AC_UL320_.jpg,https://m.media-amazon.com/images/I/81Vkgh5k-HL._AC_UL320_.jpg,,,,,,,,,,,https://www.amazon.eg/dp/B0FPCTPJFT,2026-06-07T05:56:29.216447
amazon,B0F1X5SDHG,adidas,adidas,AR-Shoes,"EGP 2,572.00","EGP 4,923.90",,4.4,Was:,,,,,,https://m.media-amazon.com/images/I/610DRIim5SL._AC_UL320_.jpg,https://m.media-amazon.com/images/I/610DRIim5SL._AC_UL320_.jpg,,,,,,,,,,,https://www.amazon.eg/dp/B0F1X5SDHG,2026-06-07T05:56:29.217056
amazon,B0CKJ8JQW6,PUMA,PUMA,AR-Shoes,"EGP 1,549.00",,,4.5,,,,,,,https://m.media-amazon.com/images/I/51MCB0cIrjL._AC_UL320_.jpg,https://m.media-amazon.com/images/I/51MCB0cIrjL._AC_UL320_.jpg,,,,,,,,,,,https://www.amazon.eg/dp/B0CKJ8JQW6,2026-06-07T05:56:29.217655
amazon,B0CYH68DF8,Activ,Activ,AR-Shoes,EGP 689.00,,,4.3,,,,,,,https://m.media-amazon.com/images/I/41w90Ca3aSL._AC_UL320_.jpg,https://m.media-amazon.com/images/I/41w90Ca3aSL._AC_UL320_.jpg,,,,,,,,,,,https://www.amazon.eg/dp/B0CYH68DF8,2026-06-07T05:56:29.218254
amazon,B0DF81DFGR,PUMA,PUMA,AR-Shoes,"EGP 1,553.00",,,4.4,,,,,,,https://m.media-amazon.com/images/I/51O-PD3H9TL._AC_UL320_.jpg,https://m.media-amazon.com/images/I/51O-PD3H9TL._AC_UL320_.jpg,,,,,,,,,,,https://www.amazon.eg/dp/B0DF81DFGR,2026-06-07T05:56:29.218919
amazon,B0D3Z1ZZK7,PUMA,PUMA,AR-Shoes,"EGP 2,401.20",,,4.6,,,,,,,https://m.media-amazon.com/images/I/61-R1rTzT5L._AC_UL320_.jpg,https://m.media-amazon.com/images/I/61-R1rTzT5L._AC_UL320_.jpg,,,,,,,,,,,https://www.amazon.eg/dp/B0D3Z1ZZK7,2026-06-07T05:56:29.219525
amazon,B09YY1NSF9,PUMA,PUMA,AR-Shoes,"EGP 2,851.00",,,4.3,,,,,,,https://m.media-amazon.com/images/I/61NtoSMdVxL._AC_UL320_.jpg,https://m.media-amazon.com/images/I/61NtoSMdVxL._AC_UL320_.jpg,,,,,,,,,,,https://www.amazon.eg/dp/B09YY1NSF9,2026-06-07T05:56:29.220168
amazon,B0F6KXC61B,Women's Tricot Flat Shoes,,AR-Shoes,EGP 247.50,,,3.4,,,,,,,https://m.media-amazon.com/images/I/61a6uOoU9xL._AC_UL320_.jpg,https://m.media-amazon.com/images/I/61a6uOoU9xL._AC_UL320_.jpg,,,,,,,,,,,https://www.amazon.eg/dp/B0F6KXC61B,2026-06-07T05:56:29.220804
amazon,B0DHX9WMKF,adidas,adidas,AR-Shoes,"EGP 2,352.00",,,4.2,,,,,,,https://m.media-amazon.com/images/I/6160dx3mzUL._AC_UL320_.jpg,https://m.media-amazon.com/images/I/6160dx3mzUL._AC_UL320_.jpg,,,,,,,,,,,https://www.amazon.eg/dp/B0DHX9WMKF,2026-06-07T05:56:29.221485
amazon,B0BYJTX4T5,Mintra,Mintra,AR-Shoes,EGP 586.50,EGP 690.00,,4.0,List:,,,,,,https://m.media-amazon.com/images/I/81hO7Eflj3L._AC_UL320_.jpg,https://m.media-amazon.com/images/I/81hO7Eflj3L._AC_UL320_.jpg,,,,,,,,,,,https://www.amazon.eg/dp/B0BYJTX4T5,2026-06-07T05:56:29.222169
amazon,B0DTHY6XQK,Mintra,Mintra,AR-Shoes,EGP 690.00,,,3.8,,,,,,,https://m.media-amazon.com/images/I/81hO7Eflj3L._AC_UL320_.jpg,https://m.media-amazon.com/images/I/81hO7Eflj3L._AC_UL320_.jpg,,,,,,,,,,,https://www.amazon.eg/dp/B0DTHY6XQK,2026-06-07T05:56:29.222766
amazon,B0CYTBN47P,adidas,adidas,AR-Shoes,"EGP 2,866.00",,,4.4,,,,,,,https://m.media-amazon.com/images/I/712t1DExedL._AC_UL320_.jpg,https://m.media-amazon.com/images/I/712t1DExedL._AC_UL320_.jpg,,,,,,,,,,,https://www.amazon.eg/dp/B0CYTBN47P,2026-06-07T05:56:29.223397
amazon,B0DHXHDKCV,adidas,adidas,AR-Shoes,"EGP 2,792.00","EGP 4,169.00",,4.3,List:,,,,,,https://m.media-amazon.com/images/I/61Nh0ACPseL._AC_UL320_.jpg,https://m.media-amazon.com/images/I/61Nh0ACPseL._AC_UL320_.jpg,,,,,,,,,,,https://www.amazon.eg/dp/B0DHXHDKCV,2026-06-07T05:56:29.224016
amazon,B0BYJWCHBQ,Mintra,Mintra,AR-Shoes,EGP 450.00,EGP 690.00,,4.1,List:,,,,,,https://m.media-amazon.com/images/I/71eQ62cDAhL._AC_UL320_.jpg,https://m.media-amazon.com/images/I/71eQ62cDAhL._AC_UL320_.jpg,,,,,,,,,,,https://www.amazon.eg/dp/B0BYJWCHBQ,2026-06-07T05:56:29.224795
amazon,B0G65Q1LR2,adidas,adidas,AR-Shoes,"EGP 2,582.00",,,,,,,,,,https://m.media-amazon.com/images/I/71+2711o5XL._AC_UL320_.jpg,https://m.media-amazon.com/images/I/71+2711o5XL._AC_UL320_.jpg,,,,,,,,,,,https://www.amazon.eg/dp/B0G65Q1LR2,2026-06-07T05:56:29.225267
amazon,B0D31ZNW3S,adidas,adidas,AR-Shoes,"EGP 1,637.00",,,3.6,,,,,,,https://m.media-amazon.com/images/I/71CvwoGl03L._AC_UL320_.jpg,https://m.media-amazon.com/images/I/71CvwoGl03L._AC_UL320_.jpg,,,,,,,,,,,https://www.amazon.eg/dp/B0D31ZNW3S,2026-06-07T05:56:29.225852
amazon,B0F9L3YVLG,Desert Essence,Desert Essence,AR-Shoes,EGP 307.23,EGP 399.00,,2.8,List:,,,,,,https://m.media-amazon.com/images/I/91p0XPrFPrL._AC_UL320_.jpg,https://m.media-amazon.com/images/I/91p0XPrFPrL._AC_UL320_.jpg,,,,,,,,,,,https://www.amazon.eg/dp/B0F9L3YVLG,2026-06-07T05:56:29.226531
amazon,B0C3JQW4NT,adidas,adidas,AR-Shoes,"EGP 3,191.00","EGP 3,799.00",,4.3,List:,,,,,,https://m.media-amazon.com/images/I/419wDZ9+5YL._AC_UL320_.jpg,https://m.media-amazon.com/images/I/419wDZ9+5YL._AC_UL320_.jpg,,,,,,,,,,,https://www.amazon.eg/dp/B0C3JQW4NT,2026-06-07T05:56:29.227165
amazon,B0D3H5J7HM,Mintra,Mintra,AR-Shoes,EGP 586.50,EGP 690.00,,4.1,List:,,,,,,https://m.media-amazon.com/images/I/71V-xnWoTmL._AC_UL320_.jpg,https://m.media-amazon.com/images/I/71V-xnWoTmL._AC_UL320_.jpg,,,,,,,,,,,https://www.amazon.eg/dp/B0D3H5J7HM,2026-06-07T05:56:29.227892
amazon,B0D5V48S2Q,adidas,adidas,AR-Shoes,"EGP 2,876.00",,,4.7,,,,,,,https://m.media-amazon.com/images/I/71i2IBgwuML._AC_UL320_.jpg,https://m.media-amazon.com/images/I/71i2IBgwuML._AC_UL320_.jpg,,,,,,,,,,,https://www.amazon.eg/dp/B0D5V48S2Q,2026-06-07T05:56:29.228499
amazon,B07S9S4F1N,PUMA,PUMA,AR-Shoes,,,,4.4,,,,,,,https://m.media-amazon.com/images/I/71digaO+JEL._AC_UL320_.jpg,https://m.media-amazon.com/images/I/71digaO+JEL._AC_UL320_.jpg,,,,,,,,,,,https://www.amazon.eg/dp/B07S9S4F1N,2026-06-07T05:56:29.229388
amazon,B0C77ZV5XX,Reebok,Reebok,AR-Shoes,"EGP 1,938.00",,,4.5,,,,,,,https://m.media-amazon.com/images/I/71M2TN2cEqL._AC_UL320_.jpg,https://m.media-amazon.com/images/I/71M2TN2cEqL._AC_UL320_.jpg,,,,,,,,,,,https://www.amazon.eg/dp/B0C77ZV5XX,2026-06-07T05:56:29.229988
amazon,B0C3WL6K19,adidas,adidas,AR-Shoes,"EGP 2,090.00","EGP 2,231.00",,4.3,Was:,,,,,,https://m.media-amazon.com/images/I/71Axkqji4WL._AC_UL320_.jpg,https://m.media-amazon.com/images/I/71Axkqji4WL._AC_UL320_.jpg,,,,,,,,,,,https://www.amazon.eg/dp/B0C3WL6K19,2026-06-07T05:56:29.230702
amazon,B0BLCK4BWJ,PUMA,PUMA,AR-Shoes,"EGP 2,032.00",,,4.5,,,,,,,https://m.media-amazon.com/images/I/61hNTjpza-L._AC_UL320_.jpg,https://m.media-amazon.com/images/I/61hNTjpza-L._AC_UL320_.jpg,,,,,,,,,,,https://www.amazon.eg/dp/B0BLCK4BWJ,2026-06-07T05:56:29.231381
amazon,B0BYJWHSP8,Mintra,Mintra,AR-Shoes,EGP 586.50,EGP 690.00,,3.9,List:,,,,,,https://m.media-amazon.com/images/I/71KlZnrCCiL._AC_UL320_.jpg,https://m.media-amazon.com/images/I/71KlZnrCCiL._AC_UL320_.jpg,,,,,,,,,,,https://www.amazon.eg/dp/B0BYJWHSP8,2026-06-07T05:56:33.663802
amazon,B0B5B1CHT2,Florence 9614 Women's Casual Hand Made Flat Leather Shoes,,AR-Shoes,EGP 777.00,,,3.9,,,,,,,https://m.media-amazon.com/images/I/51zYcGHkxYL._AC_UL320_.jpg,https://m.media-amazon.com/images/I/51zYcGHkxYL._AC_UL320_.jpg,,,,,,,,,,,https://www.amazon.eg/dp/B0B5B1CHT2,2026-06-07T05:56:33.665786
amazon,B0F8BJJKSM,Testa Toro TESTA TORO,Testa Toro TESTA TORO,AR-Shoes,EGP 519.00,,,3.4,,,,,,,https://m.media-amazon.com/images/I/41bi6Hq6pCL._AC_UL320_.jpg,https://m.media-amazon.com/images/I/41bi6Hq6pCL._AC_UL320_.jpg,,,,,,,,,,,https://www.amazon.eg/dp/B0F8BJJKSM,2026-06-07T05:56:33.667113
amazon,B0DJN16J8N,Runner Unisex Stars and Tartan Football Shoes,,AR-Shoes,EGP 400.00,,,3.6,,,,,,,https://m.media-amazon.com/images/I/61AzLFq-XlL._AC_UL320_.jpg,https://m.media-amazon.com/images/I/61AzLFq-XlL._AC_UL320_.jpg,,,,,,,,,,,https://www.amazon.eg/dp/B0DJN16J8N,2026-06-07T05:56:33.667700
amazon,B0BYJTTTVF,Mintra,Mintra,AR-Shoes,EGP 586.50,EGP 690.00,,3.9,List:,,,,,,https://m.media-amazon.com/images/I/714t6OaIX9L._AC_UL320_.jpg,https://m.media-amazon.com/images/I/714t6OaIX9L._AC_UL320_.jpg,,,,,,,,,,,https://www.amazon.eg/dp/B0BYJTTTVF,2026-06-07T05:56:33.668901
amazon,B0DHVV71ZC,adidas,adidas,AR-Shoes,"EGP 2,245.19",,,4.4,,,,,,,https://m.media-amazon.com/images/I/71b7KHFp8cL._AC_UL320_.jpg,https://m.media-amazon.com/images/I/71b7KHFp8cL._AC_UL320_.jpg,,,,,,,,,,,https://www.amazon.eg/dp/B0DHVV71ZC,2026-06-07T05:56:33.670864
amazon,B0D519SF5C,Reebok,Reebok,AR-Shoes,"EGP 1,948.00",,,3.7,,,,,,,https://m.media-amazon.com/images/I/51LQgJa1HQL._AC_UL320_.jpg,https://m.media-amazon.com/images/I/51LQgJa1HQL._AC_UL320_.jpg,,,,,,,,,,,https://www.amazon.eg/dp/B0D519SF5C,2026-06-07T05:56:33.671979
amazon,B0D3H5GX12,Mintra,Mintra,AR-Shoes,EGP 690.00,,,4.3,,,,,,,https://m.media-amazon.com/images/I/71KrGEMQQPL._AC_UL320_.jpg,https://m.media-amazon.com/images/I/71KrGEMQQPL._AC_UL320_.jpg,,,,,,,,,,,https://www.amazon.eg/dp/B0D3H5GX12,2026-06-07T05:56:33.672653
amazon,B0BYJRZ5RM,Mintra,Mintra,AR-Shoes,EGP 586.50,EGP 690.00,,4.1,List:,,,,,,https://m.media-amazon.com/images/I/71ADOCn41hL._AC_UL320_.jpg,https://m.media-amazon.com/images/I/71ADOCn41hL._AC_UL320_.jpg,,,,,,,,,,,https://www.amazon.eg/dp/B0BYJRZ5RM,2026-06-07T05:56:33.674640
amazon,B0D6W1RRW8,PUMA,PUMA,AR-Shoes,"EGP 2,242.00",,,4.2,,,,,,,https://m.media-amazon.com/images/I/61ekIHHYFeL._AC_UL320_.jpg,https://m.media-amazon.com/images/I/61ekIHHYFeL._AC_UL320_.jpg,,,,,,,,,,,https://www.amazon.eg/dp/B0D6W1RRW8,2026-06-07T05:56:33.675264
amazon,B0F1Z6TFR7,M D Stay Fit,M D Stay Fit,AR-Shoes,EGP 550.00,,,2.4,,,,,,,https://m.media-amazon.com/images/I/81AxHilehuL._AC_UL320_.jpg,https://m.media-amazon.com/images/I/81AxHilehuL._AC_UL320_.jpg,,,,,,,,,,,https://www.amazon.eg/dp/B0F1Z6TFR7,2026-06-07T05:56:33.676496
amazon,B0DL4P723F,Skechers,Skechers,AR-Shoes,"EGP 3,117.00",,,4.5,,,,,,,https://m.media-amazon.com/images/I/71X6JTfN8aL._AC_UL320_.jpg,https://m.media-amazon.com/images/I/71X6JTfN8aL._AC_UL320_.jpg,,,,,,,,,,,https://www.amazon.eg/dp/B0DL4P723F,2026-06-07T05:56:33.677117
amazon,B0BRM4RY12,PUMA,PUMA,AR-Shoes,"EGP 2,274.00",,,4.2,,,,,,,https://m.media-amazon.com/images/I/71kBGr5BQsL._AC_UL320_.jpg,https://m.media-amazon.com/images/I/71kBGr5BQsL._AC_UL320_.jpg,,,,,,,,,,,https://www.amazon.eg/dp/B0BRM4RY12,2026-06-07T05:56:33.677790
amazon,B0FHKRNFF6,Activ,Activ,AR-Shoes,"EGP 1,024.00","EGP 1,199.00",,3.4,List:,,,,,,https://m.media-amazon.com/images/I/51Qz+XQs2SL._AC_UL320_.jpg,https://m.media-amazon.com/images/I/51Qz+XQs2SL._AC_UL320_.jpg,,,,,,,,,,,https://www.amazon.eg/dp/B0FHKRNFF6,2026-06-07T05:56:33.678452
amazon,B0D2BRFTHY,New Balance,New Balance,AR-Shoes,"EGP 1,112.60",,,4.1,,,,,,,https://m.media-amazon.com/images/I/415A95imyPL._AC_UL320_.jpg,https://m.media-amazon.com/images/I/415A95imyPL._AC_UL320_.jpg,,,,,,,,,,,https://www.amazon.eg/dp/B0D2BRFTHY,2026-06-07T05:56:33.680274
amazon,B0CPVNN1LX,adidas,adidas,AR-Shoes,"EGP 2,204.00",,,3.6,,,,,,,https://m.media-amazon.com/images/I/61Pq6+am0WL._AC_UL320_.jpg,https://m.media-amazon.com/images/I/61Pq6+am0WL._AC_UL320_.jpg,,,,,,,,,,,https://www.amazon.eg/dp/B0CPVNN1LX,2026-06-07T05:56:33.680814
amazon,B0CKXRWJP9,adidas,adidas,AR-Shoes,"EGP 1,938.00",,,4.1,,,,,,,https://m.media-amazon.com/images/I/711GoWS4CVL._AC_UL320_.jpg,https://m.media-amazon.com/images/I/711GoWS4CVL._AC_UL320_.jpg,,,,,,,,,,,https://www.amazon.eg/dp/B0CKXRWJP9,2026-06-07T05:56:33.682651
amazon,B0D321FPZ3,adidas,adidas,AR-Shoes,"EGP 1,931.00","EGP 3,499.00",,4.3,List:,,,,,,https://m.media-amazon.com/images/I/617u-y903+L._AC_UL320_.jpg,https://m.media-amazon.com/images/I/617u-y903+L._AC_UL320_.jpg,,,,,,,,,,,https://www.amazon.eg/dp/B0D321FPZ3,2026-06-07T05:56:33.683392
amazon,B0D2DP3MN5,Activ,Activ,AR-Shoes,EGP 559.00,,,4.8,,,,,,,https://m.media-amazon.com/images/I/41bNhxFi2+L._AC_UL320_.jpg,https://m.media-amazon.com/images/I/41bNhxFi2+L._AC_UL320_.jpg,,,,,,,,,,,https://www.amazon.eg/dp/B0D2DP3MN5,2026-06-07T05:56:33.683924
amazon,B0CKS1TLFZ,adidas,adidas,AR-Shoes,"EGP 2,999.00",,,4.3,,,,,,,https://m.media-amazon.com/images/I/61tdybocJwL._AC_UL320_.jpg,https://m.media-amazon.com/images/I/61tdybocJwL._AC_UL320_.jpg,,,,,,,,,,,https://www.amazon.eg/dp/B0CKS1TLFZ,2026-06-07T05:56:33.684585
amazon,B0C6FH3YJZ,adidas,adidas,AR-Shoes,"EGP 2,599.00",,,3.8,,,,,,,https://m.media-amazon.com/images/I/716dVeBbt3L._AC_UL320_.jpg,https://m.media-amazon.com/images/I/716dVeBbt3L._AC_UL320_.jpg,,,,,,,,,,,https://www.amazon.eg/dp/B0C6FH3YJZ,2026-06-07T05:56:33.685215
amazon,B0D2KWL1S1,PUMA,PUMA,AR-Shoes,"EGP 2,694.00",,,4.3,,,,,,,https://m.media-amazon.com/images/I/61bbE3wjugL._AC_UL320_.jpg,https://m.media-amazon.com/images/I/61bbE3wjugL._AC_UL320_.jpg,,,,,,,,,,,https://www.amazon.eg/dp/B0D2KWL1S1,2026-06-07T05:56:33.685850
amazon,B0CYTCC495,adidas,adidas,AR-Shoes,"EGP 2,299.00","EGP 4,599.00",,4.2,List:,,,,,,https://m.media-amazon.com/images/I/61+qxoTZuFL._AC_UL320_.jpg,https://m.media-amazon.com/images/I/61+qxoTZuFL._AC_UL320_.jpg,,,,,,,,,,,https://www.amazon.eg/dp/B0CYTCC495,2026-06-07T05:56:33.686612
amazon,B0FNLV3CBV,BODO,BODO,AR-Shoes,EGP 269.10,EGP 299.00,,4.1,Was:,,,,,,https://m.media-amazon.com/images/I/61ZWNwVxoaL._AC_UL320_.jpg,https://m.media-amazon.com/images/I/61ZWNwVxoaL._AC_UL320_.jpg,,,,,,,,,,,https://www.amazon.eg/dp/B0FNLV3CBV,2026-06-07T05:56:33.687361
amazon,B0CKS1TLW8,adidas,adidas,AR-Shoes,"EGP 2,799.00","EGP 3,799.00",,4.4,List:,,,,,,https://m.media-amazon.com/images/I/61s8wlDlfpL._AC_UL320_.jpg,https://m.media-amazon.com/images/I/61s8wlDlfpL._AC_UL320_.jpg,,,,,,,,,,,https://www.amazon.eg/dp/B0CKS1TLW8,2026-06-07T05:56:33.688087
amazon,B0DHZTNY1B,adidas,adidas,AR-Shoes,"EGP 2,614.00",,,4.1,,,,,,,https://m.media-amazon.com/images/I/61FksOc7fmL._AC_UL320_.jpg,https://m.media-amazon.com/images/I/61FksOc7fmL._AC_UL320_.jpg,,,,,,,,,,,https://www.amazon.eg/dp/B0DHZTNY1B,2026-06-07T05:56:33.688820
amazon,B0DHWCSLSM,adidas,adidas,AR-Shoes,"EGP 1,675.00",,,5.0,,,,,,,https://m.media-amazon.com/images/I/6192c7Yi2mL._AC_UL320_.jpg,https://m.media-amazon.com/images/I/6192c7Yi2mL._AC_UL320_.jpg,,,,,,,,,,,https://www.amazon.eg/dp/B0DHWCSLSM,2026-06-07T05:56:33.689390
amazon,B0DLVB142J,New Balance,New Balance,AR-Shoes,"EGP 2,886.46",,,3.7,,,,,,,https://m.media-amazon.com/images/I/71il9WupnyL._AC_UL320_.jpg,https://m.media-amazon.com/images/I/71il9WupnyL._AC_UL320_.jpg,,,,,,,,,,,https://www.amazon.eg/dp/B0DLVB142J,2026-06-07T05:56:33.689926
amazon,B0CYTDP1N9,adidas,adidas,AR-Shoes,"EGP 3,895.00","EGP 4,999.00",,4.2,List:,,,,,,https://m.media-amazon.com/images/I/61PhpVY5RtL._AC_UL320_.jpg,https://m.media-amazon.com/images/I/61PhpVY5RtL._AC_UL320_.jpg,,,,,,,,,,,https://www.amazon.eg/dp/B0CYTDP1N9,2026-06-07T05:56:33.690661
amazon,B0CYNGYVGS,adidas,adidas,AR-Shoes,"EGP 1,812.00","EGP 3,599.00",,4.4,List:,,,,,,https://m.media-amazon.com/images/I/61Orgw7qb9L._AC_UL320_.jpg,https://m.media-amazon.com/images/I/61Orgw7qb9L._AC_UL320_.jpg,,,,,,,,,,,https://www.amazon.eg/dp/B0CYNGYVGS,2026-06-07T05:56:33.691428
amazon,B0CKRZSW2G,adidas,adidas,AR-Shoes,"EGP 2,443.06",,,4.3,,,,,,,https://m.media-amazon.com/images/I/41GMEoKbvzL._AC_UL320_.jpg,https://m.media-amazon.com/images/I/41GMEoKbvzL._AC_UL320_.jpg,,,,,,,,,,,https://www.amazon.eg/dp/B0CKRZSW2G,2026-06-07T05:56:33.692100
amazon,B0F1XKCTLC,adidas,adidas,AR-Shoes,"EGP 3,009.00","EGP 3,580.77",,4.5,Was:,,,,,,https://m.media-amazon.com/images/I/61pWb8XDvZL._AC_UL320_.jpg,https://m.media-amazon.com/images/I/61pWb8XDvZL._AC_UL320_.jpg,,,,,,,,,,,https://www.amazon.eg/dp/B0F1XKCTLC,2026-06-07T05:56:33.692750
amazon,B0CKJB5R1W,PUMA,PUMA,AR-Shoes,"EGP 2,883.00",,,4.4,,,,,,,https://m.media-amazon.com/images/I/61ZHt9RENpL._AC_UL320_.jpg,https://m.media-amazon.com/images/I/61ZHt9RENpL._AC_UL320_.jpg,,,,,,,,,,,https://www.amazon.eg/dp/B0CKJB5R1W,2026-06-07T05:56:33.693418
amazon,B0DLVCDYGC,New Balance,New Balance,AR-Shoes,"EGP 3,555.59",,,3.5,,,,,,,https://m.media-amazon.com/images/I/61PYyGDdlLL._AC_UL320_.jpg,https://m.media-amazon.com/images/I/61PYyGDdlLL._AC_UL320_.jpg,,,,,,,,,,,https://www.amazon.eg/dp/B0DLVCDYGC,2026-06-07T05:56:33.694086
amazon,B0DCKCWNYV,adidas,adidas,AR-Shoes,"EGP 2,316.00",,,4.7,,,,,,,https://m.media-amazon.com/images/I/614lzy0RT8L._AC_UL320_.jpg,https://m.media-amazon.com/images/I/614lzy0RT8L._AC_UL320_.jpg,,,,,,,,,,,https://www.amazon.eg/dp/B0DCKCWNYV,2026-06-07T05:56:37.743830
amazon,B0CM1GVWW6,PUMA,PUMA,AR-Shoes,"EGP 1,721.95",,,4.3,,,,,,,https://m.media-amazon.com/images/I/81SF8KluLAL._AC_UL320_.jpg,https://m.media-amazon.com/images/I/81SF8KluLAL._AC_UL320_.jpg,,,,,,,,,,,https://www.amazon.eg/dp/B0CM1GVWW6,2026-06-07T05:56:37.745097
amazon,B0FKH9K649,adidas,adidas,AR-Shoes,"EGP 2,749.00","EGP 4,049.00",,3.0,List:,,,,,,https://m.media-amazon.com/images/I/81YZpRmaCNL._AC_UL320_.jpg,https://m.media-amazon.com/images/I/81YZpRmaCNL._AC_UL320_.jpg,,,,,,,,,,,https://www.amazon.eg/dp/B0FKH9K649,2026-06-07T05:56:37.745785
amazon,B0DTHX5LJR,Mintra,Mintra,AR-Shoes,EGP 636.00,EGP 690.00,,4.8,List:,,,,,,https://m.media-amazon.com/images/I/71AVBRYomFL._AC_UL320_.jpg,https://m.media-amazon.com/images/I/71AVBRYomFL._AC_UL320_.jpg,,,,,,,,,,,https://www.amazon.eg/dp/B0DTHX5LJR,2026-06-07T05:56:37.746402
amazon,B0BYJWPFN1,Mintra,Mintra,AR-Shoes,EGP 690.00,,,4.2,,,,,,,https://m.media-amazon.com/images/I/81Q5pd5WXBL._AC_UL320_.jpg,https://m.media-amazon.com/images/I/81Q5pd5WXBL._AC_UL320_.jpg,,,,,,,,,,,https://www.amazon.eg/dp/B0BYJWPFN1,2026-06-07T05:56:37.746930
amazon,B0DCWRCL77,Now Shoes,Now Shoes,AR-Shoes,EGP 299.99,,,3.9,,,,,,,https://m.media-amazon.com/images/I/41SDC86INEL._AC_UL320_.jpg,https://m.media-amazon.com/images/I/41SDC86INEL._AC_UL320_.jpg,,,,,,,,,,,https://www.amazon.eg/dp/B0DCWRCL77,2026-06-07T05:56:37.752384
amazon,B0CKRZFFPL,adidas,adidas,AR-Shoes,"EGP 3,380.00","EGP 6,719.00",,4.2,List:,,,,,,https://m.media-amazon.com/images/I/61Zdpyas6DL._AC_UL320_.jpg,https://m.media-amazon.com/images/I/61Zdpyas6DL._AC_UL320_.jpg,,,,,,,,,,,https://www.amazon.eg/dp/B0CKRZFFPL,2026-06-07T05:56:37.753638
amazon,B0CKXRPDD5,adidas,adidas,AR-Shoes,"EGP 2,179.00","EGP 4,129.00",,4.2,List:,,,,,,https://m.media-amazon.com/images/I/71XV0XTSHXL._AC_UL320_.jpg,https://m.media-amazon.com/images/I/71XV0XTSHXL._AC_UL320_.jpg,,,,,,,,,,,https://www.amazon.eg/dp/B0CKXRPDD5,2026-06-07T05:56:37.754300
amazon,B0CP47FSTK,PUMA,PUMA,AR-Shoes,"EGP 5,634.35",,,4.2,,,,,,,https://m.media-amazon.com/images/I/61ekIHHYFeL._AC_UL320_.jpg,https://m.media-amazon.com/images/I/61ekIHHYFeL._AC_UL320_.jpg,,,,,,,,,,,https://www.amazon.eg/dp/B0CP47FSTK,2026-06-07T05:56:37.754962
amazon,B0CNL4BCGM,PUMA,PUMA,AR-Shoes,"EGP 2,887.00",,,4.5,,,,,,,https://m.media-amazon.com/images/I/71sBqo2CukL._AC_UL320_.jpg,https://m.media-amazon.com/images/I/71sBqo2CukL._AC_UL320_.jpg,,,,,,,,,,,https://www.amazon.eg/dp/B0CNL4BCGM,2026-06-07T05:56:37.756213
amazon,B0DBDJ6F9J,adidas,adidas,AR-Shoes,"EGP 3,895.00","EGP 4,999.00",,4.4,List:,,,,,,https://m.media-amazon.com/images/I/6174taHAuwL._AC_UL320_.jpg,https://m.media-amazon.com/images/I/6174taHAuwL._AC_UL320_.jpg,,,,,,,,,,,https://www.amazon.eg/dp/B0DBDJ6F9J,2026-06-07T05:56:37.756892
amazon,B09L5JK9NS,PUMA,PUMA,AR-Shoes,"EGP 4,195.00",,,4.2,,,,,,,https://m.media-amazon.com/images/I/41yhi4iQ4uL._AC_UL320_.jpg,https://m.media-amazon.com/images/I/41yhi4iQ4uL._AC_UL320_.jpg,,,,,,,,,,,https://www.amazon.eg/dp/B09L5JK9NS,2026-06-07T05:56:37.758792
amazon,B0B722KQB3,ICE CLUB,ICE CLUB,AR-Shoes,EGP 299.00,,,3.0,,,,,,,https://m.media-amazon.com/images/I/51oK716PqFL._AC_UL320_.jpg,https://m.media-amazon.com/images/I/51oK716PqFL._AC_UL320_.jpg,,,,,,,,,,,https://www.amazon.eg/dp/B0B722KQB3,2026-06-07T05:56:37.759334
amazon,B0BJL2778S,adidas,adidas,AR-Shoes,"EGP 2,483.32","EGP 3,959.00",,4.5,List:,,,,,,https://m.media-amazon.com/images/I/61PMtpNIeAL._AC_UL320_.jpg,https://m.media-amazon.com/images/I/61PMtpNIeAL._AC_UL320_.jpg,,,,,,,,,,,https://www.amazon.eg/dp/B0BJL2778S,2026-06-07T05:56:37.760086
amazon,B0CKJ76NMM,PUMA,PUMA,AR-Shoes,"EGP 3,250.00",,,4.2,,,,,,,https://m.media-amazon.com/images/I/610HTtuPfsL._AC_UL320_.jpg,https://m.media-amazon.com/images/I/610HTtuPfsL._AC_UL320_.jpg,,,,,,,,,,,https://www.amazon.eg/dp/B0CKJ76NMM,2026-06-07T05:56:37.761971
amazon,B0DLV8T5FZ,New Balance,New Balance,AR-Shoes,"EGP 5,167.57",,,4.2,,,,,,,https://m.media-amazon.com/images/I/71XZYreTD-L._AC_UL320_.jpg,https://m.media-amazon.com/images/I/71XZYreTD-L._AC_UL320_.jpg,,,,,,,,,,,https://www.amazon.eg/dp/B0DLV8T5FZ,2026-06-07T05:56:37.762512
amazon,B0CKS1CTH7,adidas,adidas,AR-Shoes,"EGP 3,002.00","EGP 4,129.00",,4.5,List:,,,,,,https://m.media-amazon.com/images/I/71+ohPb2a+L._AC_UL320_.jpg,https://m.media-amazon.com/images/I/71+ohPb2a+L._AC_UL320_.jpg,,,,,,,,,,,https://www.amazon.eg/dp/B0CKS1CTH7,2026-06-07T05:56:37.763169
amazon,B0GDH8LM21,adidas,adidas,AR-Shoes,"EGP 3,229.00",,,,,,,,,,https://m.media-amazon.com/images/I/71y6AQBAcbL._AC_UL320_.jpg,https://m.media-amazon.com/images/I/71y6AQBAcbL._AC_UL320_.jpg,,,,,,,,,,,https://www.amazon.eg/dp/B0GDH8LM21,2026-06-07T05:56:37.764320
amazon,B0C34R4QZR,New Balance,New Balance,AR-Shoes,"EGP 2,595.86",,,4.5,,,,,,,https://m.media-amazon.com/images/I/61wuQZzWqiL._AC_UL320_.jpg,https://m.media-amazon.com/images/I/61wuQZzWqiL._AC_UL320_.jpg,,,,,,,,,,,https://www.amazon.eg/dp/B0C34R4QZR,2026-06-07T05:56:37.764957
amazon,B0DHXDLG9W,adidas,adidas,AR-Shoes,"EGP 5,259.00",,,4.2,,,,,,,https://m.media-amazon.com/images/I/710Qx7F1-8L._AC_UL320_.jpg,https://m.media-amazon.com/images/I/710Qx7F1-8L._AC_UL320_.jpg,,,,,,,,,,,https://www.amazon.eg/dp/B0DHXDLG9W,2026-06-07T05:56:37.765583
amazon,B0GBH81KNL,"Grey Medical Slippers - Map Design - Comfortable Design - Lightweight Sole - Waterproof Rubber Material - Slippers for Men, Youth, Kids - Perfect for Home, Beach, Street",,AR-Shoes,EGP 103.00,,,2.9,,,,,,,https://m.media-amazon.com/images/I/51-wUkYIlPL._AC_UL320_.jpg,https://m.media-amazon.com/images/I/51-wUkYIlPL._AC_UL320_.jpg,,,,,,,,,,,https://www.amazon.eg/dp/B0GBH81KNL,2026-06-07T05:56:37.766096
amazon,B0BLCQ389S,PUMA,PUMA,AR-Shoes,"EGP 2,820.00",,,4.5,,,,,,,https://m.media-amazon.com/images/I/61Tuf8Q3BOL._AC_UL320_.jpg,https://m.media-amazon.com/images/I/61Tuf8Q3BOL._AC_UL320_.jpg,,,,,,,,,,,https://www.amazon.eg/dp/B0BLCQ389S,2026-06-07T05:56:37.766753
amazon,B0C3WG5RFW,adidas,adidas,AR-Shoes,"EGP 2,559.00",,,4.5,,,,,,,https://m.media-amazon.com/images/I/61kINmUy00L._AC_UL320_.jpg,https://m.media-amazon.com/images/I/61kINmUy00L._AC_UL320_.jpg,,,,,,,,,,,https://www.amazon.eg/dp/B0C3WG5RFW,2026-06-07T05:56:37.767396
amazon,B0C3JZXTH5,adidas,adidas,AR-Shoes,"EGP 2,939.00","EGP 3,799.00",,4.3,List:,,,,,,https://m.media-amazon.com/images/I/411EQJu5sLL._AC_UL320_.jpg,https://m.media-amazon.com/images/I/411EQJu5sLL._AC_UL320_.jpg,,,,,,,,,,,https://www.amazon.eg/dp/B0C3JZXTH5,2026-06-07T05:56:37.767991
amazon,B0F1WSTSXR,adidas,adidas,AR-Shoes,"EGP 3,599.00","EGP 4,559.00",,4.3,List:,,,,,,https://m.media-amazon.com/images/I/61EiPaujEcL._AC_UL320_.jpg,https://m.media-amazon.com/images/I/61EiPaujEcL._AC_UL320_.jpg,,,,,,,,,,,https://www.amazon.eg/dp/B0F1WSTSXR,2026-06-07T05:56:37.768722
amazon,B0CKY1PFL2,adidas,adidas,AR-Shoes,"EGP 3,380.00","EGP 4,739.00",,4.2,List:,,,,,,https://m.media-amazon.com/images/I/61OLMllR3vL._AC_UL320_.jpg,https://m.media-amazon.com/images/I/61OLMllR3vL._AC_UL320_.jpg,,,,,,,,,,,https://www.amazon.eg/dp/B0CKY1PFL2,2026-06-07T05:56:37.769443
amazon,B0DHW3VTCV,adidas,adidas,AR-Shoes,"EGP 2,379.00",,,4.6,,,,,,,https://m.media-amazon.com/images/I/61Y-1bLm9YL._AC_UL320_.jpg,https://m.media-amazon.com/images/I/61Y-1bLm9YL._AC_UL320_.jpg,,,,,,,,,,,https://www.amazon.eg/dp/B0DHW3VTCV,2026-06-07T05:56:37.770069
amazon,B0DCGHF7HL,adidas,adidas,AR-Shoes,"EGP 2,715.00",,,4.5,,,,,,,https://m.media-amazon.com/images/I/71--QBa0hZL._AC_UL320_.jpg,https://m.media-amazon.com/images/I/71--QBa0hZL._AC_UL320_.jpg,,,,,,,,,,,https://www.amazon.eg/dp/B0DCGHF7HL,2026-06-07T05:56:37.770650
amazon,B0CYTC48G8,adidas,adidas,AR-Shoes,"EGP 2,757.00","EGP 4,999.00",,4.2,List:,,,,,,https://m.media-amazon.com/images/I/61ihLRcR5FL._AC_UL320_.jpg,https://m.media-amazon.com/images/I/61ihLRcR5FL._AC_UL320_.jpg,,,,,,,,,,,https://www.amazon.eg/dp/B0CYTC48G8,2026-06-07T05:56:37.771348
amazon,B0DHSNV67N,adidas,adidas,AR-Shoes,"EGP 2,001.00",,,4.3,,,,,,,https://m.media-amazon.com/images/I/61-xPftNK9L._AC_UL320_.jpg,https://m.media-amazon.com/images/I/61-xPftNK9L._AC_UL320_.jpg,,,,,,,,,,,https://www.amazon.eg/dp/B0DHSNV67N,2026-06-07T05:56:37.771939
amazon,B0CKXS7L18,adidas,adidas,AR-Shoes,"EGP 2,939.00","EGP 3,499.00",,4.4,List:,,,,,,https://m.media-amazon.com/images/I/61GIYQ0OtPL._AC_UL320_.jpg,https://m.media-amazon.com/images/I/61GIYQ0OtPL._AC_UL320_.jpg,,,,,,,,,,,https://www.amazon.eg/dp/B0CKXS7L18,2026-06-07T05:56:37.772671
amazon,B0DLV941LG,New Balance,New Balance,AR-Shoes,"EGP 3,441.08",,,3.6,,,,,,,https://m.media-amazon.com/images/I/818CIeoC6GL._AC_UL320_.jpg,https://m.media-amazon.com/images/I/818CIeoC6GL._AC_UL320_.jpg,,,,,,,,,,,https://www.amazon.eg/dp/B0DLV941LG,2026-06-07T05:56:37.773193
amazon,B0D6TBMWLX,PUMA,PUMA,AR-Shoes,"EGP 2,883.00",,,4.5,,,,,,,https://m.media-amazon.com/images/I/51tG4iQ+qFL._AC_UL320_.jpg,https://m.media-amazon.com/images/I/51tG4iQ+qFL._AC_UL320_.jpg,,,,,,,,,,,https://www.amazon.eg/dp/B0D6TBMWLX,2026-06-07T05:56:42.827148
amazon,B0CYN6WJ1Z,adidas,adidas,AR-Shoes,"EGP 2,326.00",,,4.5,,,,,,,https://m.media-amazon.com/images/I/61yKrTkcYBL._AC_UL320_.jpg,https://m.media-amazon.com/images/I/61yKrTkcYBL._AC_UL320_.jpg,,,,,,,,,,,https://www.amazon.eg/dp/B0CYN6WJ1Z,2026-06-07T05:56:42.830468
amazon,B0DMVJ8MJ4,adidas,adidas,AR-Shoes,"EGP 2,578.00",,,4.4,,,,,,,https://m.media-amazon.com/images/I/61fB3sp-2cL._AC_UL320_.jpg,https://m.media-amazon.com/images/I/61fB3sp-2cL._AC_UL320_.jpg,,,,,,,,,,,https://www.amazon.eg/dp/B0DMVJ8MJ4,2026-06-07T05:56:42.831095
amazon,B0FQCK56SD,ROMBA SPORT,ROMBA SPORT,AR-Shoes,EGP 399.00,,,3.2,,,,,,,https://m.media-amazon.com/images/I/61PeD4Ff9xL._AC_UL320_.jpg,https://m.media-amazon.com/images/I/61PeD4Ff9xL._AC_UL320_.jpg,,,,,,,,,,,https://www.amazon.eg/dp/B0FQCK56SD,2026-06-07T05:56:42.832392
amazon,B09HCBBM6J,Reebok,Reebok,AR-Shoes,"EGP 2,956.00",,,4.5,,,,,,,https://m.media-amazon.com/images/I/71e3wLpJqsL._AC_UL320_.jpg,https://m.media-amazon.com/images/I/71e3wLpJqsL._AC_UL320_.jpg,,,,,,,,,,,https://www.amazon.eg/dp/B09HCBBM6J,2026-06-07T05:56:42.834090
amazon,B0CPVN3RWS,adidas,adidas,AR-Shoes,"EGP 3,679.00",,,4.0,,,,,,,https://m.media-amazon.com/images/I/610D-5zQ1xL._AC_UL320_.jpg,https://m.media-amazon.com/images/I/610D-5zQ1xL._AC_UL320_.jpg,,,,,,,,,,,https://www.amazon.eg/dp/B0CPVN3RWS,2026-06-07T05:56:42.837717
amazon,B0CSJZG45Z,adidas,adidas,AR-Shoes,"EGP 1,879.00","EGP 3,999.00",,4.3,List:,,,,,,https://m.media-amazon.com/images/I/71hhsQ-+-ZL._AC_UL320_.jpg,https://m.media-amazon.com/images/I/71hhsQ-+-ZL._AC_UL320_.jpg,,,,,,,,,,,https://www.amazon.eg/dp/B0CSJZG45Z,2026-06-07T05:56:42.839653
amazon,B0G4MX8121,Women's Casual Sneakers Walking Running Sneakers Ultra Light with Untold Comfort Breathable Mesh Upper Chunky Sole,,AR-Shoes,EGP 599.00,,,4.1,,,,,,,https://m.media-amazon.com/images/I/41ETI1zAEeL._AC_UL320_.jpg,https://m.media-amazon.com/images/I/41ETI1zAEeL._AC_UL320_.jpg,,,,,,,,,,,https://www.amazon.eg/dp/B0G4MX8121,2026-06-07T05:56:42.841515
amazon,B0DT529CG8,Now Shoes,Now Shoes,AR-Shoes,EGP 399.99,EGP 450.00,,3.2,List:,,,,,,https://m.media-amazon.com/images/I/61KEuXiHNEL._AC_UL320_.jpg,https://m.media-amazon.com/images/I/61KEuXiHNEL._AC_UL320_.jpg,,,,,,,,,,,https://www.amazon.eg/dp/B0DT529CG8,2026-06-07T05:56:42.844627
amazon,B0D2DQLTP7,Activ,Activ,AR-Shoes,EGP 639.00,,,3.4,,,,,,,https://m.media-amazon.com/images/I/515RJysRe0L._AC_UL320_.jpg,https://m.media-amazon.com/images/I/515RJysRe0L._AC_UL320_.jpg,,,,,,,,,,,https://www.amazon.eg/dp/B0D2DQLTP7,2026-06-07T05:56:42.847224
amazon,B0CKJ9BJF3,PUMA,PUMA,AR-Shoes,"EGP 1,280.00",,,4.7,,,,,,,https://m.media-amazon.com/images/I/71gVYGkjlzL._AC_UL320_.jpg,https://m.media-amazon.com/images/I/71gVYGkjlzL._AC_UL320_.jpg,,,,,,,,,,,https://www.amazon.eg/dp/B0CKJ9BJF3,2026-06-07T05:56:42.849685
amazon,B0CYQ6QF36,adidas,adidas,AR-Shoes,"EGP 2,351.00","EGP 4,999.00",,4.6,List:,,,,,,https://m.media-amazon.com/images/I/615X4ZnNwJL._AC_UL320_.jpg,https://m.media-amazon.com/images/I/615X4ZnNwJL._AC_UL320_.jpg,,,,,,,,,,,https://www.amazon.eg/dp/B0CYQ6QF36,2026-06-07T05:56:42.850416
amazon,B091J7X91T,Onda,Onda,AR-Shoes,EGP 129.00,EGP 189.00,,3.8,List:,,,,,,https://m.media-amazon.com/images/I/51gswOPWWZL._AC_UL320_.jpg,https://m.media-amazon.com/images/I/51gswOPWWZL._AC_UL320_.jpg,,,,,,,,,,,https://www.amazon.eg/dp/B091J7X91T,2026-06-07T05:56:42.851117
amazon,B0D3XY4YS2,New Balance,New Balance,AR-Shoes,"EGP 7,444.00",,,4.4,,,,,,,https://m.media-amazon.com/images/I/61Bmtz0qwmL._AC_UL320_.jpg,https://m.media-amazon.com/images/I/61Bmtz0qwmL._AC_UL320_.jpg,,,,,,,,,,,https://www.amazon.eg/dp/B0D3XY4YS2,2026-06-07T05:56:42.851767
amazon,B0F92S2W7M,Desert Essence,Desert Essence,AR-Shoes,EGP 293.00,EGP 359.00,,4.2,List:,,,,,,https://m.media-amazon.com/images/I/71rJ929M7WL._AC_UL320_.jpg,https://m.media-amazon.com/images/I/71rJ929M7WL._AC_UL320_.jpg,,,,,,,,,,,https://www.amazon.eg/dp/B0F92S2W7M,2026-06-07T05:56:42.852428
amazon,B0F92SZ3TF,Desert Essence,Desert Essence,AR-Shoes,EGP 293.00,EGP 359.00,,4.0,List:,,,,,,https://m.media-amazon.com/images/I/61WBN69ge+L._AC_UL320_.jpg,https://m.media-amazon.com/images/I/61WBN69ge+L._AC_UL320_.jpg,,,,,,,,,,,https://www.amazon.eg/dp/B0F92SZ3TF,2026-06-07T05:56:42.853091
amazon,B0FMY7HX6H,Desert,Desert,AR-Shoes,EGP 369.00,,,3.2,,,,,,,https://m.media-amazon.com/images/I/419XGeM-HuL._AC_UL320_.jpg,https://m.media-amazon.com/images/I/419XGeM-HuL._AC_UL320_.jpg,,,,,,,,,,,https://www.amazon.eg/dp/B0FMY7HX6H,2026-06-07T05:56:42.853686
amazon,B0F9L3XVXL,Desert Essence,Desert Essence,AR-Shoes,EGP 300.00,EGP 359.00,,3.3,List:,,,,,,https://m.media-amazon.com/images/I/81zit0cEv0L._AC_UL320_.jpg,https://m.media-amazon.com/images/I/81zit0cEv0L._AC_UL320_.jpg,,,,,,,,,,,https://www.amazon.eg/dp/B0F9L3XVXL,2026-06-07T05:56:42.854322
amazon,B0CK61CT96,New Balance,New Balance,AR-Shoes,"EGP 5,472.90",,,3.9,,,,,,,https://m.media-amazon.com/images/I/51J-KzZfUSL._AC_UL320_.jpg,https://m.media-amazon.com/images/I/51J-KzZfUSL._AC_UL320_.jpg,,,,,,,,,,,https://www.amazon.eg/dp/B0CK61CT96,2026-06-07T05:56:42.855552
amazon,B0CQHC1HJV,New Balance,New Balance,AR-Shoes,"EGP 5,058.36",,,4.3,,,,,,,https://m.media-amazon.com/images/I/71T83mahbpL._AC_UL320_.jpg,https://m.media-amazon.com/images/I/71T83mahbpL._AC_UL320_.jpg,,,,,,,,,,,https://www.amazon.eg/dp/B0CQHC1HJV,2026-06-07T05:56:42.856177
amazon,B0DQ953455,Jellies,Jellies,AR-Shoes,EGP 495.00,,,3.4,,,,,,,https://m.media-amazon.com/images/I/51VgiQUMJNL._AC_UL320_.jpg,https://m.media-amazon.com/images/I/51VgiQUMJNL._AC_UL320_.jpg,,,,,,,,,,,https://www.amazon.eg/dp/B0DQ953455,2026-06-07T05:56:42.856822
amazon,B0C29M8N8T,New Balance,New Balance,AR-Shoes,"EGP 6,585.80",,,3.3,,,,,,,https://m.media-amazon.com/images/I/61rmGaXgfbL._AC_UL320_.jpg,https://m.media-amazon.com/images/I/61rmGaXgfbL._AC_UL320_.jpg,,,,,,,,,,,https://www.amazon.eg/dp/B0C29M8N8T,2026-06-07T05:56:47.149869
amazon,B0DL7GLT49,adidas,adidas,AR-Shoes,"EGP 2,429.00",,,,,,,,,,https://m.media-amazon.com/images/I/71vNiW9DhEL._AC_UL320_.jpg,https://m.media-amazon.com/images/I/71vNiW9DhEL._AC_UL320_.jpg,,,,,,,,,,,https://www.amazon.eg/dp/B0DL7GLT49,2026-06-07T05:56:47.151584
amazon,B0FVTQKLKC,Amoun,Amoun,AR-Shoes,EGP 365.00,,,3.9,,,,,,,https://m.media-amazon.com/images/I/41DWZQQAnRL._AC_UL320_.jpg,https://m.media-amazon.com/images/I/41DWZQQAnRL._AC_UL320_.jpg,,,,,,,,,,,https://www.amazon.eg/dp/B0FVTQKLKC,2026-06-07T05:56:47.152086
amazon,B0FBS5V73S,"assorted colors Quick-Dry Aqua Socks for kids Lightweight Unisex Water Shoes for Beach, Swimming & Pool, Non-Slip Sole",,AR-Shoes,EGP 150.00,,,3.6,,,,,,,https://m.media-amazon.com/images/I/61jKSuZeZ9L._AC_UL320_.jpg,https://m.media-amazon.com/images/I/61jKSuZeZ9L._AC_UL320_.jpg,,,,,,,,,,,https://www.amazon.eg/dp/B0FBS5V73S,2026-06-07T05:56:47.152642
amazon,B0FGYCM15T,GuLiNiao,GuLiNiao,AR-Shoes,"EGP 1,399.99",,,1.0,,,,,,,https://m.media-amazon.com/images/I/61l2ix8hDOL._AC_UL320_.jpg,https://m.media-amazon.com/images/I/61l2ix8hDOL._AC_UL320_.jpg,,,,,,,,,,,https://www.amazon.eg/dp/B0FGYCM15T,2026-06-07T05:56:47.153187
amazon,B0F6HXTPJ5,GuLiNiao,GuLiNiao,AR-Shoes,EGP 699.99,,,3.3,,,,,,,https://m.media-amazon.com/images/I/31h4U3DY6SL._AC_UL320_.jpg,https://m.media-amazon.com/images/I/31h4U3DY6SL._AC_UL320_.jpg,,,,,,,,,,,https://www.amazon.eg/dp/B0F6HXTPJ5,2026-06-07T05:56:47.154602
amazon,B0FHG3CSLT,SportQ,SportQ,AR-Shoes,EGP 399.00,,,3.5,,,,,,,https://m.media-amazon.com/images/I/61IKEd38tnL._AC_UL320_.jpg,https://m.media-amazon.com/images/I/61IKEd38tnL._AC_UL320_.jpg,,,,,,,,,,,https://www.amazon.eg/dp/B0FHG3CSLT,2026-06-07T05:56:47.155220
amazon,B0GJG8PLWD,"Men's Casual Sneakers – Faux Leather, Massage Insole, Natural Rubber Sole for Knee & Foot Comfort",,AR-Shoes,EGP 544.00,,,,,,,,,,https://m.media-amazon.com/images/I/81k7KqMMeNL._AC_UL320_.jpg,https://m.media-amazon.com/images/I/81k7KqMMeNL._AC_UL320_.jpg,,,,,,,,,,,https://www.amazon.eg/dp/B0GJG8PLWD,2026-06-07T05:56:47.155777
amazon,B0DBHPG4DR,Now Shoes,Now Shoes,AR-Shoes,EGP 499.99,,,3.1,,,,,,,https://m.media-amazon.com/images/I/71mIDRsbFuL._AC_UL320_.jpg,https://m.media-amazon.com/images/I/71mIDRsbFuL._AC_UL320_.jpg,,,,,,,,,,,https://www.amazon.eg/dp/B0DBHPG4DR,2026-06-07T05:56:47.156398
amazon,B0CPVNLRT6,adidas,adidas,AR-Shoes,"EGP 2,599.00","EGP 4,009.00",,3.9,List:,,,,,,https://m.media-amazon.com/images/I/71-u+9L0YiL._AC_UL320_.jpg,https://m.media-amazon.com/images/I/71-u+9L0YiL._AC_UL320_.jpg,,,,,,,,,,,https://www.amazon.eg/dp/B0CPVNLRT6,2026-06-07T05:56:47.156994
amazon,B0DXDDJSZ5,Desert Essence,Desert Essence,AR-Shoes,,,,3.4,,,,,,,https://m.media-amazon.com/images/I/61UQHTbJ4nL._AC_UL320_.jpg,https://m.media-amazon.com/images/I/61UQHTbJ4nL._AC_UL320_.jpg,,,,,,,,,,,https://www.amazon.eg/dp/B0DXDDJSZ5,2026-06-07T05:56:47.157479
amazon,B0D5D89SQJ,Reebok,Reebok,AR-Shoes,"EGP 3,139.00",,,4.0,,,,,,,https://m.media-amazon.com/images/I/51VR4dVNvIL._AC_UL320_.jpg,https://m.media-amazon.com/images/I/51VR4dVNvIL._AC_UL320_.jpg,,,,,,,,,,,https://www.amazon.eg/dp/B0D5D89SQJ,2026-06-07T05:56:47.158053
amazon,B0C2QMZTDR,adidas,adidas,AR-Shoes,"EGP 1,973.00",,,3.8,,,,,,,https://m.media-amazon.com/images/I/51FchjDZLsL._AC_UL320_.jpg,https://m.media-amazon.com/images/I/51FchjDZLsL._AC_UL320_.jpg,,,,,,,,,,,https://www.amazon.eg/dp/B0C2QMZTDR,2026-06-07T05:56:47.158595
amazon,B0FGVV95T7,Skechers,Skechers,AR-Shoes,"EGP 5,878.96",,,3.3,,,,,,,https://m.media-amazon.com/images/I/512nLgUeAIL._AC_UL320_.jpg,https://m.media-amazon.com/images/I/512nLgUeAIL._AC_UL320_.jpg,,,,,,,,,,,https://www.amazon.eg/dp/B0FGVV95T7,2026-06-07T05:56:47.159162
amazon,B0DL7H2KKN,adidas,adidas,AR-Shoes,"EGP 2,362.00","EGP 4,049.00",,4.5,List:,,,,,,https://m.media-amazon.com/images/I/618zOtQ46WL._AC_UL320_.jpg,https://m.media-amazon.com/images/I/618zOtQ46WL._AC_UL320_.jpg,,,,,,,,,,,https://www.amazon.eg/dp/B0DL7H2KKN,2026-06-07T05:56:47.159833
amazon,B0CWDQ9M19,Casual Sneakers Shoes for men for Daily Life - D4,,AR-Shoes,EGP 399.99,,,2.8,,,,,,,https://m.media-amazon.com/images/I/51SsTDZ1j7L._AC_UL320_.jpg,https://m.media-amazon.com/images/I/51SsTDZ1j7L._AC_UL320_.jpg,,,,,,,,,,,https://www.amazon.eg/dp/B0CWDQ9M19,2026-06-07T05:56:47.160424
amazon,B0C77YRB3D,Reebok,Reebok,AR-Shoes,"EGP 3,139.00","EGP 4,629.00",,4.3,List:,,,,,,https://m.media-amazon.com/images/I/41wM0gZlCoL._AC_UL320_.jpg,https://m.media-amazon.com/images/I/41wM0gZlCoL._AC_UL320_.jpg,,,,,,,,,,,https://www.amazon.eg/dp/B0C77YRB3D,2026-06-07T05:56:47.161129
amazon,B0CKS2RVZ1,adidas,adidas,AR-Shoes,"EGP 3,500.00","EGP 6,499.00",,4.2,List:,,,,,,https://m.media-amazon.com/images/I/71pJfyDBe9L._AC_UL320_.jpg,https://m.media-amazon.com/images/I/71pJfyDBe9L._AC_UL320_.jpg,,,,,,,,,,,https://www.amazon.eg/dp/B0CKS2RVZ1,2026-06-07T05:56:47.162513
amazon,B0DV5H4J36,PUMA,PUMA,AR-Shoes,"EGP 1,969.00",,,3.2,,,,,,,https://m.media-amazon.com/images/I/61jskVuQ4OL._AC_UL320_.jpg,https://m.media-amazon.com/images/I/61jskVuQ4OL._AC_UL320_.jpg,,,,,,,,,,,https://www.amazon.eg/dp/B0DV5H4J36,2026-06-07T05:56:47.163050
amazon,B09YBHMC9D,New Balance,New Balance,AR-Shoes,"EGP 2,246.00",,,4.5,,,,,,,https://m.media-amazon.com/images/I/51oonQJ7LtL._AC_UL320_.jpg,https://m.media-amazon.com/images/I/51oonQJ7LtL._AC_UL320_.jpg,,,,,,,,,,,https://www.amazon.eg/dp/B09YBHMC9D,2026-06-07T05:56:47.163740
amazon,B0D31YZ6N3,adidas,adidas,AR-Shoes,"EGP 2,792.00",,,4.2,,,,,,,https://m.media-amazon.com/images/I/4109-l4SwvL._AC_UL320_.jpg,https://m.media-amazon.com/images/I/4109-l4SwvL._AC_UL320_.jpg,,,,,,,,,,,https://www.amazon.eg/dp/B0D31YZ6N3,2026-06-07T05:56:47.164254
amazon,B0D5SD5Q4P,Reebok,Reebok,AR-Shoes,"EGP 3,818.24",,,4.0,,,,,,,https://m.media-amazon.com/images/I/81XSnoXr6cL._AC_UL320_.jpg,https://m.media-amazon.com/images/I/81XSnoXr6cL._AC_UL320_.jpg,,,,,,,,,,,https://www.amazon.eg/dp/B0D5SD5Q4P,2026-06-07T05:56:47.164903
amazon,B0C78M98G2,adidas,adidas,AR-Shoes,"EGP 1,749.50",,,3.4,,,,,,,https://m.media-amazon.com/images/I/5143Ab-kc7L._AC_UL320_.jpg,https://m.media-amazon.com/images/I/5143Ab-kc7L._AC_UL320_.jpg,,,,,,,,,,,https://www.amazon.eg/dp/B0C78M98G2,2026-06-07T05:56:47.165437
amazon,B0CJSY77J5,Under Armour,Under Armour,AR-Shoes,"EGP 3,408.00",,,3.9,,,,,,,https://m.media-amazon.com/images/I/81clMzCwl4L._AC_UL320_.jpg,https://m.media-amazon.com/images/I/81clMzCwl4L._AC_UL320_.jpg,,,,,,,,,,,https://www.amazon.eg/dp/B0CJSY77J5,2026-06-07T05:56:47.167356
amazon,B0DQQBL1XW,Reebok,Reebok,AR-Shoes,"EGP 1,969.00",,,,,,,,,,https://m.media-amazon.com/images/I/31kOi9zrI3L._AC_UL320_.jpg,https://m.media-amazon.com/images/I/31kOi9zrI3L._AC_UL320_.jpg,,,,,,,,,,,https://www.amazon.eg/dp/B0DQQBL1XW,2026-06-07T05:56:47.167813
amazon,B0CMX7D1S8,Reebok,Reebok,AR-Shoes,"EGP 1,675.00",,,4.2,,,,,,,https://m.media-amazon.com/images/I/51IFjVfQqmL._AC_UL320_.jpg,https://m.media-amazon.com/images/I/51IFjVfQqmL._AC_UL320_.jpg,,,,,,,,,,,https://www.amazon.eg/dp/B0CMX7D1S8,2026-06-07T05:56:47.168394
amazon,B0H1C3RPQ7,ROMBA SPORT,ROMBA SPORT,AR-Shoes,EGP 699.00,,,,,,,,,,https://m.media-amazon.com/images/I/61DFxFo6jQL._AC_UL320_.jpg,https://m.media-amazon.com/images/I/61DFxFo6jQL._AC_UL320_.jpg,,,,,,,,,,,https://www.amazon.eg/dp/B0H1C3RPQ7,2026-06-07T05:56:47.170881
amazon,B0D2KRN4K9,PUMA,PUMA,AR-Shoes,"EGP 1,969.00",,,4.5,,,,,,,https://m.media-amazon.com/images/I/61kvSp+oMiL._AC_UL320_.jpg,https://m.media-amazon.com/images/I/61kvSp+oMiL._AC_UL320_.jpg,,,,,,,,,,,https://www.amazon.eg/dp/B0D2KRN4K9,2026-06-07T05:56:47.172177
amazon,B0CYTB3Z87,adidas,adidas,AR-Shoes,"EGP 2,263.00","EGP 2,557.00",,4.4,Was:,,,,,,https://m.media-amazon.com/images/I/71e-vvBqcHL._AC_UL320_.jpg,https://m.media-amazon.com/images/I/71e-vvBqcHL._AC_UL320_.jpg,,,,,,,,,,,https://www.amazon.eg/dp/B0CYTB3Z87,2026-06-07T05:56:47.172918
amazon,B0GRV7N6DH,Activ,Activ,AR-Shoes,"EGP 1,499.00",,,,,,,,,,https://m.media-amazon.com/images/I/61V7Gdwg3lL._AC_UL320_.jpg,https://m.media-amazon.com/images/I/61V7Gdwg3lL._AC_UL320_.jpg,,,,,,,,,,,https://www.amazon.eg/dp/B0GRV7N6DH,2026-06-07T05:56:47.173410
amazon,B0D98PH7D1,Now Shoes,Now Shoes,AR-Shoes,EGP 499.99,,,3.2,,,,,,,https://m.media-amazon.com/images/I/61-53XDVfVL._AC_UL320_.jpg,https://m.media-amazon.com/images/I/61-53XDVfVL._AC_UL320_.jpg,,,,,,,,,,,https://www.amazon.eg/dp/B0D98PH7D1,2026-06-07T05:56:47.174010
amazon,B0BPDVHSWT,adidas,adidas,AR-Shoes,"EGP 2,152.00","EGP 4,129.00",,4.5,List:,,,,,,https://m.media-amazon.com/images/I/414qSj+6m4L._AC_UL320_.jpg,https://m.media-amazon.com/images/I/414qSj+6m4L._AC_UL320_.jpg,,,,,,,,,,,https://www.amazon.eg/dp/B0BPDVHSWT,2026-06-07T05:56:47.174760
amazon,B0F847K6ZN,Skechers,Skechers,AR-Shoes,"EGP 3,344.00","EGP 6,639.00",,4.1,List:,,,,,,https://m.media-amazon.com/images/I/51BVec3Y47L._AC_UL320_.jpg,https://m.media-amazon.com/images/I/51BVec3Y47L._AC_UL320_.jpg,,,,,,,,,,,https://www.amazon.eg/dp/B0F847K6ZN,2026-06-07T05:56:47.175455
amazon,B0DLV9D471,New Balance,New Balance,AR-Shoes,"EGP 5,351.13",,,4.2,,,,,,,https://m.media-amazon.com/images/I/71VTEP9+P4L._AC_UL320_.jpg,https://m.media-amazon.com/images/I/71VTEP9+P4L._AC_UL320_.jpg,,,,,,,,,,,https://www.amazon.eg/dp/B0DLV9D471,2026-06-07T05:56:47.176101
amazon,B0D5S3K17X,Reebok,Reebok,AR-Shoes,"EGP 1,796.27",,,3.5,,,,,,,https://m.media-amazon.com/images/I/71Syhf-uRWL._AC_UL320_.jpg,https://m.media-amazon.com/images/I/71Syhf-uRWL._AC_UL320_.jpg,,,,,,,,,,,https://www.amazon.eg/dp/B0D5S3K17X,2026-06-07T05:56:47.176648
amazon,B0D54NN5SK,Reebok,Reebok,AR-Shoes,"EGP 1,665.00",,,4.4,,,,,,,https://m.media-amazon.com/images/I/417drvR+tlL._AC_UL320_.jpg,https://m.media-amazon.com/images/I/417drvR+tlL._AC_UL320_.jpg,,,,,,,,,,,https://www.amazon.eg/dp/B0D54NN5SK,2026-06-07T05:56:47.177161
amazon,B0DHSP1Q86,adidas,adidas,AR-Shoes,"EGP 1,999.17","EGP 3,069.00",,4.2,List:,,,,,,https://m.media-amazon.com/images/I/41zHRkpNAbL._AC_UL320_.jpg,https://m.media-amazon.com/images/I/41zHRkpNAbL._AC_UL320_.jpg,,,,,,,,,,,https://www.amazon.eg/dp/B0DHSP1Q86,2026-06-07T05:56:47.177782
amazon,B0CM1JDFKQ,PUMA,PUMA,AR-Shoes,"EGP 2,106.00",,,4.4,,,,,,,https://m.media-amazon.com/images/I/712suVVxvIL._AC_UL320_.jpg,https://m.media-amazon.com/images/I/712suVVxvIL._AC_UL320_.jpg,,,,,,,,,,,https://www.amazon.eg/dp/B0CM1JDFKQ,2026-06-07T05:56:47.178460
amazon,B0D2KHHT3P,PUMA,PUMA,AR-Shoes,"EGP 2,904.00",,,4.4,,,,,,,https://m.media-amazon.com/images/I/71zuSmdvzwL._AC_UL320_.jpg,https://m.media-amazon.com/images/I/71zuSmdvzwL._AC_UL320_.jpg,,,,,,,,,,,https://www.amazon.eg/dp/B0D2KHHT3P,2026-06-07T05:56:50.858888
amazon,B0D21193S7,PUMA,PUMA,AR-Shoes,"EGP 2,173.00",,,3.9,,,,,,,https://m.media-amazon.com/images/I/417QMv0FqZL._AC_UL320_.jpg,https://m.media-amazon.com/images/I/417QMv0FqZL._AC_UL320_.jpg,,,,,,,,,,,https://www.amazon.eg/dp/B0D21193S7,2026-06-07T05:56:50.861511
amazon,B0DL79YQVM,adidas,adidas,AR-Shoes,"EGP 2,209.35",,,5.0,,,,,,,https://m.media-amazon.com/images/I/517Fj5vIQxL._AC_UL320_.jpg,https://m.media-amazon.com/images/I/517Fj5vIQxL._AC_UL320_.jpg,,,,,,,,,,,https://www.amazon.eg/dp/B0DL79YQVM,2026-06-07T05:56:50.866621
amazon,B0B77Y524S,Muscle Add | Whey ADD | 25g Protein | Hydrolyzed | Isolate | Concentrate | 140 calories | Enhanced Formula | Long-lasting Nutrition | BCAA | Glutamine | 30 servings | 1080g | Vanilla Ice-cream,,AR-Protein,"EGP 1,761.05",,,4.2,,,,,,,https://m.media-amazon.com/images/I/51DdVaojU0L._AC_UL320_.jpg,https://m.media-amazon.com/images/I/51DdVaojU0L._AC_UL320_.jpg,,,,,,,,,,,https://www.amazon.eg/dp/B0B77Y524S,2026-06-07T05:57:19.763190
amazon,B019T0K1S2,"Optimum Nutrition (ON) Gold Standard 100% Whey Protein Powder, for Muscle Support & Recovery, Primary Source Whey Protein Isolate - 14 servings - Vanilla Ice Cream, 454 g (Pack of 1)",,AR-Protein,"EGP 1,850.00",,,4.2,,,,,,,https://m.media-amazon.com/images/I/71IXRYpoYcL._AC_UL320_.jpg,https://m.media-amazon.com/images/I/71IXRYpoYcL._AC_UL320_.jpg,,,,,,,,,,,https://www.amazon.eg/dp/B019T0K1S2,2026-06-07T05:57:19.763755
amazon,B0CZ44P8VF,Alpha Whey Protein Concentrate - Vanilla 2 KG - 60 Servings,,AR-Protein,"EGP 2,847.29",,,3.8,,,,,,,https://m.media-amazon.com/images/I/810mucr9pRL._AC_UL320_.jpg,https://m.media-amazon.com/images/I/810mucr9pRL._AC_UL320_.jpg,,,,,,,,,,,https://www.amazon.eg/dp/B0CZ44P8VF,2026-06-07T05:57:19.764297
amazon,B0F6NQQDR3,Limitless Alpha Vegan Whey Protein - Strawberry 1 kg,,AR-Protein,EGP 939.35,,,3.5,,,,,,,https://m.media-amazon.com/images/I/811jSpwXquL._AC_UL320_.jpg,https://m.media-amazon.com/images/I/811jSpwXquL._AC_UL320_.jpg,,,,,,,,,,,https://www.amazon.eg/dp/B0F6NQQDR3,2026-06-07T05:57:19.764789
amazon,B085RXTP7V,Optimum Nutrition Gold Standard 100% Whey - Vanilla Ice cream - 2.00 G / 2.00 lb,,AR-Protein,"EGP 3,200.00",,,4.6,,,,,,,https://m.media-amazon.com/images/I/61TKrit75mL._AC_UL320_.jpg,https://m.media-amazon.com/images/I/61TKrit75mL._AC_UL320_.jpg,,,,,,,,,,,https://www.amazon.eg/dp/B085RXTP7V,2026-06-07T05:57:19.765318
amazon,B000QSNYGI,Optimum Nutrition Gold Standard 100% Whey - Double Rich Chocolate - 5.00 G / 5.00 lb,,AR-Protein,"EGP 6,300.00",,,4.4,,,,,,,https://m.media-amazon.com/images/I/71Lw7FkgniL._AC_UL320_.jpg,https://m.media-amazon.com/images/I/71Lw7FkgniL._AC_UL320_.jpg,,,,,,,,,,,https://www.amazon.eg/dp/B000QSNYGI,2026-06-07T05:57:19.765803
amazon,B0BRY9ST9Q,Imtenan Whey Protein Natural Vanilla Flavor 500g,,AR-Protein,EGP 785.00,,,4.1,,,,,,,https://m.media-amazon.com/images/I/51oY7U4uTwL._AC_UL320_.jpg,https://m.media-amazon.com/images/I/51oY7U4uTwL._AC_UL320_.jpg,,,,,,,,,,,https://www.amazon.eg/dp/B0BRY9ST9Q,2026-06-07T05:57:19.766304
amazon,B0F6NH8W2R,Limitless Alpha Vegan Whey Protein - Banana 1 kg,,AR-Protein,EGP 950.00,,,3.6,,,,,,,https://m.media-amazon.com/images/I/71OSYwfpMrL._AC_UL320_.jpg,https://m.media-amazon.com/images/I/71OSYwfpMrL._AC_UL320_.jpg,,,,,,,,,,,https://www.amazon.eg/dp/B0F6NH8W2R,2026-06-07T05:57:19.766794
amazon,B0D87F2NFN,"Red Rex Big Whey Protein Powder 1020 g, Vanilla",,AR-Protein,"EGP 1,700.00","EGP 1,899.00",,4.4,List:,,,,,,https://m.media-amazon.com/images/I/61sHIPNmedL._AC_UL320_.jpg,https://m.media-amazon.com/images/I/61sHIPNmedL._AC_UL320_.jpg,,,,,,,,,,,https://www.amazon.eg/dp/B0D87F2NFN,2026-06-07T05:57:19.767337
amazon,B0FN4C1PH1,"Red Rex All-In Protein 30 Servings, Chocolate",,AR-Protein,"EGP 1,299.00",,,5.0,,,,,,,https://m.media-amazon.com/images/I/71IgyBjfLhL._AC_UL320_.jpg,https://m.media-amazon.com/images/I/71IgyBjfLhL._AC_UL320_.jpg,,,,,,,,,,,https://www.amazon.eg/dp/B0FN4C1PH1,2026-06-07T05:57:19.767808
amazon,B0BDXJ26LG,"Challenger nutrition - 100% whey protein, chocolate, 0.99 kg",,AR-Protein,"EGP 1,799.00",,,4.0,,,,,,,https://m.media-amazon.com/images/I/61-l2DLSF2L._AC_UL320_.jpg,https://m.media-amazon.com/images/I/61-l2DLSF2L._AC_UL320_.jpg,,,,,,,,,,,https://www.amazon.eg/dp/B0BDXJ26LG,2026-06-07T05:57:19.768333
amazon,B004GWCHHW,Optimum Nutrition Platinum HydroWhey 820gm - Chocolate - 1.60 G / 1.60 lb,,AR-Protein,"EGP 2,750.00","EGP 2,828.05",,4.5,Was:,,,,,,https://m.media-amazon.com/images/I/717VloZYQnL._AC_UL320_.jpg,https://m.media-amazon.com/images/I/717VloZYQnL._AC_UL320_.jpg,,,,,,,,,,,https://www.amazon.eg/dp/B004GWCHHW,2026-06-07T05:57:19.768903
amazon,B0FN4CY4Z8,Red Rex Chocolate All in Isolate Protein Supplement 1020 g,,AR-Protein,"EGP 1,699.00",,,5.0,,,,,,,https://m.media-amazon.com/images/I/61UYC6Psv3L._AC_UL320_.jpg,https://m.media-amazon.com/images/I/61UYC6Psv3L._AC_UL320_.jpg,,,,,,,,,,,https://www.amazon.eg/dp/B0FN4CY4Z8,2026-06-07T05:57:19.769391
amazon,B0D87F5DLF,"Red Rex Big Whey Protein Powder 1020 g, Strawberry",,AR-Protein,"EGP 1,831.77","EGP 1,899.00",,3.8,List:,,,,,,https://m.media-amazon.com/images/I/61Exa3ejj7L._AC_UL320_.jpg,https://m.media-amazon.com/images/I/61Exa3ejj7L._AC_UL320_.jpg,,,,,,,,,,,https://www.amazon.eg/dp/B0D87F5DLF,2026-06-07T05:57:19.769913
amazon,B0FN7HRW5P,Lean A.F Cookies Flavor Whey Protein 2 kg,,AR-Protein,"EGP 4,500.00",,,,,,,,,,https://m.media-amazon.com/images/I/71kURDNlPuL._AC_UL320_.jpg,https://m.media-amazon.com/images/I/71kURDNlPuL._AC_UL320_.jpg,,,,,,,,,,,https://www.amazon.eg/dp/B0FN7HRW5P,2026-06-07T05:57:19.770346
amazon,B0D5Y8R54H,"Victor Martinez Premium Whey Gold Protein Blend 2 kg, Vanilla",,AR-Protein,"EGP 2,702.64","EGP 2,850.88",,4.0,Was:,,,,,,https://m.media-amazon.com/images/I/61PH-S31dcL._AC_UL320_.jpg,https://m.media-amazon.com/images/I/61PH-S31dcL._AC_UL320_.jpg,,,,,,,,,,,https://www.amazon.eg/dp/B0D5Y8R54H,2026-06-07T05:57:19.770859
amazon,B09GMRKG91,Muscle Add | Whey ADD | 25g Protein | Hydrolyzed | Isolate | Concentrate | 140 calories | Enhanced Formula | Long-lasting Nutrition | BCAA | Glutamine | 60 servings | 2100g | Chocolate Ice-cream,,AR-Protein,"EGP 3,750.00",,,4.1,,,,,,,https://m.media-amazon.com/images/I/61i-Jk7bRuL._AC_UL320_.jpg,https://m.media-amazon.com/images/I/61i-Jk7bRuL._AC_UL320_.jpg,,,,,,,,,,,https://www.amazon.eg/dp/B09GMRKG91,2026-06-07T05:57:19.771345
amazon,B0FMGV64ZB,Ultimate Whey Digestive Enzymes+ Chocolate Gourmet,,AR-Protein,"EGP 2,410.52","EGP 2,590.00",,4.4,List:,,,,,,https://m.media-amazon.com/images/I/61E4EkCFJfL._AC_UL320_.jpg,https://m.media-amazon.com/images/I/61E4EkCFJfL._AC_UL320_.jpg,,,,,,,,,,,https://www.amazon.eg/dp/B0FMGV64ZB,2026-06-07T05:57:19.771866
amazon,B0BRY8DLNL,Imtenan Soy Protein 250g,,AR-Protein,EGP 268.99,,,4.2,,,,,,,https://m.media-amazon.com/images/I/617WM7JAmgL._AC_UL320_.jpg,https://m.media-amazon.com/images/I/617WM7JAmgL._AC_UL320_.jpg,,,,,,,,,,,https://www.amazon.eg/dp/B0BRY8DLNL,2026-06-07T05:57:19.772365
amazon,B0D2LPZ1WV,"Red Rex Big Whey Protein 2 kg, Cookies & Cream",,AR-Protein,"EGP 3,375.62","EGP 3,499.00",,4.0,List:,,,,,,https://m.media-amazon.com/images/I/61sMhwoK4eL._AC_UL320_.jpg,https://m.media-amazon.com/images/I/61sMhwoK4eL._AC_UL320_.jpg,,,,,,,,,,,https://www.amazon.eg/dp/B0D2LPZ1WV,2026-06-07T05:57:19.772887
amazon,B0CJJF3MX6,Alpha Whey Protein Isolate - Vanilla 1 KG - 30 Servings,,AR-Protein,"EGP 2,584.00","EGP 2,750.00",,4.4,List:,,,,,,https://m.media-amazon.com/images/I/81n8vN3Z8iL._AC_UL320_.jpg,https://m.media-amazon.com/images/I/81n8vN3Z8iL._AC_UL320_.jpg,,,,,,,,,,,https://www.amazon.eg/dp/B0CJJF3MX6,2026-06-07T05:57:19.773434
amazon,B0FN4CMHHF,Challenger Nutrition Gen 8 Protein 25 Servings Strawberry,,AR-Protein,EGP 941.17,EGP 999.00,,5.0,List:,,,,,,https://m.media-amazon.com/images/I/51MMnZXJMpL._AC_UL320_.jpg,https://m.media-amazon.com/images/I/51MMnZXJMpL._AC_UL320_.jpg,,,,,,,,,,,https://www.amazon.eg/dp/B0FN4CMHHF,2026-06-07T05:57:19.773956
amazon,B09MR8BBGD,Dymatize ISO 100 – Fudge Brownie – 20 Servings,,AR-Protein,"EGP 2,400.00",,,4.5,,,,,,,https://m.media-amazon.com/images/I/8134fIo+axL._AC_UL320_.jpg,https://m.media-amazon.com/images/I/8134fIo+axL._AC_UL320_.jpg,,,,,,,,,,,https://www.amazon.eg/dp/B09MR8BBGD,2026-06-07T05:57:19.774437
amazon,B08XJZXBJ7,Advanced mass maker - chocolate 2.628 kg,,AR-Protein,EGP 789.47,,,3.8,,,,,,,https://m.media-amazon.com/images/I/71ltYqwTYRL._AC_UL320_.jpg,https://m.media-amazon.com/images/I/71ltYqwTYRL._AC_UL320_.jpg,,,,,,,,,,,https://www.amazon.eg/dp/B08XJZXBJ7,2026-06-07T05:57:19.774901
amazon,B000GIPJ02,"Optimum Nutrition (ON) Serious Mass Weight Gainer Protein Powder, Vitamin C and Zinc for Immune Support, Vanilla, 12 Pound (Packaging May Vary)",,AR-Protein,"EGP 5,259.86",,,4.4,,,,,,,https://m.media-amazon.com/images/I/510JUtwvEyL._AC_UL320_.jpg,https://m.media-amazon.com/images/I/510JUtwvEyL._AC_UL320_.jpg,,,,,,,,,,,https://www.amazon.eg/dp/B000GIPJ02,2026-06-07T05:57:23.815875
amazon,B008MCXALO,NITROTECH WHEY PROTEIN ULTIMATE MUSCLE BUILDING FORMULA MILK CHOCOLATE NET WT 4.00 LBS (1.81KG),,AR-Protein,"EGP 4,200.00",,,4.2,,,,,,,https://m.media-amazon.com/images/I/71oUljkQmQL._AC_UL320_.jpg,https://m.media-amazon.com/images/I/71oUljkQmQL._AC_UL320_.jpg,,,,,,,,,,,https://www.amazon.eg/dp/B008MCXALO,2026-06-07T05:57:23.816872
amazon,B013QT6WF8,Dymatize ISO 100 – Fudge Brownie – 3 LB,,AR-Protein,"EGP 4,300.00",,,4.7,,,,,,,https://m.media-amazon.com/images/I/81Ab-6WvNlL._AC_UL320_.jpg,https://m.media-amazon.com/images/I/81Ab-6WvNlL._AC_UL320_.jpg,,,,,,,,,,,https://www.amazon.eg/dp/B013QT6WF8,2026-06-07T05:57:23.817357
amazon,B0FN4CYB37,Red Rex All in Vanilla Protein Supplement 1920 g,,AR-Protein,"EGP 2,499.00",,,4.5,,,,,,,https://m.media-amazon.com/images/I/71GLSgKuH8L._AC_UL320_.jpg,https://m.media-amazon.com/images/I/71GLSgKuH8L._AC_UL320_.jpg,,,,,,,,,,,https://www.amazon.eg/dp/B0FN4CYB37,2026-06-07T05:57:23.817834
amazon,B0DZXP76SD,"Muscle Add 60 Serving Whey Add Plus Protein Supplement 2040 g, Chocolate Peanut Butter Ice Cream",,AR-Protein,"EGP 3,100.00",,,5.0,,,,,,,https://m.media-amazon.com/images/I/51PSjNWlTlL._AC_UL320_.jpg,https://m.media-amazon.com/images/I/51PSjNWlTlL._AC_UL320_.jpg,,,,,,,,,,,https://www.amazon.eg/dp/B0DZXP76SD,2026-06-07T05:57:23.818308
amazon,B0FN4BP2QR,Challenger Nutrition Gen 8 Protein 25 Servings Chocolate Peanut Butter,,AR-Protein,EGP 999.00,,,,,,,,,,https://m.media-amazon.com/images/I/51+Cr8WBEOL._AC_UL320_.jpg,https://m.media-amazon.com/images/I/51+Cr8WBEOL._AC_UL320_.jpg,,,,,,,,,,,https://www.amazon.eg/dp/B0FN4BP2QR,2026-06-07T05:57:23.818721
amazon,B09JP7KK3X,Abu Auf protein bar Hazelnut Bar 70g Single Piece,,AR-Protein,EGP 52.00,EGP 63.00,,4.2,List:,,,,,,https://m.media-amazon.com/images/I/51YVvMjQFKL._AC_UL320_.jpg,https://m.media-amazon.com/images/I/51YVvMjQFKL._AC_UL320_.jpg,,,,,,,,,,,https://www.amazon.eg/dp/B09JP7KK3X,2026-06-07T05:57:23.819843
amazon,B000GIURIQ,Optimum Nutrition Gold Standard 100% Whey - Delicious Strawberry - 2.00 G / 2.00 lb,,AR-Protein,"EGP 3,200.00",,,4.6,,,,,,,https://m.media-amazon.com/images/I/718pf3vETnL._AC_UL320_.jpg,https://m.media-amazon.com/images/I/718pf3vETnL._AC_UL320_.jpg,,,,,,,,,,,https://www.amazon.eg/dp/B000GIURIQ,2026-06-07T05:57:23.820333
amazon,B01LTI96QU,ISO100 cookies & cream (2.3kg),,AR-Protein,"EGP 6,150.00",,,4.6,,,,,,,https://m.media-amazon.com/images/I/81nBvFc5pxL._AC_UL320_.jpg,https://m.media-amazon.com/images/I/81nBvFc5pxL._AC_UL320_.jpg,,,,,,,,,,,https://www.amazon.eg/dp/B01LTI96QU,2026-06-07T05:57:23.821353
amazon,B0FN4BX9JK,Challenger Nutrition Gen 8 Protein 25 Servings Chocolate,,AR-Protein,EGP 941.17,EGP 999.00,,5.0,List:,,,,,,https://m.media-amazon.com/images/I/51+vNzGdCbL._AC_UL320_.jpg,https://m.media-amazon.com/images/I/51+vNzGdCbL._AC_UL320_.jpg,,,,,,,,,,,https://www.amazon.eg/dp/B0FN4BX9JK,2026-06-07T05:57:23.821885
amazon,B0B77XM5VQ,Muscle Add | Whey ADD | 25g Protein | Hydrolyzed | Isolate | Concentrate | 140 calories | Enhanced Formula | Long-lasting Nutrition | BCAA | Glutamine | 60 servings | 2100g | Vanilla Ice-cream,,AR-Protein,"EGP 3,200.00",,,3.8,,,,,,,https://m.media-amazon.com/images/I/61xLFQOvrhL._AC_UL320_.jpg,https://m.media-amazon.com/images/I/61xLFQOvrhL._AC_UL320_.jpg,,,,,,,,,,,https://www.amazon.eg/dp/B0B77XM5VQ,2026-06-07T05:57:23.822372
amazon,B0DY64YXN4,CHALLENGER NUTRITION -WHEY PROTEIN - CHOCOLATE - 50 serv,,AR-Protein,"EGP 2,667.20","EGP 2,899.00",,4.1,List:,,,,,,https://m.media-amazon.com/images/I/61rEiw04o2L._AC_UL320_.jpg,https://m.media-amazon.com/images/I/61rEiw04o2L._AC_UL320_.jpg,,,,,,,,,,,https://www.amazon.eg/dp/B0DY64YXN4,2026-06-07T05:57:23.822906
amazon,B0FN4B3ZD3,Red Rex Cookies and Cream All in Isolate Protein Supplement 1020 g,,AR-Protein,"EGP 1,699.00",,,3.0,,,,,,,https://m.media-amazon.com/images/I/61-h4IkJztL._AC_UL320_.jpg,https://m.media-amazon.com/images/I/61-h4IkJztL._AC_UL320_.jpg,,,,,,,,,,,https://www.amazon.eg/dp/B0FN4B3ZD3,2026-06-07T05:57:23.823400
amazon,B00HSMJOO6,Muscletech Nitro-Tech Milk Chocolate Post-Workout Protein - 4lbs,,AR-Protein,"EGP 4,300.00",,,4.0,,,,,,,https://m.media-amazon.com/images/I/71oUljkQmQL._AC_UL320_.jpg,https://m.media-amazon.com/images/I/71oUljkQmQL._AC_UL320_.jpg,,,,,,,,,,,https://www.amazon.eg/dp/B00HSMJOO6,2026-06-07T05:57:23.823860
amazon,B000GIPJZ2,Gold Standard Whey 5 Lbs cookies and cream - Cookies & cream - 5.00 G / 5.00 lb,,AR-Protein,"EGP 6,300.00",,,4.2,,,,,,,https://m.media-amazon.com/images/I/71skxfOAmkL._AC_UL320_.jpg,https://m.media-amazon.com/images/I/71skxfOAmkL._AC_UL320_.jpg,,,,,,,,,,,https://www.amazon.eg/dp/B000GIPJZ2,2026-06-07T05:57:23.824338
amazon,B0FN7HNBGZ,Yava Labs Elite Chocolate Caramel Toffee Whey Protein 2 kg,,AR-Protein,"EGP 4,200.00",,,,,,,,,,https://m.media-amazon.com/images/I/51UG4hzKUNL._AC_UL320_.jpg,https://m.media-amazon.com/images/I/51UG4hzKUNL._AC_UL320_.jpg,,,,,,,,,,,https://www.amazon.eg/dp/B0FN7HNBGZ,2026-06-07T05:57:23.824777
amazon,B0D87DF3VX,"Red Rex Big Whey Protein Powder 1020 g, Chocolate",,AR-Protein,"EGP 1,898.00",,,5.0,,,,,,,https://m.media-amazon.com/images/I/610VG5okW5L._AC_UL320_.jpg,https://m.media-amazon.com/images/I/610VG5okW5L._AC_UL320_.jpg,,,,,,,,,,,https://www.amazon.eg/dp/B0D87DF3VX,2026-06-07T05:57:23.825261
amazon,B08ZPR4DYB,Advanced sports nutrition (asn) | advanced mass maker | vanilla | 18 servings | 40g protein | high protein weight gainer | bcaa | muscle building | recovery formula | quick absorbing | 530 calories,,AR-Protein,EGP 868.42,,,3.6,,,,,,,https://m.media-amazon.com/images/I/71OguQ3NzjL._AC_UL320_.jpg,https://m.media-amazon.com/images/I/71OguQ3NzjL._AC_UL320_.jpg,,,,,,,,,,,https://www.amazon.eg/dp/B08ZPR4DYB,2026-06-07T05:57:23.825766
amazon,B002QZORGK,Optimum Nutrition Platinum HydroWhey - Velocity Vanilla - 3.50 G / 3.50 lb,,AR-Protein,"EGP 6,500.00",,,4.5,,,,,,,https://m.media-amazon.com/images/I/71WMvJykTXL._AC_UL320_.jpg,https://m.media-amazon.com/images/I/71WMvJykTXL._AC_UL320_.jpg,,,,,,,,,,,https://www.amazon.eg/dp/B002QZORGK,2026-06-07T05:57:23.826289
amazon,B000GOY7FO,"Dymatize, ISO100 Hydrolyzed, 100% Whey Protein Isolate, Gourmet Chocolate, 5 lb (2.3 kg)",,AR-Protein,"EGP 6,150.00",,,4.4,,,,,,,https://m.media-amazon.com/images/I/61Dq5srrQyL._AC_UL320_.jpg,https://m.media-amazon.com/images/I/61Dq5srrQyL._AC_UL320_.jpg,,,,,,,,,,,https://www.amazon.eg/dp/B000GOY7FO,2026-06-07T05:57:23.826753
amazon,B08ZNW675P,Advanced sports nutrition (asn) | 100% whey protein | strawberry | 30 servings | 25g protein | high protein | amino optimal performance | bcaa | muscle building | quick absorbing | 120 calories,,AR-Protein,"EGP 1,716.00",,,4.0,,,,,,,https://m.media-amazon.com/images/I/61Ozr0fbFVL._AC_UL320_.jpg,https://m.media-amazon.com/images/I/61Ozr0fbFVL._AC_UL320_.jpg,,,,,,,,,,,https://www.amazon.eg/dp/B08ZNW675P,2026-06-07T05:57:23.827240
amazon,B0CHRPZ615,Max Muscle Reda Ragab Signature 30 Serving Iso Complex Triple Sourced Isolate Vanilla Raspberry Protein Powder 1080 g,,AR-Protein,"EGP 1,990.00",,,5.0,,,,,,,https://m.media-amazon.com/images/I/61XZ6CwW8BL._AC_UL320_.jpg,https://m.media-amazon.com/images/I/61XZ6CwW8BL._AC_UL320_.jpg,,,,,,,,,,,https://www.amazon.eg/dp/B0CHRPZ615,2026-06-07T05:57:26.649040
amazon,B07WF92Q3Z,"Bulletproof Collagen 18g Protein Powder, 8.5 oz, Unflavored",,AR-Protein,"EGP 3,900.00",,,4.5,,,,,,,https://m.media-amazon.com/images/I/7175GJUUnaL._AC_UL320_.jpg,https://m.media-amazon.com/images/I/7175GJUUnaL._AC_UL320_.jpg,,,,,,,,,,,https://www.amazon.eg/dp/B07WF92Q3Z,2026-06-07T05:57:26.649564
amazon,B0B9V88T4H,Organic Nation | Whey protein | Helps with muscle building | No fat Gaining | Meal Replacement | Endless Power | Ideal for Athletes | Diet Friendly | 1020g | 24g Protein | Strawberry,,AR-Protein,"EGP 1,850.00",,,4.2,,,,,,,https://m.media-amazon.com/images/I/61UAMITj9DL._AC_UL320_.jpg,https://m.media-amazon.com/images/I/61UAMITj9DL._AC_UL320_.jpg,,,,,,,,,,,https://www.amazon.eg/dp/B0B9V88T4H,2026-06-07T05:57:26.650094
amazon,B0GJSRD3MN,KEEP GOING® Protein & Vitamin Bar Choco Chip Fudge,,AR-Protein,EGP 85.00,,,4.4,,,,,,,https://m.media-amazon.com/images/I/513UvQbyHvL._AC_UL320_.jpg,https://m.media-amazon.com/images/I/513UvQbyHvL._AC_UL320_.jpg,,,,,,,,,,,https://www.amazon.eg/dp/B0GJSRD3MN,2026-06-07T05:57:26.650573
amazon,B0FSF4CZNQ,"Novogen Mass Gainer Protein Powder, 2.70 kg, 50g Protein, 252g Carbs, Double Chocolate, 8 Servings",,AR-Protein,"EGP 1,850.00",,,5.0,,,,,,,https://m.media-amazon.com/images/I/61-DWHakTVL._AC_UL320_.jpg,https://m.media-amazon.com/images/I/61-DWHakTVL._AC_UL320_.jpg,,,,,,,,,,,https://www.amazon.eg/dp/B0FSF4CZNQ,2026-06-07T05:57:26.651057
amazon,B008IC0Z8Y,Muscle Tech Nitro Tech Vanilla 4Lbs (1.81Kg) Us 1 Base Box,,AR-Protein,"EGP 4,300.00",,,4.6,,,,,,,https://m.media-amazon.com/images/I/81eAItsYNZL._AC_UL320_.jpg,https://m.media-amazon.com/images/I/81eAItsYNZL._AC_UL320_.jpg,,,,,,,,,,,https://www.amazon.eg/dp/B008IC0Z8Y,2026-06-07T05:57:26.651556
amazon,B07MGDQF1P,"MuscleTech Nitro-Tech Gold Isolate Smoothie Mix for Fast Recovery, 5 lbs Dulce de Leche Limited Edition Powder",,AR-Protein,"EGP 4,450.00",,,4.8,,,,,,,https://m.media-amazon.com/images/I/61n03dyn2XL._AC_UL320_.jpg,https://m.media-amazon.com/images/I/61n03dyn2XL._AC_UL320_.jpg,,,,,,,,,,,https://www.amazon.eg/dp/B07MGDQF1P,2026-06-07T05:57:26.652048
amazon,B0FN4BBB4K,Red Rex Vanilla All in Isolate Protein Supplement 1020 g,,AR-Protein,"EGP 1,699.00",,,5.0,,,,,,,https://m.media-amazon.com/images/I/61HxVnpQ9RL._AC_UL320_.jpg,https://m.media-amazon.com/images/I/61HxVnpQ9RL._AC_UL320_.jpg,,,,,,,,,,,https://www.amazon.eg/dp/B0FN4BBB4K,2026-06-07T05:57:26.652528
amazon,B0FN4BTTP8,Challenger Nutrition Gen 8 Protein 50 Servings Chocolate Peanut Butter,,AR-Protein,"EGP 1,579.99","EGP 1,900.00",,5.0,List:,,,,,,https://m.media-amazon.com/images/I/5158YMd9EqL._AC_UL320_.jpg,https://m.media-amazon.com/images/I/5158YMd9EqL._AC_UL320_.jpg,,,,,,,,,,,https://www.amazon.eg/dp/B0FN4BTTP8,2026-06-07T05:57:26.653073
amazon,B09SM2KF4V,Way Protein Natural Cocoa Flavor - 250g by Grateful,,AR-Protein,EGP 650.00,,,4.1,,,,,,,https://m.media-amazon.com/images/I/51k3BzE+8AL._AC_UL320_.jpg,https://m.media-amazon.com/images/I/51k3BzE+8AL._AC_UL320_.jpg,,,,,,,,,,,https://www.amazon.eg/dp/B09SM2KF4V,2026-06-07T05:57:26.653533
amazon,B08WJLC8C8,Kayy | Oat High Protein Coconut - 300g,,AR-Protein,EGP 69.30,EGP 75.26,,4.3,List:,,,,,,https://m.media-amazon.com/images/I/816-Tv-a+aL._AC_UL320_.jpg,https://m.media-amazon.com/images/I/816-Tv-a+aL._AC_UL320_.jpg,,,,,,,,,,,https://www.amazon.eg/dp/B08WJLC8C8,2026-06-07T05:57:26.654078
amazon,B000GISU1M,ON LAPAC 100 WGS GF VAN ICE CRM 2.27KG,,AR-Protein,"EGP 6,314.48",,,3.7,,,,,,,https://m.media-amazon.com/images/I/71wbpFaSx3L._AC_UL320_.jpg,https://m.media-amazon.com/images/I/71wbpFaSx3L._AC_UL320_.jpg,,,,,,,,,,,https://www.amazon.eg/dp/B000GISU1M,2026-06-07T05:57:26.654582
amazon,B010VEAFYU,Optimum Nutrition Whey Gold Standard Extreme - Milk Chocolate - 5.00 G / 5.00 lb,,AR-Protein,"EGP 6,300.00",,,4.6,,,,,,,https://m.media-amazon.com/images/I/71FWfC2564L._AC_UL320_.jpg,https://m.media-amazon.com/images/I/71FWfC2564L._AC_UL320_.jpg,,,,,,,,,,,https://www.amazon.eg/dp/B010VEAFYU,2026-06-07T05:57:26.655064
amazon,B0FMYMQ7R1,مصل اللبن المكثف من هيرو طعم فانيليا | 1 كيلوجرام | 33 حصة | 24 جرام بروتين لكل وجبة,,AR-Protein,"EGP 1,299.99",,,3.3,,,,,,,https://m.media-amazon.com/images/I/511Xhrs1XKL._AC_UL320_.jpg,https://m.media-amazon.com/images/I/511Xhrs1XKL._AC_UL320_.jpg,,,,,,,,,,,https://www.amazon.eg/dp/B0FMYMQ7R1,2026-06-07T05:57:26.655548
amazon,B0FX5HZ9VM,Zero Protein Bar 70G (24G Protein) Box of 16 bars (Mix),,AR-Protein,EGP 849.00,,,4.6,,,,,,,https://m.media-amazon.com/images/I/61DibDrGWUL._AC_UL320_.jpg,https://m.media-amazon.com/images/I/61DibDrGWUL._AC_UL320_.jpg,,,,,,,,,,,https://www.amazon.eg/dp/B0FX5HZ9VM,2026-06-07T05:57:26.656046
amazon,B0DY64V771,CHALLENGER NUTRITION WHEY PROTEIN - CHOCOLATE - 25 serv,,AR-Protein,"EGP 1,600.00",,,3.4,,,,,,,https://m.media-amazon.com/images/I/71+voo+ItEL._AC_UL320_.jpg,https://m.media-amazon.com/images/I/71+voo+ItEL._AC_UL320_.jpg,,,,,,,,,,,https://www.amazon.eg/dp/B0DY64V771,2026-06-07T05:57:26.656537
amazon,B0CN71S45F,"Applied Nutrition Critical Whey Protein Powder 2kg - High Protein Powder, Protein Milkshake, Muscle Building Supplement with BCAAs & Glutamine (2kg - 67 Servings, Vanilla Ice Cream)",,AR-Protein,"EGP 4,490.00",,,4.3,,,,,,,https://m.media-amazon.com/images/I/71XOI5iWQNL._AC_UL320_.jpg,https://m.media-amazon.com/images/I/71XOI5iWQNL._AC_UL320_.jpg,,,,,,,,,,,https://www.amazon.eg/dp/B0CN71S45F,2026-06-07T05:57:26.657042
amazon,B008IH1EU2,NITROTECH WHEY PROTEIN ULTIMATE MUSCLE BUILDING FORMULA STRAWBERRY NET WT 4.02 LBS (1.82KG),,AR-Protein,"EGP 4,400.00",,,4.5,,,,,,,https://m.media-amazon.com/images/I/812ch9i46AL._AC_UL320_.jpg,https://m.media-amazon.com/images/I/812ch9i46AL._AC_UL320_.jpg,,,,,,,,,,,https://www.amazon.eg/dp/B008IH1EU2,2026-06-07T05:57:26.657541
amazon,B0D2LSH2DM,"Red Rex Big Whey Protein 2 kg, Chocolate Peanut Butter",,AR-Protein,"EGP 3,499.00",,,4.5,,,,,,,https://m.media-amazon.com/images/I/61c-zI1gHdL._AC_UL320_.jpg,https://m.media-amazon.com/images/I/61c-zI1gHdL._AC_UL320_.jpg,,,,,,,,,,,https://www.amazon.eg/dp/B0D2LSH2DM,2026-06-07T05:57:26.658045
amazon,B002RWJQJU,Optimum Nutrition Gold Standard 100% Casein - chocolate peanut butter - 2.00 G / 2.00 lb,,AR-Protein,"EGP 2,900.00",,,4.5,,,,,,,https://m.media-amazon.com/images/I/71tHuuBGCkL._AC_UL320_.jpg,https://m.media-amazon.com/images/I/71tHuuBGCkL._AC_UL320_.jpg,,,,,,,,,,,https://www.amazon.eg/dp/B002RWJQJU,2026-06-07T05:57:26.658535
amazon,B00FYYOEHW,Dymatize ISO 100 – Strawberry – 5 LB (2.3 KG),,AR-Protein,"EGP 6,150.00",,,4.6,,,,,,,https://m.media-amazon.com/images/I/71437xEzVfL._AC_UL320_.jpg,https://m.media-amazon.com/images/I/71437xEzVfL._AC_UL320_.jpg,,,,,,,,,,,https://www.amazon.eg/dp/B00FYYOEHW,2026-06-07T05:57:26.659020
amazon,B0D2LPLYN7,"Red Rex Big Whey Protein 2 kg, Vanilla",,AR-Protein,"EGP 3,499.00",,,4.3,,,,,,,https://m.media-amazon.com/images/I/61WdzcH1V7L._AC_UL320_.jpg,https://m.media-amazon.com/images/I/61WdzcH1V7L._AC_UL320_.jpg,,,,,,,,,,,https://www.amazon.eg/dp/B0D2LPLYN7,2026-06-07T05:57:26.659481
amazon,B0FN49SY33,"Challenger Nutrition Gen 8 Protein powder, 25 Servings, Vanilla Flavour, Next Generation Protein Blend, 24g Protein",,AR-Protein,EGP 964.31,,,,,,,,,,https://m.media-amazon.com/images/I/71Cx6p6zW6L._AC_UL320_.jpg,https://m.media-amazon.com/images/I/71Cx6p6zW6L._AC_UL320_.jpg,,,,,,,,,,,https://www.amazon.eg/dp/B0FN49SY33,2026-06-07T05:57:26.659896
amazon,B09MR7RV98,Dymatize ISO 100 – Birthday Cake Pebbles – 20 Servings,,AR-Protein,"EGP 2,400.00",,,4.2,,,,,,,https://m.media-amazon.com/images/I/811ReoH2QWL._AC_UL320_.jpg,https://m.media-amazon.com/images/I/811ReoH2QWL._AC_UL320_.jpg,,,,,,,,,,,https://www.amazon.eg/dp/B09MR7RV98,2026-06-07T05:57:26.660377
amazon,B0D87DRG7K,"Red Rex Big Whey Protein Powder 1020 g, Cookies and Cream",,AR-Protein,"EGP 1,760.00","EGP 1,899.00",,3.6,List:,,,,,,https://m.media-amazon.com/images/I/41TNPviFBgL._AC_UL320_.jpg,https://m.media-amazon.com/images/I/41TNPviFBgL._AC_UL320_.jpg,,,,,,,,,,,https://www.amazon.eg/dp/B0D87DRG7K,2026-06-07T05:57:30.450693
amazon,B00J074W7Q,ORGAIN Vegan and Organic Protein Powder - Non-GMO - GLUTEN FREE - LACTOSE FREE - NO ADDED SUGAR - SOY FREE - Vanilla Flavor - 920grs,,AR-Protein,"EGP 5,800.00",,,4.5,,,,,,,https://m.media-amazon.com/images/I/7191gyxaAQL._AC_UL320_.jpg,https://m.media-amazon.com/images/I/7191gyxaAQL._AC_UL320_.jpg,,,,,,,,,,,https://www.amazon.eg/dp/B00J074W7Q,2026-06-07T05:57:30.451220
amazon,B09889SSQS,"Abu Auf Cranberries and Coconut Protein Bar, 70 gm",,AR-Protein,EGP 52.00,EGP 63.00,,3.8,List:,,,,,,https://m.media-amazon.com/images/I/61W6rA17eVL._AC_UL320_.jpg,https://m.media-amazon.com/images/I/61W6rA17eVL._AC_UL320_.jpg,,,,,,,,,,,https://www.amazon.eg/dp/B09889SSQS,2026-06-07T05:57:30.451780
amazon,B0D2LRMYLW,"Red Rex Big Whey Protein 2 kg, Strawberry",,AR-Protein,"EGP 3,499.00",,,4.0,,,,,,,https://m.media-amazon.com/images/I/61mtI-pPVyL._AC_UL320_.jpg,https://m.media-amazon.com/images/I/61mtI-pPVyL._AC_UL320_.jpg,,,,,,,,,,,https://www.amazon.eg/dp/B0D2LRMYLW,2026-06-07T05:57:30.452287
amazon,B083LDJNPK,"Vital Proteins Collagen Peptides - Grass-Raised, Paleo-Friendly, Gluten Free, Ingredient Only (24 oz)",,AR-Protein,"EGP 4,999.00",,,4.7,,,,,,,https://m.media-amazon.com/images/I/71u1WitK8QL._AC_UL320_.jpg,https://m.media-amazon.com/images/I/71u1WitK8QL._AC_UL320_.jpg,,,,,,,,,,,https://www.amazon.eg/dp/B083LDJNPK,2026-06-07T05:57:30.452770
amazon,B09JP7KMZW,Abu Auf protein bar Banana with cashew Bar 70g Single,,AR-Protein,EGP 52.00,EGP 63.00,,4.1,List:,,,,,,https://m.media-amazon.com/images/I/616YKoDboXL._AC_UL320_.jpg,https://m.media-amazon.com/images/I/616YKoDboXL._AC_UL320_.jpg,,,,,,,,,,,https://www.amazon.eg/dp/B09JP7KMZW,2026-06-07T05:57:30.453318
amazon,B002LMHI0A,Optimum Nutrition Gold Standard Whey Vanilla Ice Cream - 5 lbs,,AR-Protein,"EGP 6,300.00",,,4.4,,,,,,,https://m.media-amazon.com/images/I/81rkH4m7O3L._AC_UL320_.jpg,https://m.media-amazon.com/images/I/81rkH4m7O3L._AC_UL320_.jpg,,,,,,,,,,,https://www.amazon.eg/dp/B002LMHI0A,2026-06-07T05:57:30.453782
amazon,B0FSDW67L9,"Novogen Mass Gainer Protein Powder, 5.40 kg, 50g Protein, 252g Carbs, Ice Cream Vanilla",,AR-Protein,"EGP 2,650.00",,,5.0,,,,,,,https://m.media-amazon.com/images/I/61wX50yVslL._AC_UL320_.jpg,https://m.media-amazon.com/images/I/61wX50yVslL._AC_UL320_.jpg,,,,,,,,,,,https://www.amazon.eg/dp/B0FSDW67L9,2026-06-07T05:57:30.454254
amazon,B0FN49LKKN,Red Rex All in Strawberry Protein Supplement 1920 g,,AR-Protein,"EGP 2,499.00",,,,,,,,,,https://m.media-amazon.com/images/I/71OeSBfnBzL._AC_UL320_.jpg,https://m.media-amazon.com/images/I/71OeSBfnBzL._AC_UL320_.jpg,,,,,,,,,,,https://www.amazon.eg/dp/B0FN49LKKN,2026-06-07T05:57:30.454665
amazon,B0FN7M18NF,Chocolate Flavored Core Hydrolysate 1800 g,,AR-Protein,"EGP 4,800.00",,,,,,,,,,https://m.media-amazon.com/images/I/51YQmOUT19L._AC_UL320_.jpg,https://m.media-amazon.com/images/I/51YQmOUT19L._AC_UL320_.jpg,,,,,,,,,,,https://www.amazon.eg/dp/B0FN7M18NF,2026-06-07T05:57:30.455106
amazon,B0BDXJ5D4N,"Challenger nutrition - 100% whey protein, strawberry, 0.99 kg",,AR-Protein,"EGP 1,600.00",,,4.0,Another way to buy,,,,,,https://m.media-amazon.com/images/I/61-l2DLSF2L._AC_UL320_.jpg,https://m.media-amazon.com/images/I/61-l2DLSF2L._AC_UL320_.jpg,,,,,,,,,,,https://www.amazon.eg/dp/B0BDXJ5D4N,2026-06-07T05:57:30.455638
amazon,B0FN4CH6W1,"Challenger Nutrition Gen 8 Protein, 50 Servings, Chocolate Flavour, Next Generation Protein Blend, 24g Protein",,AR-Protein,"EGP 1,900.00",,,5.0,,,,,,,https://m.media-amazon.com/images/I/71n9TEn6BbL._AC_UL320_.jpg,https://m.media-amazon.com/images/I/71n9TEn6BbL._AC_UL320_.jpg,,,,,,,,,,,https://www.amazon.eg/dp/B0FN4CH6W1,2026-06-07T05:57:30.456130
amazon,B0FSF55MD8,"Novogen Mass Gainer Protein Powder, 2.70 kg, 50g Protein, 252g Carbs, Ice Cream Vanilla, 8 Servings",,AR-Protein,"EGP 1,800.00",,,4.0,,,,,,,https://m.media-amazon.com/images/I/61F1loDDFwL._AC_UL320_.jpg,https://m.media-amazon.com/images/I/61F1loDDFwL._AC_UL320_.jpg,,,,,,,,,,,https://www.amazon.eg/dp/B0FSF55MD8,2026-06-07T05:57:30.456603
amazon,B01JUA7422,Muscle Tech Whey Gold Double Rich Chocolate 5Lbs Us (Rb) 1 Base Box,,AR-Protein,"EGP 4,505.00",,,4.5,,,,,,,https://m.media-amazon.com/images/I/81Du9u4ANIL._AC_UL320_.jpg,https://m.media-amazon.com/images/I/81Du9u4ANIL._AC_UL320_.jpg,,,,,,,,,,,https://www.amazon.eg/dp/B01JUA7422,2026-06-07T05:57:30.457097
amazon,B0FN4FFT63,Red Rex All in Chocolate Protein Supplement 1920 g,,AR-Protein,"EGP 2,499.00",,,,,,,,,,https://m.media-amazon.com/images/I/71NA33KQvSL._AC_UL320_.jpg,https://m.media-amazon.com/images/I/71NA33KQvSL._AC_UL320_.jpg,,,,,,,,,,,https://www.amazon.eg/dp/B0FN4FFT63,2026-06-07T05:57:30.457524
amazon,B00ITXWNUK,Dymatize ISO 100 Fudge Brownie 5Lb,,AR-Protein,"EGP 6,150.00",,,4.6,,,,,,,https://m.media-amazon.com/images/I/81cqls0wuNL._AC_UL320_.jpg,https://m.media-amazon.com/images/I/81cqls0wuNL._AC_UL320_.jpg,,,,,,,,,,,https://www.amazon.eg/dp/B00ITXWNUK,2026-06-07T05:57:30.458004
amazon,B0B9V35S8Z,Organic Nation | Whey protein | Helps with muscle building | No fat Gaining | Meal Replacement | Endless Power | Ideal for Athletes | Diet Friendly | 1020g | 24g Protein | Vanilla,,AR-Protein,"EGP 1,850.00",,,,,,,,,,https://m.media-amazon.com/images/I/61oaXNkbh1L._AC_UL320_.jpg,https://m.media-amazon.com/images/I/61oaXNkbh1L._AC_UL320_.jpg,,,,,,,,,,,https://www.amazon.eg/dp/B0B9V35S8Z,2026-06-07T05:57:30.458422
amazon,B0D5YB77XS,"Victor Martinez Premium Whey Gold Protein Blend 2 kg, Chocolate Peanut Butter",,AR-Protein,"EGP 3,250.00",,,3.9,,,,,,,https://m.media-amazon.com/images/I/61I33AMoshL._AC_UL320_.jpg,https://m.media-amazon.com/images/I/61I33AMoshL._AC_UL320_.jpg,,,,,,,,,,,https://www.amazon.eg/dp/B0D5YB77XS,2026-06-07T05:57:30.458885
amazon,B09JP6WH5V,Abu Auf protein bar Caramel Biscuits Bar 70g Single,,AR-Protein,EGP 52.00,EGP 63.00,,3.7,List:,,,,,,https://m.media-amazon.com/images/I/61Vay8AhaNL._AC_UL320_.jpg,https://m.media-amazon.com/images/I/61Vay8AhaNL._AC_UL320_.jpg,,,,,,,,,,,https://www.amazon.eg/dp/B09JP6WH5V,2026-06-07T05:57:30.459429
amazon,B0FN4BGBWD,Red Rex Chocolate All in Isolate Protein Supplement 2040 g,,AR-Protein,"EGP 3,299.00",,,5.0,,,,,,,https://m.media-amazon.com/images/I/71nejZC3rQL._AC_UL320_.jpg,https://m.media-amazon.com/images/I/71nejZC3rQL._AC_UL320_.jpg,,,,,,,,,,,https://www.amazon.eg/dp/B0FN4BGBWD,2026-06-07T05:57:30.459901
amazon,B09GMQMMXH,Organic Nation | Whey protein | Helps with muscle building | No fat Gaining | Meal Replacement | Endless Power | Ideal for Athletes | Diet Friendly | 1020g | 24g Protein | Chocolate,,AR-Protein,"EGP 1,850.00",,,3.9,,,,,,,https://m.media-amazon.com/images/I/61WDBnU3ubL._AC_UL320_.jpg,https://m.media-amazon.com/images/I/61WDBnU3ubL._AC_UL320_.jpg,,,,,,,,,,,https://www.amazon.eg/dp/B09GMQMMXH,2026-06-07T05:57:30.460451
amazon,B002DYJ0P2,"Optimum Nutrition (ON) Gold Standard 100% Micellar Casein Protein Powder, Slow Digesting, Helps Keep You Full, Overnight Muscle Recovery, Cookies and Cream, 1.81 Pound (Packaging May Vary)",,AR-Protein,"EGP 2,900.00",,,3.9,,,,,,,https://m.media-amazon.com/images/I/71g4Dm9TTYL._AC_UL320_.jpg,https://m.media-amazon.com/images/I/71g4Dm9TTYL._AC_UL320_.jpg,,,,,,,,,,,https://www.amazon.eg/dp/B002DYJ0P2,2026-06-07T05:57:30.460917
amazon,B0855F2689,"Dymatize Nutrition Dyma ISO100 Cocoa Pebbles, 1.4 kg",,AR-Protein,"EGP 4,300.00",,,4.7,,,,,,,https://m.media-amazon.com/images/I/81wTtqjpWkL._AC_UL320_.jpg,https://m.media-amazon.com/images/I/81wTtqjpWkL._AC_UL320_.jpg,,,,,,,,,,,https://www.amazon.eg/dp/B0855F2689,2026-06-07T05:57:30.461414
amazon,B08ZNVDXPC,Advanced sports nutrition (asn) | advanced mass maker | strawberry | 18 servings | 40g protein | high protein weight gainer | bcaa | muscle building | recovery formula | quick absorbing | 530 calories,,AR-Protein,EGP 789.47,,,3.6,,,,,,,https://m.media-amazon.com/images/I/71iVoLl0yuL._AC_UL320_.jpg,https://m.media-amazon.com/images/I/71iVoLl0yuL._AC_UL320_.jpg,,,,,,,,,,,https://www.amazon.eg/dp/B08ZNVDXPC,2026-06-07T05:57:30.461923
amazon,B0D2LRHNTM,"Victor Martinez Premium Whey Gold Protein Blend 2 kg, Chocolate",,AR-Protein,"EGP 3,061.85",,,3.6,,,,,,,https://m.media-amazon.com/images/I/612qoVtnDIL._AC_UL320_.jpg,https://m.media-amazon.com/images/I/612qoVtnDIL._AC_UL320_.jpg,,,,,,,,,,,https://www.amazon.eg/dp/B0D2LRHNTM,2026-06-07T05:57:34.054438
amazon,B0DY65NJR9,CHALLENGER NUTRITION -WHEY PROTEIN - STRAWBERRY - 25 serv,,AR-Protein,"EGP 1,499.00",,,3.4,,,,,,,https://m.media-amazon.com/images/I/71qb2ygHyzL._AC_UL320_.jpg,https://m.media-amazon.com/images/I/71qb2ygHyzL._AC_UL320_.jpg,,,,,,,,,,,https://www.amazon.eg/dp/B0DY65NJR9,2026-06-07T05:57:34.054950
amazon,B0DWSZYJ68,Max Muscle Reda Ragab Signature Chocolate Flavor 360 Protein Powder 2100 g,,AR-Protein,"EGP 2,690.00",,,3.9,,,,,,,https://m.media-amazon.com/images/I/51cmXTKqdaL._AC_UL320_.jpg,https://m.media-amazon.com/images/I/51cmXTKqdaL._AC_UL320_.jpg,,,,,,,,,,,https://www.amazon.eg/dp/B0DWSZYJ68,2026-06-07T05:57:34.055453
amazon,B0G1NFWDNR,100% Whey Protein | 1kg (30 Servings) | Banana Flavor | Clean Whey Blend for Energy & Recovery | Low Fat & Gluten-Free,,AR-Protein,"EGP 2,650.00",,,,,,,,,,https://m.media-amazon.com/images/I/41phSIe8xcL._AC_UL320_.jpg,https://m.media-amazon.com/images/I/41phSIe8xcL._AC_UL320_.jpg,,,,,,,,,,,https://www.amazon.eg/dp/B0G1NFWDNR,2026-06-07T05:57:34.055869
amazon,B0DZXQMM17,"Muscle Add 30 Serving Iso Add Plus Whey Protein Supplement 1020 g, Strawberry Milkshake",,AR-Protein,"EGP 2,150.00",,,,,,,,,,https://m.media-amazon.com/images/I/71k+NfDt8yL._AC_UL320_.jpg,https://m.media-amazon.com/images/I/71k+NfDt8yL._AC_UL320_.jpg,,,,,,,,,,,https://www.amazon.eg/dp/B0DZXQMM17,2026-06-07T05:57:34.056309
amazon,B006OC432E,Dymatize ISO100 Gourmet Chocolate (1.4kg)),,AR-Protein,,,,4.6,,,,,,,https://m.media-amazon.com/images/I/817JpM2fInL._AC_UL320_.jpg,https://m.media-amazon.com/images/I/817JpM2fInL._AC_UL320_.jpg,,,,,,,,,,,https://www.amazon.eg/dp/B006OC432E,2026-06-07T05:57:34.057065
amazon,B07B1C3RFY,"Optimum Nutrition (ON) Serious Mass Weight Gainer Protein Powder, Vitamin C and Zinc for Immune Support, Chocolate, 12 Pound (Packaging May Vary)",,AR-Protein,"EGP 5,464.41","EGP 6,000.00",,3.6,List:,,,,,,https://m.media-amazon.com/images/I/81IT5KeNvTL._AC_UL320_.jpg,https://m.media-amazon.com/images/I/81IT5KeNvTL._AC_UL320_.jpg,,,,,,,,,,,https://www.amazon.eg/dp/B07B1C3RFY,2026-06-07T05:57:34.057758
amazon,B0B9Q666L2,"MuscleTech Mass Gainer Protein Powder Mass-Tech Extreme 2000, Muscle Builder Whey Protein Powder, Protein + Creatine + Carbs, Max-Protein Weight Gainer for Women & Men, Triple Chocolate, 6 lbs",,AR-Protein,"EGP 2,650.00",,,4.4,,,,,,,https://m.media-amazon.com/images/I/81hwTUu3f8L._AC_UL320_.jpg,https://m.media-amazon.com/images/I/81hwTUu3f8L._AC_UL320_.jpg,,,,,,,,,,,https://www.amazon.eg/dp/B0B9Q666L2,2026-06-07T05:57:34.058274
amazon,B0GJSV5TTD,KEEP GOING® Protein & Vitamin Bar Choco Salted Caramel,,AR-Protein,EGP 85.00,,,5.0,,,,,,,https://m.media-amazon.com/images/I/51UXm6cWubL._AC_UL320_.jpg,https://m.media-amazon.com/images/I/51UXm6cWubL._AC_UL320_.jpg,,,,,,,,,,,https://www.amazon.eg/dp/B0GJSV5TTD,2026-06-07T05:57:34.058754
amazon,B0BGNC5WGR,Muscle Add | Hydro Beef Add | Hydrolysed Beef Protein | Chocolate Flavor | Rapid Absorption | Zero Cholestrol | Zero Sugar | Zero Dairy | 26g Protein | 30 servings | Halal | 1020g,,AR-Protein,"EGP 1,750.00",,,3.7,,,,,,,https://m.media-amazon.com/images/I/619HnJMS5lL._AC_UL320_.jpg,https://m.media-amazon.com/images/I/619HnJMS5lL._AC_UL320_.jpg,,,,,,,,,,,https://www.amazon.eg/dp/B0BGNC5WGR,2026-06-07T05:57:34.059244
amazon,B07B143PM8,"Optimum Nutrition, WHEY, Gold Standard, 5.00 LBS (5 lbs) - Strawberry",,AR-Protein,"EGP 6,300.00",,,4.6,,,,,,,https://m.media-amazon.com/images/I/71Y0rDlHOCL._AC_UL320_.jpg,https://m.media-amazon.com/images/I/71Y0rDlHOCL._AC_UL320_.jpg,,,,,,,,,,,https://www.amazon.eg/dp/B07B143PM8,2026-06-07T05:57:34.059701
amazon,B0FN4DP22K,Red Rex Vanilla All in Protein Supplement 960 g,,AR-Protein,"EGP 1,299.00",,,1.0,,,,,,,https://m.media-amazon.com/images/I/61HlEdwdfNL._AC_UL320_.jpg,https://m.media-amazon.com/images/I/61HlEdwdfNL._AC_UL320_.jpg,,,,,,,,,,,https://www.amazon.eg/dp/B0FN4DP22K,2026-06-07T05:57:34.060183
amazon,B0GJT1DG7X,KEEP GOING® Protein & Vitamin Bar Peanut Butter Caramel Nuts,,AR-Protein,EGP 80.53,,,4.6,,,,,,,https://m.media-amazon.com/images/I/51b3chuqVYL._AC_UL320_.jpg,https://m.media-amazon.com/images/I/51b3chuqVYL._AC_UL320_.jpg,,,,,,,,,,,https://www.amazon.eg/dp/B0GJT1DG7X,2026-06-07T05:57:34.060649
amazon,B0CHRQNSYW,Max Muscle Chocolate 38 Serving Max Pro Gainz 11 kg,,AR-Protein,"EGP 3,890.00",,,,,,,,,,https://m.media-amazon.com/images/I/611NH-VmHpL._AC_UL320_.jpg,https://m.media-amazon.com/images/I/611NH-VmHpL._AC_UL320_.jpg,,,,,,,,,,,https://www.amazon.eg/dp/B0CHRQNSYW,2026-06-07T05:57:34.061101
amazon,B0FN4BNZ2H,Red Rex Strawberry All in Isolate Protein Supplement 2040 g,,AR-Protein,"EGP 3,299.00",,,,,,,,,,https://m.media-amazon.com/images/I/716HmIFSUuL._AC_UL320_.jpg,https://m.media-amazon.com/images/I/716HmIFSUuL._AC_UL320_.jpg,,,,,,,,,,,https://www.amazon.eg/dp/B0FN4BNZ2H,2026-06-07T05:57:34.061533
amazon,B089N8LNWR,"Multi Collagen Protein Powder (Type I, II, III, V, X) with Hyaluronic Acid + Vitamin C | 5 Types of Food Based Collagen, Great in Coffee & Protein Drinks | Non-GMO Verified. 30 Servings (Unflavored)",,AR-Protein,"EGP 5,600.00",,,4.4,,,,,,,https://m.media-amazon.com/images/I/51M+d9UVsFL._AC_UL320_.jpg,https://m.media-amazon.com/images/I/51M+d9UVsFL._AC_UL320_.jpg,,,,,,,,,,,https://www.amazon.eg/dp/B089N8LNWR,2026-06-07T05:57:34.062028
amazon,B0855PRCBV,Dymatize ISO 100 – Fruity Pebbles – 3 LB,,AR-Protein,"EGP 4,300.00",,,4.7,,,,,,,https://m.media-amazon.com/images/I/81jeLvwLo5L._AC_UL320_.jpg,https://m.media-amazon.com/images/I/81jeLvwLo5L._AC_UL320_.jpg,,,,,,,,,,,https://www.amazon.eg/dp/B0855PRCBV,2026-06-07T05:57:34.062510
amazon,B0C2DTQVKJ,"Nutrex Research Chocolate Whey Protein Powder | 100% Whey Protein Supplement | Enhanced Muscle Builder & Recovery Protein with Digestive Enzymes for Men & Women - 25g Protein (Chocolate, 2 Pound)",,AR-Protein,"EGP 2,550.00",,,4.1,,,,,,,https://m.media-amazon.com/images/I/713RnqqcVXL._AC_UL320_.jpg,https://m.media-amazon.com/images/I/713RnqqcVXL._AC_UL320_.jpg,,,,,,,,,,,https://www.amazon.eg/dp/B0C2DTQVKJ,2026-06-07T05:57:34.063023
amazon,B0F2GK2ZWY,Kevin Levrone Gold Whey Protein 2 Kg | Snickers,,AR-Protein,"EGP 3,750.00",,,4.0,,,,,,,https://m.media-amazon.com/images/I/51vLeYJRlmL._AC_UL320_.jpg,https://m.media-amazon.com/images/I/51vLeYJRlmL._AC_UL320_.jpg,,,,,,,,,,,https://www.amazon.eg/dp/B0F2GK2ZWY,2026-06-07T05:57:34.063501
amazon,B0GJSXFPPM,KEEP GOING® Protein & Vitamin Bar Cookies & Cream Crunch,,AR-Protein,EGP 85.00,,,5.0,,,,,,,https://m.media-amazon.com/images/I/51BQHnwzmeL._AC_UL320_.jpg,https://m.media-amazon.com/images/I/51BQHnwzmeL._AC_UL320_.jpg,,,,,,,,,,,https://www.amazon.eg/dp/B0GJSXFPPM,2026-06-07T05:57:34.063952
amazon,B0GLHBBB2J,Keep Going Midnight Choco Ultimate Casein 960 g,,AR-Protein,"EGP 2,290.00",,,,,,,,,,https://m.media-amazon.com/images/I/61iq1kOYu3L._AC_UL320_.jpg,https://m.media-amazon.com/images/I/61iq1kOYu3L._AC_UL320_.jpg,,,,,,,,,,,https://www.amazon.eg/dp/B0GLHBBB2J,2026-06-07T05:57:34.064377
amazon,B0FN4C5Y96,Challenger Nutrition Gen 8 Protein Supplement 50 Servings Strawberry,,AR-Protein,"EGP 1,900.00",,,,,,,,,,https://m.media-amazon.com/images/I/51Ggtyo0gtL._AC_UL320_.jpg,https://m.media-amazon.com/images/I/51Ggtyo0gtL._AC_UL320_.jpg,,,,,,,,,,,https://www.amazon.eg/dp/B0FN4C5Y96,2026-06-07T05:57:34.064788
amazon,B07VM885TQ,Optimum Nutrition Serious Mass CHOCOLATE 6LB (4/CS),,AR-Protein,"EGP 3,500.00",,,4.2,,,,,,,https://m.media-amazon.com/images/I/71lp8j8K2dS._AC_UL320_.jpg,https://m.media-amazon.com/images/I/71lp8j8K2dS._AC_UL320_.jpg,,,,,,,,,,,https://www.amazon.eg/dp/B07VM885TQ,2026-06-07T05:57:34.065258
amazon,B0DKTR6Z1M,Victor Martinez Premium Whey Gold Cookies and Cream Protein Supplement 1995 g,,AR-Protein,"EGP 3,250.00",,,3.3,,,,,,,https://m.media-amazon.com/images/I/61zzJmMDQHL._AC_UL320_.jpg,https://m.media-amazon.com/images/I/61zzJmMDQHL._AC_UL320_.jpg,,,,,,,,,,,https://www.amazon.eg/dp/B0DKTR6Z1M,2026-06-07T05:57:34.065713
amazon,B0BRY7JS6Q,Imtenan Whey protein with vanilla flavor 250gm,,AR-Protein,,,,4.0,,,,,,,https://m.media-amazon.com/images/I/61XAGVgpn8L._AC_UL320_.jpg,https://m.media-amazon.com/images/I/61XAGVgpn8L._AC_UL320_.jpg,,,,,,,,,,,https://www.amazon.eg/dp/B0BRY7JS6Q,2026-06-07T05:57:38.062855
amazon,B07D9WSWFR,Vital Proteins Marine Collagen Unflavored - 18 servings - 221g (7.8 Oz),,AR-Protein,"EGP 4,937.00",,,4.4,,,,,,,https://m.media-amazon.com/images/I/715Phj33elL._AC_UL320_.jpg,https://m.media-amazon.com/images/I/715Phj33elL._AC_UL320_.jpg,,,,,,,,,,,https://www.amazon.eg/dp/B07D9WSWFR,2026-06-07T05:57:38.063374
amazon,B0FN4C96XC,Red Rex All in Isolate Cookies and Cream Supplement 2040 g,,AR-Protein,"EGP 3,299.00",,,,,,,,,,https://m.media-amazon.com/images/I/71TjyNHQUyL._AC_UL320_.jpg,https://m.media-amazon.com/images/I/71TjyNHQUyL._AC_UL320_.jpg,,,,,,,,,,,https://www.amazon.eg/dp/B0FN4C96XC,2026-06-07T05:57:38.063807
amazon,B0GFP5NBZZ,"humidifier Protein Cookie Dough HIGH PROTEIN HIGH PROTEIN FOOD SUPPLEMENT WITH SWEETENER, 1KG (25 Servings)",,AR-Protein,"EGP 5,000.00",,,,,,,,,,https://m.media-amazon.com/images/I/61PqOSdxrlL._AC_UL320_.jpg,https://m.media-amazon.com/images/I/61PqOSdxrlL._AC_UL320_.jpg,,,,,,,,,,,https://www.amazon.eg/dp/B0GFP5NBZZ,2026-06-07T05:57:38.064269
amazon,B0FD8H4G8S,Vegan Pea & Rice Protein – Banana Milkshake | 31 Servings | Plant-Based Protein Powder with BCAAs | Complete Amino Acid Profile | Lactose & Dairy-Free | Muscle Recovery Support,,AR-Protein,"EGP 1,450.00",,,3.0,,,,,,,https://m.media-amazon.com/images/I/61ReB5yPseL._AC_UL320_.jpg,https://m.media-amazon.com/images/I/61ReB5yPseL._AC_UL320_.jpg,,,,,,,,,,,https://www.amazon.eg/dp/B0FD8H4G8S,2026-06-07T05:57:38.064739
amazon,B0BRY815X8,Imtenan Whey protein cocoa flavor 500g,,AR-Protein,,,,4.1,,,,,,,https://m.media-amazon.com/images/I/71cau8pLAOL._AC_UL320_.jpg,https://m.media-amazon.com/images/I/71cau8pLAOL._AC_UL320_.jpg,,,,,,,,,,,https://www.amazon.eg/dp/B0BRY815X8,2026-06-07T05:57:38.065221
amazon,B0CNRYNXJG,Novogen mass gainer 2.7kg,,AR-Protein,"EGP 1,800.00",,,4.0,,,,,,,https://m.media-amazon.com/images/I/61fgb0Yz-qL._AC_UL320_.jpg,https://m.media-amazon.com/images/I/61fgb0Yz-qL._AC_UL320_.jpg,,,,,,,,,,,https://www.amazon.eg/dp/B0CNRYNXJG,2026-06-07T05:57:38.065701
amazon,B0B5W7ZBLC,Isolate protein bars blackhawk 16 mixed bars (30% protein),,AR-Protein,EGP 699.00,,,3.9,,,,,,,https://m.media-amazon.com/images/I/61LUbVjAPPL._AC_UL320_.jpg,https://m.media-amazon.com/images/I/61LUbVjAPPL._AC_UL320_.jpg,,,,,,,,,,,https://www.amazon.eg/dp/B0B5W7ZBLC,2026-06-07T05:57:38.066183
amazon,B09GMQB1PF,"Muscle Add | Whey Add Strawberry Milkshake (2040g, 60Serv)",,AR-Protein,"EGP 3,200.00",,,3.6,,,,,,,https://m.media-amazon.com/images/I/61IALcTz22L._AC_UL320_.jpg,https://m.media-amazon.com/images/I/61IALcTz22L._AC_UL320_.jpg,,,,,,,,,,,https://www.amazon.eg/dp/B09GMQB1PF,2026-06-07T05:57:38.066646
amazon,B0FN7M95RP,Yava Labs Chocolate Caramel Toffee Flavour Pure Iso Whey Protein Isolate 2 kg,,AR-Protein,"EGP 5,200.00",,,,,,,,,,https://m.media-amazon.com/images/I/51oorVfxCZL._AC_UL320_.jpg,https://m.media-amazon.com/images/I/51oorVfxCZL._AC_UL320_.jpg,,,,,,,,,,,https://www.amazon.eg/dp/B0FN7M95RP,2026-06-07T05:57:38.067079
amazon,B0BD969VKM,"Class A Advanced Chocolate Protein Bar, 70g",,AR-Protein,EGP 56.95,,,4.0,,,,,,,https://m.media-amazon.com/images/I/71KUlmNKIBL._AC_UL320_.jpg,https://m.media-amazon.com/images/I/71KUlmNKIBL._AC_UL320_.jpg,,,,,,,,,,,https://www.amazon.eg/dp/B0BD969VKM,2026-06-07T05:57:38.067588
amazon,B0FN49QPMP,Red Rex Strawberry All in Isolate Protein Supplement 1020 g,,AR-Protein,"EGP 2,999.00",,,,,,,,,,https://m.media-amazon.com/images/I/61BGu0LDXaL._AC_UL320_.jpg,https://m.media-amazon.com/images/I/61BGu0LDXaL._AC_UL320_.jpg,,,,,,,,,,,https://www.amazon.eg/dp/B0FN49QPMP,2026-06-07T05:57:38.068071
amazon,B0FRZ6SDQG,Pro Max Protein Bar Peanut Butter - 26g,,AR-Protein,EGP 75.00,,,5.0,,,,,,,https://m.media-amazon.com/images/I/51kHl5OevJL._AC_UL320_.jpg,https://m.media-amazon.com/images/I/51kHl5OevJL._AC_UL320_.jpg,,,,,,,,,,,https://www.amazon.eg/dp/B0FRZ6SDQG,2026-06-07T05:57:38.068537
amazon,B0F7RFSLZK,ON PERFORMANCE WHEY GF CHOCOLATE MILKSHAKE 1.95KG,,AR-Protein,"EGP 3,500.00",,,,,,,,,,https://m.media-amazon.com/images/I/61P6zMU0z3L._AC_UL320_.jpg,https://m.media-amazon.com/images/I/61P6zMU0z3L._AC_UL320_.jpg,,,,,,,,,,,https://www.amazon.eg/dp/B0F7RFSLZK,2026-06-07T05:57:38.068961
amazon,B0B8H9JKJ6,Olé Nutrients 225g Unflavored Pea Protein Powder,,AR-Protein,"EGP 1,250.00",,,,,,,,,,https://m.media-amazon.com/images/I/81QvUvHGygL._AC_UL320_.jpg,https://m.media-amazon.com/images/I/81QvUvHGygL._AC_UL320_.jpg,,,,,,,,,,,https://www.amazon.eg/dp/B0B8H9JKJ6,2026-06-07T05:57:38.069388
amazon,B0DVS6GHJS,"Whey Protein Isolate, Unflavored, 1 lb (454g)",,AR-Protein,"EGP 2,799.99",,,4.6,,,,,,,https://m.media-amazon.com/images/I/61PurFDZgWL._AC_UL320_.jpg,https://m.media-amazon.com/images/I/61PurFDZgWL._AC_UL320_.jpg,,,,,,,,,,,https://www.amazon.eg/dp/B0DVS6GHJS,2026-06-07T05:57:38.069858
amazon,B0CX59XTDX,"Applied Nutrition Critical Plant - Protein Powder - Vegan Protein Powder with Soy, Peas and Rice Proteins & Essential Amino Acids (1.8 kg, Chocolate)",,AR-Protein,"EGP 6,650.00",,,4.2,,,,,,,https://m.media-amazon.com/images/I/71awD4Sk3sL._AC_UL320_.jpg,https://m.media-amazon.com/images/I/71awD4Sk3sL._AC_UL320_.jpg,,,,,,,,,,,https://www.amazon.eg/dp/B0CX59XTDX,2026-06-07T05:57:38.070374
amazon,B0FMGTW8LD,Ultimate Whey Digestive Enzymes+ French Vanilla,,AR-Protein,"EGP 2,208.31",,,4.1,,,,,,,https://m.media-amazon.com/images/I/61WfM3A8PNL._AC_UL320_.jpg,https://m.media-amazon.com/images/I/61WfM3A8PNL._AC_UL320_.jpg,,,,,,,,,,,https://www.amazon.eg/dp/B0FMGTW8LD,2026-06-07T05:57:38.070836
amazon,B0F2GWKRW5,Kevin Levrone Gold Whey Protein 2 Kg | Chocolate,,AR-Protein,"EGP 3,650.00",,,,,,,,,,https://m.media-amazon.com/images/I/51KLqSprpFL._AC_UL320_.jpg,https://m.media-amazon.com/images/I/51KLqSprpFL._AC_UL320_.jpg,,,,,,,,,,,https://www.amazon.eg/dp/B0F2GWKRW5,2026-06-07T05:57:38.071271
amazon,B0015R36XU,"Optimum Nutrition (ON) Serious Mass, Weight Gainer Protein Powder, Mass Gainer, Vitamin C and Zinc for Immune Support, Creatine, Strawberry, 6 Pound (Packaging May Vary)",,AR-Protein,,,,4.3,,,,,,,https://m.media-amazon.com/images/I/71qvRXBwmwL._AC_UL320_.jpg,https://m.media-amazon.com/images/I/71qvRXBwmwL._AC_UL320_.jpg,,,,,,,,,,,https://www.amazon.eg/dp/B0015R36XU,2026-06-07T05:57:38.071720
amazon,B0FN7KP6JQ,Yava Labs Elite Strawberry Ice Cream Whey Protein 2 kg,,AR-Protein,"EGP 4,200.00",,,,,,,,,,https://m.media-amazon.com/images/I/61bDFZkEzRL._AC_UL320_.jpg,https://m.media-amazon.com/images/I/61bDFZkEzRL._AC_UL320_.jpg,,,,,,,,,,,https://www.amazon.eg/dp/B0FN7KP6JQ,2026-06-07T05:57:38.072170
amazon,B0DKG3R5RY,"Applied Nutrition Protein Cookie Dough 1kg – High Protein Snack, Over 22g of Protein Per Serving, Ready-to-Eat– Low Calorie, Healthy Treat (1kg – 25 Servings) (Double Chocolate)",,AR-Protein,,,,3.7,,,,,,,https://m.media-amazon.com/images/I/81Fo5Of8lpL._AC_UL320_.jpg,https://m.media-amazon.com/images/I/81Fo5Of8lpL._AC_UL320_.jpg,,,,,,,,,,,https://www.amazon.eg/dp/B0DKG3R5RY,2026-06-07T05:57:38.072624
amazon,B0DKTPYXQX,Victor Martinez Premium Whey Gold Strawberry Protein Supplement 1995 g,,AR-Protein,"EGP 3,250.00",,,5.0,,,,,,,https://m.media-amazon.com/images/I/61Zxza3tNbL._AC_UL320_.jpg,https://m.media-amazon.com/images/I/61Zxza3tNbL._AC_UL320_.jpg,,,,,,,,,,,https://www.amazon.eg/dp/B0DKTPYXQX,2026-06-07T05:57:38.073108
amazon,B0FN4CK2JL,Challenger Nutrition Gen 8 Protein 50 Servings Vanilla,,AR-Protein,"EGP 1,900.00",,,1.0,,,,,,,https://m.media-amazon.com/images/I/51SI-iQvX3L._AC_UL320_.jpg,https://m.media-amazon.com/images/I/51SI-iQvX3L._AC_UL320_.jpg,,,,,,,,,,,https://www.amazon.eg/dp/B0FN4CK2JL,2026-06-07T05:57:38.073563
amazon,B0DZXPDFDG,"Muscle Add 60 Serving Iso Add Plus Whey Protein Supplement 2040 g, Chocolate Ice Cream",,AR-Protein,"EGP 3,900.00",,,,,,,,,,https://m.media-amazon.com/images/I/71Yirl22ofL._AC_UL320_.jpg,https://m.media-amazon.com/images/I/71Yirl22ofL._AC_UL320_.jpg,,,,,,,,,,,https://www.amazon.eg/dp/B0DZXPDFDG,2026-06-07T05:57:42.092928
amazon,B0FV24VDYY,Iso Pro Pure-40Serv.-1000G-Milk Choco,,AR-Protein,"EGP 2,350.00",,,,,,,,,,https://m.media-amazon.com/images/I/51c2j9gtaUL._AC_UL320_.jpg,https://m.media-amazon.com/images/I/51c2j9gtaUL._AC_UL320_.jpg,,,,,,,,,,,https://www.amazon.eg/dp/B0FV24VDYY,2026-06-07T05:57:42.093414
amazon,B0FLW9J9TQ,"EVOLVE Premium Whey Protein Powder – High-Quality Lean Muscle Builder, Recovery & Performance Fuel Fast & Slow–Great Taste & Easy Mix",,AR-Protein,"EGP 3,100.00",,,,,,,,,,https://m.media-amazon.com/images/I/4163fAWSmGL._AC_UL320_.jpg,https://m.media-amazon.com/images/I/4163fAWSmGL._AC_UL320_.jpg,,,,,,,,,,,https://www.amazon.eg/dp/B0FLW9J9TQ,2026-06-07T05:57:42.093853
amazon,B0GLHKTRYH,Keep Going Coffee Frappe Ultimate Whey Digestive Enzymes 1050 g,,AR-Protein,"EGP 2,690.00",,,1.0,,,,,,,https://m.media-amazon.com/images/I/51ENRBec7VL._AC_UL320_.jpg,https://m.media-amazon.com/images/I/51ENRBec7VL._AC_UL320_.jpg,,,,,,,,,,,https://www.amazon.eg/dp/B0GLHKTRYH,2026-06-07T05:57:42.094351
amazon,B0DJT92BY7,Hydro Whey Protein Isolate-67Serv - Chocolate Fudgeg,,AR-Protein,"EGP 4,450.00",,,,,,,,,,https://m.media-amazon.com/images/I/61OpQ98pY6L._AC_UL320_.jpg,https://m.media-amazon.com/images/I/61OpQ98pY6L._AC_UL320_.jpg,,,,,,,,,,,https://www.amazon.eg/dp/B0DJT92BY7,2026-06-07T05:57:42.094863
amazon,B0FN7LFDBM,Yava Labs Elite Cookies and Cream Whey Protein 2 kg,,AR-Protein,"EGP 4,200.00",,,,,,,,,,https://m.media-amazon.com/images/I/51JmyS0RxPL._AC_UL320_.jpg,https://m.media-amazon.com/images/I/51JmyS0RxPL._AC_UL320_.jpg,,,,,,,,,,,https://www.amazon.eg/dp/B0FN7LFDBM,2026-06-07T05:57:42.095329
amazon,B08ZNS8YG1,Advanced sports nutrition (asn) | advanced protein bar | coconut | 12 bars | 20g protein | whey protein | milk protein | soy protein | low carb | low sugar | zero fat | gluten-free,,AR-Protein,EGP 680.39,,,3.9,,,,,,,https://m.media-amazon.com/images/I/716OQDD8+WL._AC_UL320_.jpg,https://m.media-amazon.com/images/I/716OQDD8+WL._AC_UL320_.jpg,,,,,,,,,,,https://www.amazon.eg/dp/B08ZNS8YG1,2026-06-07T05:57:42.095813
amazon,B076Y7TGHY,Muscletech Nitro Tech Whey Gold - 2.5 kg Cookies and Cream,,AR-Protein,"EGP 4,650.00",,,3.7,,,,,,,https://m.media-amazon.com/images/I/71gDbbyEdlL._AC_UL320_.jpg,https://m.media-amazon.com/images/I/71gDbbyEdlL._AC_UL320_.jpg,,,,,,,,,,,https://www.amazon.eg/dp/B076Y7TGHY,2026-06-07T05:57:42.096307
amazon,B0FSDYQBTN,"Novogen Mass Gainer Protein Powder, 5.40 kg, 50g Protein, 252g Carbs, Strawberry Milkshake, 16 Servings",,AR-Protein,"EGP 2,750.00",,,,,,,,,,https://m.media-amazon.com/images/I/61fuf-Lx1fL._AC_UL320_.jpg,https://m.media-amazon.com/images/I/61fuf-Lx1fL._AC_UL320_.jpg,,,,,,,,,,,https://www.amazon.eg/dp/B0FSDYQBTN,2026-06-07T05:57:42.096712
amazon,B0BRY7YH5Y,Whey protein strawberry flavor 250gm,,AR-Protein,,,,3.7,,,,,,,https://m.media-amazon.com/images/I/61SGk7Nz6aL._AC_UL320_.jpg,https://m.media-amazon.com/images/I/61SGk7Nz6aL._AC_UL320_.jpg,,,,,,,,,,,https://www.amazon.eg/dp/B0BRY7YH5Y,2026-06-07T05:57:42.097194
amazon,B0FN49NLHS,Red Rex Chocolate Peanut Butter All in Protein Supplement 960 g,,AR-Protein,"EGP 1,223.79","EGP 1,299.00",,2.7,List:,,,,,,https://m.media-amazon.com/images/I/61Ch6fpwV1L._AC_UL320_.jpg,https://m.media-amazon.com/images/I/61Ch6fpwV1L._AC_UL320_.jpg,,,,,,,,,,,https://www.amazon.eg/dp/B0FN49NLHS,2026-06-07T05:57:42.097728
amazon,B0FTZZYR8L,Iso Pro Pure-40Serv.-1000G-Vanilla,,AR-Protein,"EGP 2,350.00",,,,,,,,,,https://m.media-amazon.com/images/I/41cjpr3OL5L._AC_UL320_.jpg,https://m.media-amazon.com/images/I/41cjpr3OL5L._AC_UL320_.jpg,,,,,,,,,,,https://www.amazon.eg/dp/B0FTZZYR8L,2026-06-07T05:57:42.098168
amazon,B07RRW9D1G,"Optimum Nutrition Gold Standard 100% Whey Protein Cookies with Cream, 2.15 kg",,AR-Protein,"EGP 6,300.00",,,4.7,,,,,,,https://m.media-amazon.com/images/I/51FCK2MLRCL._AC_UL320_.jpg,https://m.media-amazon.com/images/I/51FCK2MLRCL._AC_UL320_.jpg,,,,,,,,,,,https://www.amazon.eg/dp/B07RRW9D1G,2026-06-07T05:57:42.098632
amazon,B0FN4CPRGG,Red Rex Vanilla All in Isolate Protein Supplement 2040 g,,AR-Protein,"EGP 2,939.41",,,,,,,,,,https://m.media-amazon.com/images/I/71rSMtIo1RL._AC_UL320_.jpg,https://m.media-amazon.com/images/I/71rSMtIo1RL._AC_UL320_.jpg,,,,,,,,,,,https://www.amazon.eg/dp/B0FN4CPRGG,2026-06-07T05:57:42.099069
amazon,B08ZNTSMXX,ASN Advanced sports nutrition (asn) | advanced protein bar | 20g protein | whey protein | milk protein | soy protein | low carb | low sugar | zero fat | gluten-free | 70g | 12 bars | peanut butter,,AR-Protein,EGP 680.39,,,3.8,,,,,,,https://m.media-amazon.com/images/I/71Bs3+9b6dL._AC_UL320_.jpg,https://m.media-amazon.com/images/I/71Bs3+9b6dL._AC_UL320_.jpg,,,,,,,,,,,https://www.amazon.eg/dp/B08ZNTSMXX,2026-06-07T05:57:42.099545
amazon,B0F1LTSQ4T,Muscle Add | Whey Add Plus | Chocolate Peanut butter ice cream | 60Serv.-2040G,,AR-Protein,"EGP 3,150.00",,,,,,,,,,https://m.media-amazon.com/images/I/61W2PaADgUL._AC_UL320_.jpg,https://m.media-amazon.com/images/I/61W2PaADgUL._AC_UL320_.jpg,,,,,,,,,,,https://www.amazon.eg/dp/B0F1LTSQ4T,2026-06-07T05:57:42.099959
amazon,B0FVWJVJ4D,"Kevin Levrone, Gold Iso | Whey Protein isolate | Bunty flavour | 2kg, 66 Servings",,AR-Protein,"EGP 4,850.00",,,,,,,,,,https://m.media-amazon.com/images/I/51tRTXGvAxL._AC_UL320_.jpg,https://m.media-amazon.com/images/I/51tRTXGvAxL._AC_UL320_.jpg,,,,,,,,,,,https://www.amazon.eg/dp/B0FVWJVJ4D,2026-06-07T05:57:42.100394
amazon,B0FN7LGPNG,Yava Labs Cookies with Cream Flavour Pure Iso Whey Protein Isolate 2 kg,,AR-Protein,"EGP 5,200.00",,,,,,,,,,https://m.media-amazon.com/images/I/51vx-ixvOGL._AC_UL320_.jpg,https://m.media-amazon.com/images/I/51vx-ixvOGL._AC_UL320_.jpg,,,,,,,,,,,https://www.amazon.eg/dp/B0FN7LGPNG,2026-06-07T05:57:42.100802
amazon,B08ZNSBMG8,Advanced Whey Protein with Chocolate Flavor (990g),,AR-Protein,"EGP 2,550.00",,,3.6,,,,,,,https://m.media-amazon.com/images/I/61aHLkYDbIL._AC_UL320_.jpg,https://m.media-amazon.com/images/I/61aHLkYDbIL._AC_UL320_.jpg,,,,,,,,,,,https://www.amazon.eg/dp/B08ZNSBMG8,2026-06-07T05:57:42.101274
amazon,B0FV2195V9,Iso Pro Pure-40Serv.-1000G-Cookies & Cream,,AR-Protein,"EGP 2,350.00",,,,,,,,,,https://m.media-amazon.com/images/I/41jyPd8hmFL._AC_UL320_.jpg,https://m.media-amazon.com/images/I/41jyPd8hmFL._AC_UL320_.jpg,,,,,,,,,,,https://www.amazon.eg/dp/B0FV2195V9,2026-06-07T05:57:42.101698
amazon,B0FXSNQ4XQ,"Carnivor Amino Tablets | 300 Count | Hydrolyzed Protein Source | Natural Amino Acid Support | Gluten Free, Non-GMO",,AR-Protein,"EGP 2,000.00",,,,,,,,,,https://m.media-amazon.com/images/I/51SM0ozAtwL._AC_UL320_.jpg,https://m.media-amazon.com/images/I/51SM0ozAtwL._AC_UL320_.jpg,,,,,,,,,,,https://www.amazon.eg/dp/B0FXSNQ4XQ,2026-06-07T05:57:42.102116
amazon,B098RX87V2,"Vital Proteins Collagen Peptides Powder - Supports Hair, Nails, Skin, Bones & Joint Health - Chocolate, 13.5 oz, Pack of 1",,AR-Protein,"EGP 4,700.00",,,4.4,,,,,,,https://m.media-amazon.com/images/I/71pQlnHG4HL._AC_UL320_.jpg,https://m.media-amazon.com/images/I/71pQlnHG4HL._AC_UL320_.jpg,,,,,,,,,,,https://www.amazon.eg/dp/B098RX87V2,2026-06-07T05:57:42.102628
amazon,B0CLKLN9SJ,Monto Protein 300.0g Sachet 1,,AR-Protein,EGP 235.00,,,5.0,,,,,,,https://m.media-amazon.com/images/I/616h6Aw5TTL._AC_UL320_.jpg,https://m.media-amazon.com/images/I/616h6Aw5TTL._AC_UL320_.jpg,,,,,,,,,,,https://www.amazon.eg/dp/B0CLKLN9SJ,2026-06-07T05:57:42.103107
amazon,B0DGDMVPHD,EverBuild Nutrition Ultra Premium 100% Beef Proten Iso | 51 serv.| vanilla shake,,AR-Protein,"EGP 3,750.00",,,,,,,,,,https://m.media-amazon.com/images/I/61aWxQHU47L._AC_UL320_.jpg,https://m.media-amazon.com/images/I/61aWxQHU47L._AC_UL320_.jpg,,,,,,,,,,,https://www.amazon.eg/dp/B0DGDMVPHD,2026-06-07T05:57:42.103602
amazon,B0DJM399RN,Mass gainer (8 servings) - 50g of high quality protein - 252g carbohydrates and 1250 calories,,AR-Protein,"EGP 1,850.00",,,5.0,,,,,,,https://m.media-amazon.com/images/I/51Ul+IaqHQL._AC_UL320_.jpg,https://m.media-amazon.com/images/I/51Ul+IaqHQL._AC_UL320_.jpg,,,,,,,,,,,https://www.amazon.eg/dp/B0DJM399RN,2026-06-07T05:57:45.951904
amazon,B0D33LK6HP,"Fit Bar 30% Whey Protein Bar 70 g, Chocolate",,AR-Protein,EGP 60.00,,,4.2,,,,,,,https://m.media-amazon.com/images/I/510XvFYLeXL._AC_UL320_.jpg,https://m.media-amazon.com/images/I/510XvFYLeXL._AC_UL320_.jpg,,,,,,,,,,,https://www.amazon.eg/dp/B0D33LK6HP,2026-06-07T05:57:45.952432
amazon,B0BDXH6R1V,"Challenger nutrition - 100% whey protein, chocolate, 2.276 kg",,AR-Protein,"EGP 3,799.00",,,3.5,,,,,,,https://m.media-amazon.com/images/I/71yU7EkTLHL._AC_UL320_.jpg,https://m.media-amazon.com/images/I/71yU7EkTLHL._AC_UL320_.jpg,,,,,,,,,,,https://www.amazon.eg/dp/B0BDXH6R1V,2026-06-07T05:57:45.952887
amazon,B0DVWY37H9,THORNE - Whey Protein Isolate - 21 Grams of Easy-to-Digest Whey Protein Powder - NSF Certified for Sport - Chocolate - 14.79 Ounces - 14 Packets,,AR-Protein,"EGP 5,999.00",,,4.4,,,,,,,https://m.media-amazon.com/images/I/71F5HA2eKDL._AC_UL320_.jpg,https://m.media-amazon.com/images/I/71F5HA2eKDL._AC_UL320_.jpg,,,,,,,,,,,https://www.amazon.eg/dp/B0DVWY37H9,2026-06-07T05:57:45.953372
amazon,B0FX5K9RRL,Zero Protein Bar 70G (24G Protein) Box of 16 bars (White Or),,AR-Protein,EGP 849.00,,,,,,,,,,https://m.media-amazon.com/images/I/61XN6XzHOrL._AC_UL320_.jpg,https://m.media-amazon.com/images/I/61XN6XzHOrL._AC_UL320_.jpg,,,,,,,,,,,https://www.amazon.eg/dp/B0FX5K9RRL,2026-06-07T05:57:45.953780
amazon,B07RSX4KTV,"Optimum Nutrition Gold Standard 100% Whey Protein Powder, 2.240g - Cookies & Cream - 68 servings (packaging may vary)",,AR-Protein,"EGP 6,300.00",,,4.3,,,,,,,https://m.media-amazon.com/images/I/81lBUlw3E9L._AC_UL320_.jpg,https://m.media-amazon.com/images/I/81lBUlw3E9L._AC_UL320_.jpg,,,,,,,,,,,https://www.amazon.eg/dp/B07RSX4KTV,2026-06-07T05:57:45.954289
amazon,B0GX6LYCQX,Zero Legend Protein Bar with Ashwagandha 22G Protein Box of 16 Bars (Mix),,AR-Protein,EGP 849.00,,,4.0,,,,,,,https://m.media-amazon.com/images/I/81uqTCZOLYL._AC_UL320_.jpg,https://m.media-amazon.com/images/I/81uqTCZOLYL._AC_UL320_.jpg,,,,,,,,,,,https://www.amazon.eg/dp/B0GX6LYCQX,2026-06-07T05:57:45.954758
amazon,B0FRN9XD3R,"Whey Isolate Protein Powder – Milk Strawberry Flavor – 1000g Tub – 30 Servings – High Quality Protein Isolate for Lean Muscle Recovery & Strength – Non-GMO, Gluten-Free",,AR-Protein,"EGP 2,299.00",,,,,,,,,,https://m.media-amazon.com/images/I/71qBfYUdMBL._AC_UL320_.jpg,https://m.media-amazon.com/images/I/71qBfYUdMBL._AC_UL320_.jpg,,,,,,,,,,,https://www.amazon.eg/dp/B0FRN9XD3R,2026-06-07T05:57:45.955199
amazon,B0FN4C9N6K,Red Rex Golden Banana Oat Protein Supplement 1800 g,,AR-Protein,"EGP 1,900.00",,,,,,,,,,https://m.media-amazon.com/images/I/71rQqATRzcL._AC_UL320_.jpg,https://m.media-amazon.com/images/I/71rQqATRzcL._AC_UL320_.jpg,,,,,,,,,,,https://www.amazon.eg/dp/B0FN4C9N6K,2026-06-07T05:57:45.955622
amazon,B000GIQT2O,"Optimum Nutrition (ON) Gold Standard 100% Whey Protein Powder, for Muscle Support & Recovery, Primary Source Whey Protein Isolate - Double Rich Chocolate, 10 lbs",,AR-Protein,"EGP 11,000.00",,,3.6,,,,,,,https://m.media-amazon.com/images/I/81P8nkXeWwL._AC_UL320_.jpg,https://m.media-amazon.com/images/I/81P8nkXeWwL._AC_UL320_.jpg,,,,,,,,,,,https://www.amazon.eg/dp/B000GIQT2O,2026-06-07T05:57:45.956127
amazon,B0FN48PN7B,Red Rex All in Chocolate Peanut Butter Protein Supplement 1920 g,,AR-Protein,"EGP 2,499.00",,,,,,,,,,https://m.media-amazon.com/images/I/71R-5qMb4qL._AC_UL320_.jpg,https://m.media-amazon.com/images/I/71R-5qMb4qL._AC_UL320_.jpg,,,,,,,,,,,https://www.amazon.eg/dp/B0FN48PN7B,2026-06-07T05:57:45.956553
amazon,B0DKPBVNT7,Ultra Premium 100% Beef Proten Iso | 51 serv.| Deluxe Chocolate.,,AR-Protein,"EGP 3,750.00",,,,,,,,,,https://m.media-amazon.com/images/I/41BBQlysCAL._AC_UL320_.jpg,https://m.media-amazon.com/images/I/41BBQlysCAL._AC_UL320_.jpg,,,,,,,,,,,https://www.amazon.eg/dp/B0DKPBVNT7,2026-06-07T05:57:45.956990
amazon,B00J2HONPK,Rule1 R1 PROTEIN 76 SERV CHOCOLATE FUDGE 5.03LB : 00405,,AR-Protein,"EGP 7,400.00",,,4.6,,,,,,,https://m.media-amazon.com/images/I/71MDgCINI6L._AC_UL320_.jpg,https://m.media-amazon.com/images/I/71MDgCINI6L._AC_UL320_.jpg,,,,,,,,,,,https://www.amazon.eg/dp/B00J2HONPK,2026-06-07T05:57:45.957457
amazon,B0FR9CDD1D,"Super Muscle Mass | Advanced Muscle Gainer | 15lb | High Calorie Supplement with Protein, Carbohydrates & Nutritional Support",,AR-Protein,"EGP 2,350.00",,,,,,,,,,https://m.media-amazon.com/images/I/610rQIjsFCL._AC_UL320_.jpg,https://m.media-amazon.com/images/I/610rQIjsFCL._AC_UL320_.jpg,,,,,,,,,,,https://www.amazon.eg/dp/B0FR9CDD1D,2026-06-07T05:57:45.957863
amazon,B0FSDWZPYG,"Novogen Mass Gainer Protein Powder, 5.40 kg, 50g Protein, 252g Carbs, Double Chocolate, 16 Servings",,AR-Protein,"EGP 2,750.00",,,1.0,,,,,,,https://m.media-amazon.com/images/I/41KM80tq5RL._AC_UL320_.jpg,https://m.media-amazon.com/images/I/41KM80tq5RL._AC_UL320_.jpg,,,,,,,,,,,https://www.amazon.eg/dp/B0FSDWZPYG,2026-06-07T05:57:45.958350
amazon,B0DLBVVHYJ,100% Whey High Quality -26 Serv.-Banana,,AR-Protein,"EGP 3,050.00",,,5.0,,,,,,,https://m.media-amazon.com/images/I/61UjI4Zj+LL._AC_UL320_.jpg,https://m.media-amazon.com/images/I/61UjI4Zj+LL._AC_UL320_.jpg,,,,,,,,,,,https://www.amazon.eg/dp/B0DLBVVHYJ,2026-06-07T05:57:45.958822
amazon,B0BGJHS6P6,"Challenger nutrition - whey isolate, strawberry, 0.91 kg",,AR-Protein,"EGP 3,100.00",,,3.6,,,,,,,https://m.media-amazon.com/images/I/71io45KKdjL._AC_UL320_.jpg,https://m.media-amazon.com/images/I/71io45KKdjL._AC_UL320_.jpg,,,,,,,,,,,https://www.amazon.eg/dp/B0BGJHS6P6,2026-06-07T05:57:45.959370
amazon,B0D5PWRJXX,"Dy Nutrition Shadowhey Isolate 100% Whey Protein Isolate, 66Serv, 2000G - Vanilla and Caramel",,AR-Protein,"EGP 5,200.00",,,,,,,,,,https://m.media-amazon.com/images/I/61QhezOkauL._AC_UL320_.jpg,https://m.media-amazon.com/images/I/61QhezOkauL._AC_UL320_.jpg,,,,,,,,,,,https://www.amazon.eg/dp/B0D5PWRJXX,2026-06-07T05:57:45.959806
amazon,B0FRWTGXRZ,Pro Max Protein Bar Cconut Almond - 26g,,AR-Protein,EGP 75.00,,,5.0,,,,,,,https://m.media-amazon.com/images/I/51dUWWnEwuL._AC_UL320_.jpg,https://m.media-amazon.com/images/I/51dUWWnEwuL._AC_UL320_.jpg,,,,,,,,,,,https://www.amazon.eg/dp/B0FRWTGXRZ,2026-06-07T05:57:45.960379
amazon,B0F7JZJP72,Yava labs | Whey camp + creatine 2kg | Strawberry Ice Cream,,AR-Protein,"EGP 4,550.00",,,,,,,,,,https://m.media-amazon.com/images/I/61Ek79uyuFL._AC_UL320_.jpg,https://m.media-amazon.com/images/I/61Ek79uyuFL._AC_UL320_.jpg,,,,,,,,,,,https://www.amazon.eg/dp/B0F7JZJP72,2026-06-07T05:57:45.960821
amazon,B0FLB6KHHV,"Challenger nutrition - 100% whey protein, chocolate, 0.99 kg (Pack of 2)",,AR-Protein,"EGP 3,598.00",,,4.0,,,,,,,https://m.media-amazon.com/images/I/715l+WukZiL._AC_UL320_.jpg,https://m.media-amazon.com/images/I/715l+WukZiL._AC_UL320_.jpg,,,,,,,,,,,https://www.amazon.eg/dp/B0FLB6KHHV,2026-06-07T05:57:45.961349
amazon,B09GMQVMHH,Organic Nation | Secrets Protein Bar | Full of Nutrients | Rich with Protein | Boosts Energy | Weight Loss | Diet Friendly | 25g Protein | 275 Calories | 70g | Mocha,,AR-Protein,EGP 75.00,EGP 78.95,,4.7,Was:,,,,,,https://m.media-amazon.com/images/I/51GtDZFU93L._AC_UL320_.jpg,https://m.media-amazon.com/images/I/51GtDZFU93L._AC_UL320_.jpg,,,,,,,,,,,https://www.amazon.eg/dp/B09GMQVMHH,2026-06-07T05:57:45.961886
amazon,B0CHB33TXJ,Muscletech MASS TECH EXTREME 2000 HIGH PROTIEN MASS GAINER CHOCOLATE BROWNIE 12.00 LBS (5.44KG),,AR-Protein,"EGP 4,850.00",,,3.5,,,,,,,https://m.media-amazon.com/images/I/61SE5t0yDBL._AC_UL320_.jpg,https://m.media-amazon.com/images/I/61SE5t0yDBL._AC_UL320_.jpg,,,,,,,,,,,https://www.amazon.eg/dp/B0CHB33TXJ,2026-06-07T05:57:45.962403
amazon,B0G1TL135G,"Clear ISO Shake Protein | 750g (30 Servings) | Lemon Mint Flavor | Refreshing Clear Whey Formula | Light, Smooth & Easy to Digest",,AR-Protein,"EGP 4,000.00",,,,,,,,,,https://m.media-amazon.com/images/I/51SdVciy9uL._AC_UL320_.jpg,https://m.media-amazon.com/images/I/51SdVciy9uL._AC_UL320_.jpg,,,,,,,,,,,https://www.amazon.eg/dp/B0G1TL135G,2026-06-07T05:57:45.962815
amazon,B0BZ8TLHDH,Lite Bite 30 g Whey Protein Bar - Chocolate Brownies - 70 g,,AR-Protein,EGP 79.99,,,4.2,,,,,,,https://m.media-amazon.com/images/I/61aWPsgx3JL._AC_UL320_.jpg,https://m.media-amazon.com/images/I/61aWPsgx3JL._AC_UL320_.jpg,,,,,,,,,,,https://www.amazon.eg/dp/B0BZ8TLHDH,2026-06-07T05:57:48.771698
amazon,B0FN4DHXXZ,Red Rex Choco Nova Oat Protein Supplement 1800 g,,AR-Protein,"EGP 1,900.00",,,,,,,,,,https://m.media-amazon.com/images/I/71qXAJeYN-L._AC_UL320_.jpg,https://m.media-amazon.com/images/I/71qXAJeYN-L._AC_UL320_.jpg,,,,,,,,,,,https://www.amazon.eg/dp/B0FN4DHXXZ,2026-06-07T05:57:48.772143
amazon,B0DLBSWGLF,"Adonis Protein Cookie Dough | 21.5g of Casein Protein with 3.3g Fat and 6.1g Carbs | High Fiber Protein Cookie with Real Choco Chips, Low Carb & Gluten Free (Salted Caramel Chocolate Chip,1 kg)",,AR-Protein,"EGP 6,250.00",,,4.4,,,,,,,https://m.media-amazon.com/images/I/71yZ-pkQeDL._AC_UL320_.jpg,https://m.media-amazon.com/images/I/71yZ-pkQeDL._AC_UL320_.jpg,,,,,,,,,,,https://www.amazon.eg/dp/B0DLBSWGLF,2026-06-07T05:57:48.772612
amazon,B0G2FM83R6,"Marvelous Nutrition | Hydrowhey Protein Powder, 100% Hydrolyzed Whey Protein Isolate Powder, Flavor: Vanilla, 67Servings",,AR-Protein,"EGP 4,750.00",,,,,,,,,,https://m.media-amazon.com/images/I/512X8daaSGL._AC_UL320_.jpg,https://m.media-amazon.com/images/I/512X8daaSGL._AC_UL320_.jpg,,,,,,,,,,,https://www.amazon.eg/dp/B0G2FM83R6,2026-06-07T05:57:48.773059
amazon,B0BZ8XYZQ1,Lite Bite 30 g Whey Protein Bar - Red Velvet - 70 g,,AR-Protein,EGP 71.99,EGP 77.00,,3.6,List:,,,,,,https://m.media-amazon.com/images/I/61uqAH0KRXL._AC_UL320_.jpg,https://m.media-amazon.com/images/I/61uqAH0KRXL._AC_UL320_.jpg,,,,,,,,,,,https://www.amazon.eg/dp/B0BZ8XYZQ1,2026-06-07T05:57:48.773643
amazon,B0FSDWQHV9,"Novogen Whey Protein Isolate, Strawberry Milkshake, 2 kg, 26g Protein per Serving, 60 Servings",,AR-Protein,,,,,,,,,,,https://m.media-amazon.com/images/I/61tVp66btqL._AC_UL320_.jpg,https://m.media-amazon.com/images/I/61tVp66btqL._AC_UL320_.jpg,,,,,,,,,,,https://www.amazon.eg/dp/B0FSDWQHV9,2026-06-07T05:57:48.774098
amazon,B0DWSZ9G6N,Muscle Add Chocolate Hydro Beef Add 100% Hydrolyzed Beef Protein Powder 1960 g,,AR-Protein,"EGP 3,499.00",,,,,,,,,,https://m.media-amazon.com/images/I/611AD7kOCIL._AC_UL320_.jpg,https://m.media-amazon.com/images/I/611AD7kOCIL._AC_UL320_.jpg,,,,,,,,,,,https://www.amazon.eg/dp/B0DWSZ9G6N,2026-06-07T05:57:48.774525
amazon,B0D586GL5J,Zero Protein Bar 50 Gm Box of 16 PCs (16 Gm Protein) Mix,,AR-Protein,EGP 649.00,,,5.0,,,,,,,https://m.media-amazon.com/images/I/61ZwA7i9xTL._AC_UL320_.jpg,https://m.media-amazon.com/images/I/61ZwA7i9xTL._AC_UL320_.jpg,,,,,,,,,,,https://www.amazon.eg/dp/B0D586GL5J,2026-06-07T05:57:48.774993
amazon,B07B1BXLBK,ON LAPAC 100 WGS GF VAN ICE CRM 4.54KG,,AR-Protein,"EGP 10,950.00",,,4.2,,,,,,,https://m.media-amazon.com/images/I/813SkUTwoyL._AC_UL320_.jpg,https://m.media-amazon.com/images/I/813SkUTwoyL._AC_UL320_.jpg,,,,,,,,,,,https://www.amazon.eg/dp/B07B1BXLBK,2026-06-07T05:57:48.775473
amazon,B0FRN5YFJQ,Whey Isolate Protein Powder – Strawberry Flavor – 1800g Tub – 60 Servings – Lean Muscle Recovery & Strength Support – Non-GMO & Gluten-Free,,AR-Protein,"EGP 3,000.00",,,,,,,,,,https://m.media-amazon.com/images/I/71g09vq22EL._AC_UL320_.jpg,https://m.media-amazon.com/images/I/71g09vq22EL._AC_UL320_.jpg,,,,,,,,,,,https://www.amazon.eg/dp/B0FRN5YFJQ,2026-06-07T05:57:48.775879
amazon,B0BMQN2S3V,Isolate protein bars (16) blackhawk 30% protein (Hazelnut),,AR-Protein,EGP 699.00,,,5.0,,,,,,,https://m.media-amazon.com/images/I/61MV7cwG15L._AC_UL320_.jpg,https://m.media-amazon.com/images/I/61MV7cwG15L._AC_UL320_.jpg,,,,,,,,,,,https://www.amazon.eg/dp/B0BMQN2S3V,2026-06-07T05:57:48.776365
amazon,B0DJM37F23,Mass gainer (8 servings) - 50g of high quality protein - 252g carbohydrates and 1250 calories (8 servings),,AR-Protein,"EGP 1,800.00",,,,,,,,,,https://m.media-amazon.com/images/I/51eKQ5uitmL._AC_UL320_.jpg,https://m.media-amazon.com/images/I/51eKQ5uitmL._AC_UL320_.jpg,,,,,,,,,,,https://www.amazon.eg/dp/B0DJM37F23,2026-06-07T05:57:48.776773
amazon,B0FSDQ277P,"Novogen Whey Protein Isolate, Double Chocolate, 2 kg, 26g Protein per Serving, 60 Servings",,AR-Protein,,,,5.0,,,,,,,https://m.media-amazon.com/images/I/61ICpQt5RdL._AC_UL320_.jpg,https://m.media-amazon.com/images/I/61ICpQt5RdL._AC_UL320_.jpg,,,,,,,,,,,https://www.amazon.eg/dp/B0FSDQ277P,2026-06-07T05:57:48.777248
amazon,B0FN8GCCLS,Combat Protein Powder 4lbs | Multi-Source Protein Blend | Muscle Recovery & Daily Nutrition | Delicious Flavor,,AR-Protein,"EGP 6,200.00",,,,,,,,,,https://m.media-amazon.com/images/I/71zItc9wEoL._AC_UL320_.jpg,https://m.media-amazon.com/images/I/71zItc9wEoL._AC_UL320_.jpg,,,,,,,,,,,https://www.amazon.eg/dp/B0FN8GCCLS,2026-06-07T05:57:48.777664
amazon,B0FN7NYV57,Yava Labs Vanilla Ice Cream Flavour Pure Iso Whey Protein Isolate 2 kg,,AR-Protein,"EGP 5,200.00",,,,,,,,,,https://m.media-amazon.com/images/I/51jvHpSCcfL._AC_UL320_.jpg,https://m.media-amazon.com/images/I/51jvHpSCcfL._AC_UL320_.jpg,,,,,,,,,,,https://www.amazon.eg/dp/B0FN7NYV57,2026-06-07T05:57:48.778107
amazon,B09SF55BB6,"Body Builder 100% Whey Protein - 25g Protein, BCAAs, Glutamine, Digestive Enzymes for Lean Muscle Growth & Endurance, Suitable for Vegetarians & Keto Dieters (5 Lb/2.3 Kg - 65 Servings) (Vanilla)",,AR-Protein,"EGP 4,390.00",,,3.3,,,,,,,https://m.media-amazon.com/images/I/61gvLBChHHL._AC_UL320_.jpg,https://m.media-amazon.com/images/I/61gvLBChHHL._AC_UL320_.jpg,,,,,,,,,,,https://www.amazon.eg/dp/B09SF55BB6,2026-06-07T05:57:48.778616
amazon,B0DWT5LFVC,Protein Bar Whey Protein Pistachio 70g (Pack of 2),,AR-Protein,EGP 145.00,,,1.0,,,,,,,https://m.media-amazon.com/images/I/61I2BJF5T8L._AC_UL320_.jpg,https://m.media-amazon.com/images/I/61I2BJF5T8L._AC_UL320_.jpg,,,,,,,,,,,https://www.amazon.eg/dp/B0DWT5LFVC,2026-06-07T05:57:48.779099
amazon,B0BC7S8VWP,apple pie protein chunks,,AR-Protein,EGP 100.00,,,3.8,,,,,,,https://m.media-amazon.com/images/I/71SObhcTj-L._AC_UL320_.jpg,https://m.media-amazon.com/images/I/71SObhcTj-L._AC_UL320_.jpg,,,,,,,,,,,https://www.amazon.eg/dp/B0BC7S8VWP,2026-06-07T05:57:48.779562
amazon,B0DKG3LVPS,"Applied Nutrition Protein Cookie Dough - High-Quality Protein Snack, Over 22 g Protein Per Serving, Ready to Eat - Low Calory, Healthy Snacking (1 kg, Salted Caramel)",,AR-Protein,"EGP 3,750.00",,,3.4,,,,,,,https://m.media-amazon.com/images/I/812A-4J7-wL._AC_UL320_.jpg,https://m.media-amazon.com/images/I/812A-4J7-wL._AC_UL320_.jpg,,,,,,,,,,,https://www.amazon.eg/dp/B0DKG3LVPS,2026-06-07T05:57:48.780071
amazon,B09GMQWVQW,Organic Nation | Secrets Protein Bar | Full of Nutrients | Rich with Protein | Boosts Energy | Weight Loss | Diet Friendly | 25g Protein | 275 Calories | 70g | Maple Donuts,,AR-Protein,EGP 75.00,,,4.3,,,,,,,https://m.media-amazon.com/images/I/51q+5hiYggL._AC_UL320_.jpg,https://m.media-amazon.com/images/I/51q+5hiYggL._AC_UL320_.jpg,,,,,,,,,,,https://www.amazon.eg/dp/B09GMQWVQW,2026-06-07T05:57:48.780545
amazon,B0GN93BZJQ,"Kencko Organic Instant Fruit & Veggie Protein Smoothies Powdered Drink Mix – 4-Packx35gm, Certified Organic (Chocolate)",,AR-Protein,EGP 520.00,,,,,,,,,,https://m.media-amazon.com/images/I/71u7PI-KLoL._AC_UL320_.jpg,https://m.media-amazon.com/images/I/71u7PI-KLoL._AC_UL320_.jpg,,,,,,,,,,,https://www.amazon.eg/dp/B0GN93BZJQ,2026-06-07T05:57:48.781010
amazon,B0FX5KBP2D,New Zero Melty Protein Bars (22G Protein) Box of 12 Bars (Mix),,AR-Protein,EGP 849.00,,,,,,,,,,https://m.media-amazon.com/images/I/711-dXWVF2L._AC_UL320_.jpg,https://m.media-amazon.com/images/I/711-dXWVF2L._AC_UL320_.jpg,,,,,,,,,,,https://www.amazon.eg/dp/B0FX5KBP2D,2026-06-07T05:57:48.781417
amazon,B0GTWYH3RK,"Carnivor Beef Protein Powder | 4 lbs (56 Servings) | Chocolate Flavor | Clean Protein Source for Muscle Recovery, Energy & Daily Nutrition | Dairy-Free & Gluten-Free",,AR-Protein,"EGP 3,979.80",,,,,,,,,,https://m.media-amazon.com/images/I/51OwMtOtIrL._AC_UL320_.jpg,https://m.media-amazon.com/images/I/51OwMtOtIrL._AC_UL320_.jpg,,,,,,,,,,,https://www.amazon.eg/dp/B0GTWYH3RK,2026-06-07T05:57:48.781792
amazon,B0F3V4F4XQ,ويى بروتين شيكولاتة شانه,,AR-Protein,EGP 230.00,,,5.0,,,,,,,https://m.media-amazon.com/images/I/41guFlyMXAL._AC_UL320_.jpg,https://m.media-amazon.com/images/I/41guFlyMXAL._AC_UL320_.jpg,,,,,,,,,,,https://www.amazon.eg/dp/B0F3V4F4XQ,2026-06-07T05:57:51.723465
amazon,B09B2FXRHY,"Applied Nutrition Clear Whey Isolate - Whey Protein Isolate, Refreshing High Protein Powder, Fruit Juice Style Flavours (Strawberry & Raspberry) (875g - 35 Servings)",,AR-Protein,"EGP 7,000.00",,,4.1,,,,,,,https://m.media-amazon.com/images/I/81dAVSrKaML._AC_UL320_.jpg,https://m.media-amazon.com/images/I/81dAVSrKaML._AC_UL320_.jpg,,,,,,,,,,,https://www.amazon.eg/dp/B09B2FXRHY,2026-06-07T05:57:51.723946
amazon,B0G1TQH8CT,"Clear Whey Protein | 875g (35 Servings) | Cranberry & Pomegranate Flavor | Refreshing Clear Isolate Drink | Light, Fruity & Clean Nutrition",,AR-Protein,"EGP 6,900.00",,,,,,,,,,https://m.media-amazon.com/images/I/61NdIt95HNL._AC_UL320_.jpg,https://m.media-amazon.com/images/I/61NdIt95HNL._AC_UL320_.jpg,,,,,,,,,,,https://www.amazon.eg/dp/B0G1TQH8CT,2026-06-07T05:57:51.724377
amazon,B0FD8YWCYB,Whey Protein – Strawberry Tart | 1kg | 30 Servings | 22g Protein per Serving | Real Freeze-Dried Strawberry & Tart Crust Pieces | Instant Blend,,AR-Protein,"EGP 3,350.00",,,,,,,,,,https://m.media-amazon.com/images/I/41Tvoc1pK4L._AC_UL320_.jpg,https://m.media-amazon.com/images/I/41Tvoc1pK4L._AC_UL320_.jpg,,,,,,,,,,,https://www.amazon.eg/dp/B0FD8YWCYB,2026-06-07T05:57:51.724784
amazon,B09GMSBDLD,Max Muscle Max protein Meal 100%Isolate Whey-65G-Toffee Cream,,AR-Protein,EGP 85.00,,,5.0,,,,,,,https://m.media-amazon.com/images/I/51SlPcARpgL._AC_UL320_.jpg,https://m.media-amazon.com/images/I/51SlPcARpgL._AC_UL320_.jpg,,,,,,,,,,,https://www.amazon.eg/dp/B09GMSBDLD,2026-06-07T05:57:51.725281
amazon,B09GMSLB7N,Max Muscle Max protein Meal 100%Isolate Whey-65G-Banana Cream,,AR-Protein,EGP 78.55,,,,,,,,,,https://m.media-amazon.com/images/I/51Llnf7jx+L._AC_UL320_.jpg,https://m.media-amazon.com/images/I/51Llnf7jx+L._AC_UL320_.jpg,,,,,,,,,,,https://www.amazon.eg/dp/B09GMSLB7N,2026-06-07T05:57:51.725695
amazon,B09B2B8WQL,"Applied Nutrition Clear Whey Isolate - Whey Protein Isolate, Refreshing High Protein Powder, Fruit Juice Style Flavours (Orange Squash) (875g - 35 Servings)",,AR-Protein,"EGP 6,900.00",,,3.8,,,,,,,https://m.media-amazon.com/images/I/81VSJ+k3H9L._AC_UL320_.jpg,https://m.media-amazon.com/images/I/81VSJ+k3H9L._AC_UL320_.jpg,,,,,,,,,,,https://www.amazon.eg/dp/B09B2B8WQL,2026-06-07T05:57:51.726180
amazon,B0D5HTJB72,Peanut Butter Protein Bar with 30% Protein 70 g,,AR-Protein,EGP 60.00,,,3.1,,,,,,,https://m.media-amazon.com/images/I/71CL6jPlFaL._AC_UL320_.jpg,https://m.media-amazon.com/images/I/71CL6jPlFaL._AC_UL320_.jpg,,,,,,,,,,,https://www.amazon.eg/dp/B0D5HTJB72,2026-06-07T05:57:51.726640
amazon,B09B2C1JSG,"Applied Nutrition Clear Whey Isolate - Whey Protein Isolate, Refreshing High Protein Powder, Fruit Juice Style Flavours (Cherry & Apple) (875g - 35 Servings)",,AR-Protein,,,,4.1,,,,,,,https://m.media-amazon.com/images/I/814fIR3NP9L._AC_UL320_.jpg,https://m.media-amazon.com/images/I/814fIR3NP9L._AC_UL320_.jpg,,,,,,,,,,,https://www.amazon.eg/dp/B09B2C1JSG,2026-06-07T05:57:51.727115
amazon,B0G1N92YZ4,"Carnivor Beef Protein Powder | 4 lbs (56 Servings) | Chocolate Flavor | Clean Protein Source for Muscle Recovery, Energy & Daily Nutrition | Dairy-Free & Gluten-Free",,AR-Protein,"EGP 6,950.00",,,,,,,,,,https://m.media-amazon.com/images/I/51OwMtOtIrL._AC_UL320_.jpg,https://m.media-amazon.com/images/I/51OwMtOtIrL._AC_UL320_.jpg,,,,,,,,,,,https://www.amazon.eg/dp/B0G1N92YZ4,2026-06-07T05:57:51.727522
amazon,B0G1TNTT12,"Clear Whey Protein | 875g (35 Servings) | Watermelon Splash Flavor | Clean & Refreshing Protein Drink | Light, Smooth & Easy to Digest",,AR-Protein,"EGP 7,100.00",,,,,,,,,,https://m.media-amazon.com/images/I/612H8BtR2+L._AC_UL320_.jpg,https://m.media-amazon.com/images/I/612H8BtR2+L._AC_UL320_.jpg,,,,,,,,,,,https://www.amazon.eg/dp/B0G1TNTT12,2026-06-07T05:57:51.727922
amazon,B0BZ8Y2Y7T,Lite Bite 30% Whey Protein Bar - Peanut Butter - 70 g,,AR-Protein,EGP 85.00,,,5.0,,,,,,,https://m.media-amazon.com/images/I/61wzJ8upwTL._AC_UL320_.jpg,https://m.media-amazon.com/images/I/61wzJ8upwTL._AC_UL320_.jpg,,,,,,,,,,,https://www.amazon.eg/dp/B0BZ8Y2Y7T,2026-06-07T05:57:51.728405
amazon,B09GMS3RYN,Organic Nation | Secrets Protein Bar | Full of Nutrients | Rich with Protein | Boosts Energy | Weight Loss | Diet Friendly | 25g Protein | 275 Calories | 70g | Vanilla Birthday Cake,,AR-Protein,EGP 75.00,,,3.7,,,,,,,https://m.media-amazon.com/images/I/41ydA-N1pzL._AC_UL320_.jpg,https://m.media-amazon.com/images/I/41ydA-N1pzL._AC_UL320_.jpg,,,,,,,,,,,https://www.amazon.eg/dp/B09GMS3RYN,2026-06-07T05:57:51.728867
amazon,B07H4RWMYF,"Sante GO ON Protein Bar, Vanilla Flavor, 50g",,AR-Protein,EGP 67.99,,,4.2,,,,,,,https://m.media-amazon.com/images/I/51+Z1vXm4ML._AC_UL320_.jpg,https://m.media-amazon.com/images/I/51+Z1vXm4ML._AC_UL320_.jpg,,,,,,,,,,,https://www.amazon.eg/dp/B07H4RWMYF,2026-06-07T05:57:51.729366
amazon,B0D9TJLFKV,BRUZ Coconut Protein Bar,,AR-Protein,EGP 68.00,,,5.0,,,,,,,https://m.media-amazon.com/images/I/51447FxsYhL._AC_UL320_.jpg,https://m.media-amazon.com/images/I/51447FxsYhL._AC_UL320_.jpg,,,,,,,,,,,https://www.amazon.eg/dp/B0D9TJLFKV,2026-06-07T05:57:51.729840
amazon,B0DXD9RCY6,Zero Oreo Protein Bar 70g (Pack of 5),,AR-Protein,EGP 275.00,,,,,,,,,,https://m.media-amazon.com/images/I/513+ysxb7JL._AC_UL320_.jpg,https://m.media-amazon.com/images/I/513+ysxb7JL._AC_UL320_.jpg,,,,,,,,,,,https://www.amazon.eg/dp/B0DXD9RCY6,2026-06-07T05:57:51.730279
amazon,B0D7TLSMBS,Lite Bite Honey Comb 30% Whey Protein Bar 70 g,,AR-Protein,EGP 71.99,EGP 77.00,,3.5,List:,,,,,,https://m.media-amazon.com/images/I/61WMh-8eIJL._AC_UL320_.jpg,https://m.media-amazon.com/images/I/61WMh-8eIJL._AC_UL320_.jpg,,,,,,,,,,,https://www.amazon.eg/dp/B0D7TLSMBS,2026-06-07T05:57:51.730800
amazon,B0BZ8YFRZL,Lite Bite 30% Whey Protein Bar - Cappuccino - 70 g,,AR-Protein,EGP 77.00,EGP 85.00,,4.5,Was:,,,,,,https://m.media-amazon.com/images/I/61oU9E33I4L._AC_UL320_.jpg,https://m.media-amazon.com/images/I/61oU9E33I4L._AC_UL320_.jpg,,,,,,,,,,,https://www.amazon.eg/dp/B0BZ8YFRZL,2026-06-07T05:57:51.731344
amazon,B09GMQ5M13,Organic Nation | Secrets Protein Bar | Full of Nutrients | Rich with Protein | Boosts Energy | Weight Loss | Diet Friendly | 25g Protein | 275 Calories | 70g | Banoffee Pie,,AR-Protein,EGP 75.00,,,5.0,,,,,,,https://m.media-amazon.com/images/I/41SnlzEZMLL._AC_UL320_.jpg,https://m.media-amazon.com/images/I/41SnlzEZMLL._AC_UL320_.jpg,,,,,,,,,,,https://www.amazon.eg/dp/B09GMQ5M13,2026-06-07T05:57:51.731816
amazon,B0FX5JH8RM,Zero Protein Bars 50G (16G Protein) Box of 16 Bars (Brown),,AR-Protein,EGP 650.00,,,1.0,,,,,,,https://m.media-amazon.com/images/I/519jeEqFpPL._AC_UL320_.jpg,https://m.media-amazon.com/images/I/519jeEqFpPL._AC_UL320_.jpg,,,,,,,,,,,https://www.amazon.eg/dp/B0FX5JH8RM,2026-06-07T05:57:51.732293
amazon,B0D9THFQ2X,BRUZ Peanut butter protein Bar,,AR-Protein,EGP 68.00,,,5.0,,,,,,,https://m.media-amazon.com/images/I/51zMGZqnBKL._AC_UL320_.jpg,https://m.media-amazon.com/images/I/51zMGZqnBKL._AC_UL320_.jpg,,,,,,,,,,,https://www.amazon.eg/dp/B0D9THFQ2X,2026-06-07T05:57:51.732750
amazon,B0DLSN1RW8,Lite Bite 30% Whey Protein Bar - Chocolate Brownies - 70 g,,AR-Protein,EGP 85.00,,,5.0,,,,,,,https://m.media-amazon.com/images/I/514jP9h0qGL._AC_UL320_.jpg,https://m.media-amazon.com/images/I/514jP9h0qGL._AC_UL320_.jpg,,,,,,,,,,,https://www.amazon.eg/dp/B0DLSN1RW8,2026-06-07T05:57:51.733232
amazon,B09GMQZHNJ,Max Muscle Max protein Meal 100%Isolate Whey-65G-Dark Chocolate With Touch Of Sea Salt,,AR-Protein,EGP 85.00,,,,,,,,,,https://m.media-amazon.com/images/I/51PzPiGrIVL._AC_UL320_.jpg,https://m.media-amazon.com/images/I/51PzPiGrIVL._AC_UL320_.jpg,,,,,,,,,,,https://www.amazon.eg/dp/B09GMQZHNJ,2026-06-07T05:57:51.733656
amazon,B0FTZHLSJ4,بار بروتين ترافيل الشوكولاتة بدون السكر محشوة بالفدق يحتوي علي 16 جرام بروتين (2 بار) كل بار 3 قطع مناسب للدييت و الحمية و الجيم,,AR-Protein,EGP 135.00,,,,,,,,,,https://m.media-amazon.com/images/I/611njUVOOBL._AC_UL320_.jpg,https://m.media-amazon.com/images/I/611njUVOOBL._AC_UL320_.jpg,,,,,,,,,,,https://www.amazon.eg/dp/B0FTZHLSJ4,2026-06-07T05:57:56.303296
amazon,B0F4PK7GXL,Yava Labs Pure Creatine 300 g,,AR-Protein,"EGP 1,150.00","EGP 1,250.00",,5.0,List:,,,,,,https://m.media-amazon.com/images/I/512bgj6AJcL._AC_UL320_.jpg,https://m.media-amazon.com/images/I/512bgj6AJcL._AC_UL320_.jpg,,,,,,,,,,,https://www.amazon.eg/dp/B0F4PK7GXL,2026-06-07T05:57:56.304358
amazon,B0B77XBZXK,Muscle Add | Glutamine XR | Post-Workout Powder | Glutamine | Muscle Recovery | Protein synthesis | Ultra-Premium | 50 servings | 300g | Unflavoured,,AR-Protein,EGP 850.00,,,3.9,,,,,,,https://m.media-amazon.com/images/I/61l3mcDCszL._AC_UL320_.jpg,https://m.media-amazon.com/images/I/61l3mcDCszL._AC_UL320_.jpg,,,,,,,,,,,https://www.amazon.eg/dp/B0B77XBZXK,2026-06-07T05:57:56.304844
amazon,B0DP7M54WL,Lite Bite Protein Bar Honey 70g,,AR-Protein,EGP 85.00,,,,,,,,,,https://m.media-amazon.com/images/I/31iYX6EpXRL._AC_UL320_.jpg,https://m.media-amazon.com/images/I/31iYX6EpXRL._AC_UL320_.jpg,,,,,,,,,,,https://www.amazon.eg/dp/B0DP7M54WL,2026-06-07T05:57:56.305281
amazon,B0GHNT4BDZ,Yava Labs CREAM OF RICE 1 Kg - 33 Servings - Raspberry,,AR-Protein,"EGP 1,325.00",,,,,,,,,,https://m.media-amazon.com/images/I/61YbW5Gy63L._AC_UL320_.jpg,https://m.media-amazon.com/images/I/61YbW5Gy63L._AC_UL320_.jpg,,,,,,,,,,,https://www.amazon.eg/dp/B0GHNT4BDZ,2026-06-07T05:57:56.305703
amazon,B0GDY7L9PQ,Yava Labs CREAM OF RICE 1 Kg - 33 Servings - BlueBerry Flavour,,AR-Protein,"EGP 1,350.00",,,,,,,,,,https://m.media-amazon.com/images/I/614BrSt-oUL._AC_UL320_.jpg,https://m.media-amazon.com/images/I/614BrSt-oUL._AC_UL320_.jpg,,,,,,,,,,,https://www.amazon.eg/dp/B0GDY7L9PQ,2026-06-07T05:57:56.306145
amazon,B0CRZ71B9L,"Hepachain 60 Tablets | BCAA Muscle & Recovery Support Tablets | Leucine, Isoleucine & Valine Formula | Protein Metabolism & Fatigue Support | Nutritional Support for Liver Health & Elderly Wellness",,AR-Protein,EGP 350.00,,,,,,,,,,https://m.media-amazon.com/images/I/51YEMl9YcDL._AC_UL320_.jpg,https://m.media-amazon.com/images/I/51YEMl9YcDL._AC_UL320_.jpg,,,,,,,,,,,https://www.amazon.eg/dp/B0CRZ71B9L,2026-06-07T05:57:56.306556
amazon,B0D126PYL6,"XSport Protein Shaker Bottle with Storage Organizer for Medicine and Protein Powder, Suitable for Workout, 500ml (Milky)",,AR-Protein,EGP 220.00,,,3.9,,,,,,,https://m.media-amazon.com/images/I/41eFtkT+GJL._AC_UL320_.jpg,https://m.media-amazon.com/images/I/41eFtkT+GJL._AC_UL320_.jpg,,,,,,,,,,,https://www.amazon.eg/dp/B0D126PYL6,2026-06-07T05:57:56.307076
amazon,B0CXPWMSX6,VELOMIX -2 Pack- 28 oz Protein Shaker Bottles for Protein Mixes - 2x Wire Whisk | Leak Proof Shaker Cups for Protein Shakes | Protein Shaker Bottle Pack (Black/Transparent),,AR-Protein,"EGP 3,000.00",,,4.7,,,,,,,https://m.media-amazon.com/images/I/71gz8Q2tRiL._AC_UL320_.jpg,https://m.media-amazon.com/images/I/71gz8Q2tRiL._AC_UL320_.jpg,,,,,,,,,,,https://www.amazon.eg/dp/B0CXPWMSX6,2026-06-07T05:57:56.307561
amazon,B0C7GWGLWV,"VOLTRX Protein Shaker Bottle, Titanus USB C Rechargeable Electric Protein Shake Mixer, Shaker Cups for Protein Shakes and Meal Replacement Shakes, BPA Free, 24oz",,AR-Protein,"EGP 2,419.90","EGP 2,499.00",,4.4,Was:,,,,,,https://m.media-amazon.com/images/I/511mCS65vpL._AC_UL320_.jpg,https://m.media-amazon.com/images/I/511mCS65vpL._AC_UL320_.jpg,,,,,,,,,,,https://www.amazon.eg/dp/B0C7GWGLWV,2026-06-07T05:57:56.308148
amazon,B09QMFK44D,"GAT SPORT Nitraflex, Fruit Punch, 10.6 oz (300 g)",,AR-Protein,"EGP 1,800.00",,,3.9,,,,,,,https://m.media-amazon.com/images/I/71LyXV95gNL._AC_UL320_.jpg,https://m.media-amazon.com/images/I/71LyXV95gNL._AC_UL320_.jpg,,,,,,,,,,,https://www.amazon.eg/dp/B09QMFK44D,2026-06-07T05:57:56.308617
amazon,B0DGDL8SCF,Creatine 300 gm | 68 Serv.,,AR-Protein,EGP 925.00,EGP 950.00,,4.6,Was:,,,,,,https://m.media-amazon.com/images/I/51b+tDZnEnL._AC_UL320_.jpg,https://m.media-amazon.com/images/I/51b+tDZnEnL._AC_UL320_.jpg,,,,,,,,,,,https://www.amazon.eg/dp/B0DGDL8SCF,2026-06-07T05:57:56.309153
amazon,B0DHQRS41Q,"Spanish Protein Shaker Bottle – 500ml Silver – Leak-Proof Flip Lid, BPA-Free with Measurement Scale – Ideal for Gym & Smoothies – Made in Spain",,AR-Protein,EGP 299.41,,,5.0,,,,,,,https://m.media-amazon.com/images/I/41geDDLpmGL._AC_UL320_.jpg,https://m.media-amazon.com/images/I/41geDDLpmGL._AC_UL320_.jpg,,,,,,,,,,,https://www.amazon.eg/dp/B0DHQRS41Q,2026-06-07T05:57:56.309709
amazon,B0FT4JB49P,"Whey Protein Isolate Powder | 1kg | 33 Servings | Pistachio Flavor | 27g Protein, 7.1g BCAA, 5.6g Glutamine | Zero Fat & Zero Carbs",,AR-Protein,"EGP 3,200.00",,,,,,,,,,https://m.media-amazon.com/images/I/41hwAtE8eNL._AC_UL320_.jpg,https://m.media-amazon.com/images/I/41hwAtE8eNL._AC_UL320_.jpg,,,,,,,,,,,https://www.amazon.eg/dp/B0FT4JB49P,2026-06-07T05:57:56.310159
amazon,B0G1N8TZDD,"ISO Pro Whey Isolate | 1kg (40 Servings) | Sour Cherry Yogurt Flavor | Clean Protein Formula for Recovery, Energy & Daily Nutrition | Low Fat & Gluten-Free",,AR-Protein,"EGP 4,300.00",,,,,,,,,,https://m.media-amazon.com/images/I/51YNjCPFTpL._AC_UL320_.jpg,https://m.media-amazon.com/images/I/51YNjCPFTpL._AC_UL320_.jpg,,,,,,,,,,,https://www.amazon.eg/dp/B0G1N8TZDD,2026-06-07T05:57:56.310573
amazon,B0FRXG6C63,Pro Max Protein Bar Blueberry - 26g,,AR-Protein,,,,4.0,,,,,,,https://m.media-amazon.com/images/I/51dK7zjl3HL._AC_UL320_.jpg,https://m.media-amazon.com/images/I/51dK7zjl3HL._AC_UL320_.jpg,,,,,,,,,,,https://www.amazon.eg/dp/B0FRXG6C63,2026-06-07T05:57:56.311105
amazon,B0GPRVKK1R,"MET-RX from Md stay fit Protein Shaker Bottle with Mixing Ball, Leak-Proof Gym Shake Cup with Powder Storage and Pill Tray, BPA Free (transparent)",,AR-Protein,EGP 300.00,,,5.0,,,,,,,https://m.media-amazon.com/images/I/61NndT5zO4L._AC_UL320_.jpg,https://m.media-amazon.com/images/I/61NndT5zO4L._AC_UL320_.jpg,,,,,,,,,,,https://www.amazon.eg/dp/B0GPRVKK1R,2026-06-07T05:57:56.311638
amazon,B0GTR2342K,Bic Pro Protein Bar Flavor Caramel 60g,,AR-Protein,EGP 90.00,,,,,,,,,,https://m.media-amazon.com/images/I/31QG6PWjw6L._AC_UL320_.jpg,https://m.media-amazon.com/images/I/31QG6PWjw6L._AC_UL320_.jpg,,,,,,,,,,,https://www.amazon.eg/dp/B0GTR2342K,2026-06-07T05:57:56.312067
amazon,B0FR8ZTNXR,"Mass Gain Protein Powder | 5.4KG | Chocolate Flavor | High-Calorie Weight Gainer with 50g Protein, 180g Carbs & 970 Calories Per Serving | Complete Amino Acid, Vitamin & Mineral Profile",,AR-Protein,"EGP 4,550.00",,,,,,,,,,https://m.media-amazon.com/images/I/412udrll+NL._AC_UL320_.jpg,https://m.media-amazon.com/images/I/412udrll+NL._AC_UL320_.jpg,,,,,,,,,,,https://www.amazon.eg/dp/B0FR8ZTNXR,2026-06-07T05:57:56.312477
amazon,B0G1N97KMX,"R1 Protein | 5Lbs (71 Servings) | Chocolate Fudge Flavor | Clean Whey Isolate Formula for Energy, Recovery & Daily Wellness | Low Fat & Gluten-Free",,AR-Protein,"EGP 8,800.00",,,,,,,,,,https://m.media-amazon.com/images/I/51sq5QgYh6L._AC_UL320_.jpg,https://m.media-amazon.com/images/I/51sq5QgYh6L._AC_UL320_.jpg,,,,,,,,,,,https://www.amazon.eg/dp/B0G1N97KMX,2026-06-07T05:57:56.312876
amazon,B0FS7S7Q5C,"Hulk Mass Gainer – 50g Premium Protein, 250g Smart Carbs, 10g Healthy Fats, with Creatine Monohydrate, Glutamine & Digestive Enzymes – High-Calories for Strength & Recovery – 4.5kg, 30 Servings",,AR-Protein,"EGP 5,050.00",,,,,,,,,,https://m.media-amazon.com/images/I/618FyBhLwqL._AC_UL320_.jpg,https://m.media-amazon.com/images/I/618FyBhLwqL._AC_UL320_.jpg,,,,,,,,,,,https://www.amazon.eg/dp/B0FS7S7Q5C,2026-06-07T05:57:56.313299
amazon,B0DDKSNGKZ,Verde Protien Bar Mocha,,AR-Protein,EGP 50.00,,,3.5,,,,,,,https://m.media-amazon.com/images/I/31pP8ZklKIL._AC_UL320_.jpg,https://m.media-amazon.com/images/I/31pP8ZklKIL._AC_UL320_.jpg,,,,,,,,,,,https://www.amazon.eg/dp/B0DDKSNGKZ,2026-06-07T05:57:56.313767
amazon,B0FT8NZ363,"PROMAX PROCUP Pistachio Dubai, High Protein Dessert Cup with 25g Isolate, BCAA, Creatine & No Refined Sugar",,AR-Protein,EGP 165.00,,,,,,,,,,https://m.media-amazon.com/images/I/81m6XZGzdeL._AC_UL320_.jpg,https://m.media-amazon.com/images/I/81m6XZGzdeL._AC_UL320_.jpg,,,,,,,,,,,https://www.amazon.eg/dp/B0FT8NZ363,2026-06-07T05:57:56.314232
amazon,B0D7SRLWZ7,"Adonis Protein Cookie Dough | 21.5g of Casein Protein with 3.3g Fat and 6.1g Carbs | High Fiber Protein Cookie with Real Choco Chips, Low Carb & Gluten Free (Double Chocolate with Hazelnut, 1 kg)",,AR-Protein,"EGP 6,450.00",,,3.0,,,,,,,https://m.media-amazon.com/images/I/61PmhhPNAfL._AC_UL320_.jpg,https://m.media-amazon.com/images/I/61PmhhPNAfL._AC_UL320_.jpg,,,,,,,,,,,https://www.amazon.eg/dp/B0D7SRLWZ7,2026-06-07T05:57:59.066528
amazon,B07W999MP7,Alpha Designs | Protein Shaker Bottle 750ml | Pre Workout Gym Bottle Shaker for Protein Shakes | Water Bottle Gym Shaker Cup | Black,,AR-Protein,EGP 249.00,,,4.0,,,,,,,https://m.media-amazon.com/images/I/61RPG0QI8mL._AC_UL320_.jpg,https://m.media-amazon.com/images/I/61RPG0QI8mL._AC_UL320_.jpg,,,,,,,,,,,https://www.amazon.eg/dp/B07W999MP7,2026-06-07T05:57:59.067142
amazon,B09LHWFSZQ,"Promixx PURSUIT Protein Shaker Bottle – Premium Sports Blender Bottles for Protein Mixes and Supplement Shakes – Easy Clean, Durable Protein Shaker Cup",,AR-Protein,"EGP 2,999.00",,,4.4,,,,,,,https://m.media-amazon.com/images/I/6135BSUI0qL._AC_UL320_.jpg,https://m.media-amazon.com/images/I/6135BSUI0qL._AC_UL320_.jpg,,,,,,,,,,,https://www.amazon.eg/dp/B09LHWFSZQ,2026-06-07T05:57:59.067748
amazon,B0GZH983FB,ريفول ميني بروتين بار بطعم البراونيز ودرك شوكلت 88 جم,,AR-Protein,EGP 195.00,,,,,,,,,,https://m.media-amazon.com/images/I/31eDsj-HFSL._AC_UL320_.jpg,https://m.media-amazon.com/images/I/31eDsj-HFSL._AC_UL320_.jpg,,,,,,,,,,,https://www.amazon.eg/dp/B0GZH983FB,2026-06-07T05:57:59.068193
amazon,B0BFF5MN6T,"VOLTRX Electric Protein Shaker Bottle - USB Rechargeable Mixer Cup for Shakes and Meal Replacements, BPA-Free Tritan, 24oz",,AR-Protein,"EGP 3,117.58",,,4.4,Get it faster,,,,,,https://m.media-amazon.com/images/I/61xY5x1JAkL._AC_UL320_.jpg,https://m.media-amazon.com/images/I/61xY5x1JAkL._AC_UL320_.jpg,,,,,,,,,,,https://www.amazon.eg/dp/B0BFF5MN6T,2026-06-07T05:57:59.068738
amazon,B0FNLDDW7P,"100% Whey Protein Concentrate – Premium Protein for Muscle Growth & Recovery, coffee moca hazelnut felvor",,AR-Protein,,,,,,,,,,,https://m.media-amazon.com/images/I/51q09rVW38L._AC_UL320_.jpg,https://m.media-amazon.com/images/I/51q09rVW38L._AC_UL320_.jpg,,,,,,,,,,,https://www.amazon.eg/dp/B0FNLDDW7P,2026-06-07T05:57:59.069169
amazon,B0DYZ4W98H,Whey Protein 100% – Protein Supplement with Enhanced Formula | 30 Servings,,AR-Protein,"EGP 2,450.00",,,,,,,,,,https://m.media-amazon.com/images/I/51bNaZ33a4L._AC_UL320_.jpg,https://m.media-amazon.com/images/I/51bNaZ33a4L._AC_UL320_.jpg,,,,,,,,,,,https://www.amazon.eg/dp/B0DYZ4W98H,2026-06-07T05:57:59.069584
amazon,B0BPPVFYQW,Shaker Bottle - With Storage Containers - Protein Shaker - Red,,AR-Protein,EGP 179.55,,,2.8,,,,,,,https://m.media-amazon.com/images/I/71I+ah6MzcL._AC_UL320_.jpg,https://m.media-amazon.com/images/I/71I+ah6MzcL._AC_UL320_.jpg,,,,,,,,,,,https://www.amazon.eg/dp/B0BPPVFYQW,2026-06-07T05:57:59.070076
amazon,B0F68L4N1W,"Protein Cookie Dough HIGH PROTEIN HIGH PROTEIN FOOD SUPPLEMENT WITH SWEETENER, 1KG (25 Servings)",,AR-Protein,"EGP 5,500.00",,,,,,,,,,https://m.media-amazon.com/images/I/61+CfebxgML._AC_UL320_.jpg,https://m.media-amazon.com/images/I/61+CfebxgML._AC_UL320_.jpg,,,,,,,,,,,https://www.amazon.eg/dp/B0F68L4N1W,2026-06-07T05:57:59.070490
amazon,B0CYY1MHYH,"Spanish Protein Shaker Bottle – 700ml Blue – Leak-Proof Flip Lid, BPA-Free, Easy to Clean & Reusable – Made in Spain",,AR-Protein,EGP 294.28,,,,,,,,,,https://m.media-amazon.com/images/I/51rLj3uY83L._AC_UL320_.jpg,https://m.media-amazon.com/images/I/51rLj3uY83L._AC_UL320_.jpg,,,,,,,,,,,https://www.amazon.eg/dp/B0CYY1MHYH,2026-06-07T05:57:59.070905
amazon,B09GMRBTKK,Muscle Add | Gain Add | 50g Protein | Quick Absorption | BCAA | Premium Protein Gainer | 970g Natural Calories | 180g Carbohydrates | 22 Servings | 5.44kg | Chocolate Ice Cream,,AR-Protein,"EGP 2,769.68","EGP 2,990.00",,4.4,List:,,,,,,https://m.media-amazon.com/images/I/61ubJYONU+L._AC_UL320_.jpg,https://m.media-amazon.com/images/I/61ubJYONU+L._AC_UL320_.jpg,,,,,,,,,,,https://www.amazon.eg/dp/B09GMRBTKK,2026-06-07T05:57:59.071443
amazon,B0FXXYGSC7,"Carnivor Amino Tablets | 300 Count | Hydrolyzed Protein Source | Natural Amino Acid Supports | Gluten Free, Non-GMO",,AR-Protein,"EGP 2,150.00",,,,,,,,,,https://m.media-amazon.com/images/I/51mDkd-RbRL._AC_UL320_.jpg,https://m.media-amazon.com/images/I/51mDkd-RbRL._AC_UL320_.jpg,,,,,,,,,,,https://www.amazon.eg/dp/B0FXXYGSC7,2026-06-07T05:57:59.071851
amazon,B0GTR234HM,BIC PRO PROTEIN BAR FLAVOUR BIRTHDAY CAKE 60G,,AR-Protein,EGP 90.00,,,,,,,,,,https://m.media-amazon.com/images/I/311Lb8OaaIL._AC_UL320_.jpg,https://m.media-amazon.com/images/I/311Lb8OaaIL._AC_UL320_.jpg,,,,,,,,,,,https://www.amazon.eg/dp/B0GTR234HM,2026-06-07T05:57:59.072278
amazon,B0BHZTBDBS,"Isolate Protein Bars Blackhawk, 16 Bar, 30g Protein (Moka)",,AR-Protein,EGP 699.00,,,4.2,,,,,,,https://m.media-amazon.com/images/I/61MV7cwG15L._AC_UL320_.jpg,https://m.media-amazon.com/images/I/61MV7cwG15L._AC_UL320_.jpg,,,,,,,,,,,https://www.amazon.eg/dp/B0BHZTBDBS,2026-06-07T05:57:59.072741
amazon,B00D1YKZGQ,"Myprotein Creatine Creapure Unflavoured, Pack of 1, 1 x 500 g",,AR-Protein,"EGP 3,500.00",,,4.4,,,,,,,https://m.media-amazon.com/images/I/612sVMI+MiL._AC_UL320_.jpg,https://m.media-amazon.com/images/I/612sVMI+MiL._AC_UL320_.jpg,,,,,,,,,,,https://www.amazon.eg/dp/B00D1YKZGQ,2026-06-07T05:57:59.073208
amazon,B0FY74F93K,"Super Muscle Mass | Advanced Muscle Gainer | 15lb | High Calorie Supplement with Protein, Carbohydrates & Nutritional Support",,AR-Protein,"EGP 2,968.90",,,,,,,,,,https://m.media-amazon.com/images/I/51AbsNLHcDL._AC_UL320_.jpg,https://m.media-amazon.com/images/I/51AbsNLHcDL._AC_UL320_.jpg,,,,,,,,,,,https://www.amazon.eg/dp/B0FY74F93K,2026-06-07T05:57:59.073617
amazon,B0CW6HJVGS,Muscle Add CRE ADD -120Serv.- 600G,,AR-Protein,"EGP 1,600.00",,,4.7,,,,,,,https://m.media-amazon.com/images/I/61+0RcjAs2L._AC_UL320_.jpg,https://m.media-amazon.com/images/I/61+0RcjAs2L._AC_UL320_.jpg,,,,,,,,,,,https://www.amazon.eg/dp/B0CW6HJVGS,2026-06-07T05:57:59.074120
amazon,B0G1C67CDG,KOUEIDER PROTEIN NUT BAR PRETZEL & ALMOND X 12,,AR-Protein,EGP 600.00,,,5.0,,,,,,,https://m.media-amazon.com/images/I/514yL0X48WL._AC_UL320_.jpg,https://m.media-amazon.com/images/I/514yL0X48WL._AC_UL320_.jpg,,,,,,,,,,,https://www.amazon.eg/dp/B0G1C67CDG,2026-06-07T05:57:59.074580
amazon,B0FXXZPBS3,"Carnivor Amino Tablet | 300 Count | Hydrolyzed Protein Source | Natural Amino Acid Support | Gluten Free, Non-GMO",,AR-Protein,"EGP 2,250.00",,,,,,,,,,https://m.media-amazon.com/images/I/51mDkd-RbRL._AC_UL320_.jpg,https://m.media-amazon.com/images/I/51mDkd-RbRL._AC_UL320_.jpg,,,,,,,,,,,https://www.amazon.eg/dp/B0FXXZPBS3,2026-06-07T05:57:59.075008
amazon,B08F9FCK8W,"Multi Collagen Protein Powder (Type I, II, III, V, X) with Hyaluronic Acid + Vitamin C | 5 Types of Food Based Collagen, Great in Coffee & Protein Drinks | Non-GMO Verified, 30 Servings",,AR-Protein,"EGP 5,088.95",,,4.5,,,,,,,https://m.media-amazon.com/images/I/51KjWBD9xyL._AC_UL320_.jpg,https://m.media-amazon.com/images/I/51KjWBD9xyL._AC_UL320_.jpg,,,,,,,,,,,https://www.amazon.eg/dp/B08F9FCK8W,2026-06-07T05:57:59.075484
amazon,B0DDKPLGN5,OSHIMA Protein Shaker Bottle Stainless Steel 700 + 200 ml Protein Shaker Cup with Powder Compartment for Sports Fitness Protein Shaker Protein Bottle (with Button Lid Stainless Steel),,AR-Protein,"EGP 2,080.48",,,,,,,,,,https://m.media-amazon.com/images/I/61vhj3X+7rL._AC_UL320_.jpg,https://m.media-amazon.com/images/I/61vhj3X+7rL._AC_UL320_.jpg,,,,,,,,,,,https://www.amazon.eg/dp/B0DDKPLGN5,2026-06-07T05:58:02.399696
amazon,B0BX6PSM2Q,Lite Bite Protein+ Lentil Pasta - Spaghetti - 250 g,,AR-Protein,,,,4.8,,,,,,,https://m.media-amazon.com/images/I/61LFhtdgo8L._AC_UL320_.jpg,https://m.media-amazon.com/images/I/61LFhtdgo8L._AC_UL320_.jpg,,,,,,,,,,,https://www.amazon.eg/dp/B0BX6PSM2Q,2026-06-07T05:58:02.400167
amazon,B0CG4GDRYD,Organic Nation Snack Attack Sour Cream and Onion Protein Puffs 60 g,,AR-Protein,EGP 25.00,,,5.0,,,,,,,https://m.media-amazon.com/images/I/51Xl3PN8WFL._AC_UL320_.jpg,https://m.media-amazon.com/images/I/51Xl3PN8WFL._AC_UL320_.jpg,,,,,,,,,,,https://www.amazon.eg/dp/B0CG4GDRYD,2026-06-07T05:58:02.400630
amazon,B0DW9KW1SX,"Ripped Mass, 3 Kg, Contains Fat Burning Formula, Include a Blend of High-quality Proteins - protein, carbohydrate, reatine-rich mass gainer, increasing endurance and muscle mass. (Snekers)",,AR-Protein,"EGP 4,600.00",,,,,,,,,,https://m.media-amazon.com/images/I/710ISFzMYYL._AC_UL320_.jpg,https://m.media-amazon.com/images/I/710ISFzMYYL._AC_UL320_.jpg,,,,,,,,,,,https://www.amazon.eg/dp/B0DW9KW1SX,2026-06-07T05:58:02.401046
amazon,B0GHKG1M6K,Yava Labs CREAM OF RICE 1 Kg - 33 Servings - Banana Flavour,,AR-Protein,"EGP 1,350.00",,,,,,,,,,https://m.media-amazon.com/images/I/61SVzmWR+sL._AC_UL320_.jpg,https://m.media-amazon.com/images/I/61SVzmWR+sL._AC_UL320_.jpg,,,,,,,,,,,https://www.amazon.eg/dp/B0GHKG1M6K,2026-06-07T05:58:02.401461
amazon,B098YWP72R,"Protein Shaker Bottle â€“ Long Lasting & Light Weight, BPA Free Sports Gym Supplements Bottle with Mixture Ball (500ml)",,AR-Protein,EGP 190.00,EGP 195.00,,3.1,List:,,,,,,https://m.media-amazon.com/images/I/51Zf3VeYvoS._AC_UL320_.jpg,https://m.media-amazon.com/images/I/51Zf3VeYvoS._AC_UL320_.jpg,,,,,,,,,,,https://www.amazon.eg/dp/B098YWP72R,2026-06-07T05:58:02.402023
amazon,B0FXSM7HVN,"Beef Amino 300 Tablets | High-Quality Amino Acid Complex | Natural Protein Support | Non-GMO, Gluten Free",,AR-Protein,"EGP 3,700.00",,,,,,,,,,https://m.media-amazon.com/images/I/51GKDmaNo7L._AC_UL320_.jpg,https://m.media-amazon.com/images/I/51GKDmaNo7L._AC_UL320_.jpg,,,,,,,,,,,https://www.amazon.eg/dp/B0FXSM7HVN,2026-06-07T05:58:02.402451
amazon,B0GZKPL8N2,Zero Protein Barcaramel 70g,,AR-Protein,EGP 95.00,,,,,,,,,,https://m.media-amazon.com/images/I/41eDSspwAzL._AC_UL320_.jpg,https://m.media-amazon.com/images/I/41eDSspwAzL._AC_UL320_.jpg,,,,,,,,,,,https://www.amazon.eg/dp/B0GZKPL8N2,2026-06-07T05:58:02.402868
amazon,B0GHP9DMHX,Yava Labs CREAM OF RICE 1 Kg - 33 Servings - Vanilla,,AR-Protein,"EGP 1,350.00",,,1.0,,,,,,,https://m.media-amazon.com/images/I/619zqBIETxL._AC_UL320_.jpg,https://m.media-amazon.com/images/I/619zqBIETxL._AC_UL320_.jpg,,,,,,,,,,,https://www.amazon.eg/dp/B0GHP9DMHX,2026-06-07T05:58:02.403352
amazon,B0GK7J2LXC,"Premium Vital Collagen Peptides 270 Caplets - with Vitamin C & Biotin - Grass-Fed Bovine - with Practical Pill Box - Hair, Skin & Nails Matrix - Structural Vitality Support - Non-GMO",,AR-Protein,"EGP 4,700.00",,,,,,,,,,https://m.media-amazon.com/images/I/513E4TugXuL._AC_UL320_.jpg,https://m.media-amazon.com/images/I/513E4TugXuL._AC_UL320_.jpg,,,,,,,,,,,https://www.amazon.eg/dp/B0GK7J2LXC,2026-06-07T05:58:02.403763
amazon,B07TL6PNLH,"BlenderBottle Classic V2 Shaker Bottle Perfect for Protein Shakes and Pre Workout, 20-Ounce, Clear/Black",,AR-Protein,"EGP 2,100.00",,,4.7,,,,,,,https://m.media-amazon.com/images/I/71iiyCEpDmL._AC_UL320_.jpg,https://m.media-amazon.com/images/I/71iiyCEpDmL._AC_UL320_.jpg,,,,,,,,,,,https://www.amazon.eg/dp/B07TL6PNLH,2026-06-07T05:58:02.404266
amazon,B0CG4DV19N,Organic Nation Snack Attack Flaming Hot Protein Puffs 60 g,,AR-Protein,EGP 26.45,,,3.7,,,,,,,https://m.media-amazon.com/images/I/51IBcxh3X4L._AC_UL320_.jpg,https://m.media-amazon.com/images/I/51IBcxh3X4L._AC_UL320_.jpg,,,,,,,,,,,https://www.amazon.eg/dp/B0CG4DV19N,2026-06-07T05:58:02.404742
amazon,B0FMRWN8ZZ,L-Methionine 500 mg – 100 Vegetarian Capsules | Essential Amino Acid for Protein and Cellular Wellness,,AR-Protein,"EGP 3,699.00",,,,,,,,,,https://m.media-amazon.com/images/I/61KFhaDYQfL._AC_UL320_.jpg,https://m.media-amazon.com/images/I/61KFhaDYQfL._AC_UL320_.jpg,,,,,,,,,,,https://www.amazon.eg/dp/B0FMRWN8ZZ,2026-06-07T05:58:02.405169
amazon,B0CG4D25NS,Organic Nation Snack Attack Tomato and Basil Protein Puffs 60 g,,AR-Protein,EGP 25.00,,,5.0,,,,,,,https://m.media-amazon.com/images/I/51AyoV3OVhL._AC_UL320_.jpg,https://m.media-amazon.com/images/I/51AyoV3OVhL._AC_UL320_.jpg,,,,,,,,,,,https://www.amazon.eg/dp/B0CG4D25NS,2026-06-07T05:58:02.405679
amazon,B0GGBZFPX9,humidifier Advanced Whey Protein with Chocolate Flavor (990g)..,,AR-Protein,"EGP 2,569.00",,,,,,,,,,https://m.media-amazon.com/images/I/51TiS45ljIL._AC_UL320_.jpg,https://m.media-amazon.com/images/I/51TiS45ljIL._AC_UL320_.jpg,,,,,,,,,,,https://www.amazon.eg/dp/B0GGBZFPX9,2026-06-07T05:58:02.406161
amazon,B0DCTT525B,"Healthy & Tasty Keto Bar Peanut Butter 60g, Protein Rich Supplement (12 Pack)",,AR-Protein,,,,,,,,,,,https://m.media-amazon.com/images/I/51ny2CcCpOL._AC_UL320_.jpg,https://m.media-amazon.com/images/I/51ny2CcCpOL._AC_UL320_.jpg,,,,,,,,,,,https://www.amazon.eg/dp/B0DCTT525B,2026-06-07T05:58:02.406584
amazon,B0BGJS8V16,"Challenger nutrition- l-glutamine, unflavored- 30serv /150 gm",,AR-Protein,EGP 337.65,EGP 350.00,,3.9,List:,,,,,,https://m.media-amazon.com/images/I/51l0hy5WU8L._AC_UL320_.jpg,https://m.media-amazon.com/images/I/51l0hy5WU8L._AC_UL320_.jpg,,,,,,,,,,,https://www.amazon.eg/dp/B0BGJS8V16,2026-06-07T05:58:02.407235
amazon,B0FSDX249B,"Novogen Whey Protein Isolate, Vanilla Ice Cream, 2 kg, 26g Protein per Serving, 60 Servings",,AR-Protein,,,,,,,,,,,https://m.media-amazon.com/images/I/615RkUZdtaL._AC_UL320_.jpg,https://m.media-amazon.com/images/I/615RkUZdtaL._AC_UL320_.jpg,,,,,,,,,,,https://www.amazon.eg/dp/B0FSDX249B,2026-06-07T05:58:05.526575
amazon,B0DFVZNWR6,"Isolate protein bars (16) blackhawk 30% protein (70g, Cashew)",,AR-Protein,EGP 699.00,,,5.0,,,,,,,https://m.media-amazon.com/images/I/61MV7cwG15L._AC_UL320_.jpg,https://m.media-amazon.com/images/I/61MV7cwG15L._AC_UL320_.jpg,,,,,,,,,,,https://www.amazon.eg/dp/B0DFVZNWR6,2026-06-07T05:58:05.527059
amazon,B0GLR2K9MK,Zero Lotusy Cheesecake Protein Bar 24g (Pack of 16),,AR-Protein,EGP 835.00,,,,,,,,,,https://m.media-amazon.com/images/I/51--4aR3iML._AC_UL320_.jpg,https://m.media-amazon.com/images/I/51--4aR3iML._AC_UL320_.jpg,,,,,,,,,,,https://www.amazon.eg/dp/B0GLR2K9MK,2026-06-07T05:58:05.527502
amazon,B07TNBB12F,"BlenderBottle Classic V2 Shaker Bottle Perfect for Protein Shakes and Pre Workout, 20-Ounce, Ocean Blue",,AR-Protein,"EGP 1,850.00",,,4.7,,,,,,,https://m.media-amazon.com/images/I/71TwGJa9u9L._AC_UL320_.jpg,https://m.media-amazon.com/images/I/71TwGJa9u9L._AC_UL320_.jpg,,,,,,,,,,,https://www.amazon.eg/dp/B07TNBB12F,2026-06-07T05:58:05.527991
amazon,B00IUHMKJ4,MuscleTech Essential Series 100% Platinum Glutamine - Unflavored - 60,,AR-Protein,"EGP 1,695.00",,,4.7,,,,,,,https://m.media-amazon.com/images/I/715KTl1U-dL._AC_UL320_.jpg,https://m.media-amazon.com/images/I/715KTl1U-dL._AC_UL320_.jpg,,,,,,,,,,,https://www.amazon.eg/dp/B00IUHMKJ4,2026-06-07T05:58:05.528460
amazon,B0GLR52HDW,Blackhawk Protien Bar 70g (Mix Box: 4 Strawberry + 4 Mocha + 4 Chocolate Brownes + 4 Cookies & Cream),,AR-Protein,EGP 647.00,,,,,,,,,,https://m.media-amazon.com/images/I/61K+z9CbPXL._AC_UL320_.jpg,https://m.media-amazon.com/images/I/61K+z9CbPXL._AC_UL320_.jpg,,,,,,,,,,,https://www.amazon.eg/dp/B0GLR52HDW,2026-06-07T05:58:05.528869
amazon,B091JDRMQZ,Spider Protein plastic shaker - spider,,AR-Protein,EGP 205.00,,,3.6,,,,,,,https://m.media-amazon.com/images/I/51R6kdn40bL._AC_UL320_.jpg,https://m.media-amazon.com/images/I/51R6kdn40bL._AC_UL320_.jpg,,,,,,,,,,,https://www.amazon.eg/dp/B091JDRMQZ,2026-06-07T05:58:05.529350
amazon,B0FJ8VL5BM,Lite Bite 30% Whey Protein Bar - Cappuccino - Box of 12 x 70g,,AR-Protein,"EGP 2,500.00",,,,,,,,,,https://m.media-amazon.com/images/I/51vVF5Sp9qL._AC_UL320_.jpg,https://m.media-amazon.com/images/I/51vVF5Sp9qL._AC_UL320_.jpg,,,,,,,,,,,https://www.amazon.eg/dp/B0FJ8VL5BM,2026-06-07T05:58:05.529764
amazon,B0FN7LGPNP,Vanilla Flavored Core Hydrolysate 1800 g,,AR-Protein,"EGP 4,800.00",,,,,,,,,,https://m.media-amazon.com/images/I/51YQmOUT19L._AC_UL320_.jpg,https://m.media-amazon.com/images/I/51YQmOUT19L._AC_UL320_.jpg,,,,,,,,,,,https://www.amazon.eg/dp/B0FN7LGPNP,2026-06-07T05:58:05.530195
amazon,B00CHJ3DW4,MYPROTEIN Creatine Monohydrate Unflavoured - 500g,,AR-Protein,"EGP 3,200.00",,,4.6,,,,,,,https://m.media-amazon.com/images/I/81fdmJW0D2L._AC_UL320_.jpg,https://m.media-amazon.com/images/I/81fdmJW0D2L._AC_UL320_.jpg,,,,,,,,,,,https://www.amazon.eg/dp/B00CHJ3DW4,2026-06-07T05:58:05.530648
amazon,B0CG4F81S4,Organic Nation Snack Attack Pizza Protein Puffs 60 g,,AR-Protein,EGP 444.60,,,,,,,,,,https://m.media-amazon.com/images/I/51u3oM2zi0L._AC_UL320_.jpg,https://m.media-amazon.com/images/I/51u3oM2zi0L._AC_UL320_.jpg,,,,,,,,,,,https://www.amazon.eg/dp/B0CG4F81S4,2026-06-07T05:58:05.531079
amazon,B09LDBCW5X,"Promixx Electric Protein Shaker, Vortex Mixer with X-Blade Technology, 600ml BPA Free Blender Bottle, Durable and Easy Clean Sport Shaker",,AR-Protein,"EGP 3,460.77",,,4.2,,,,,,,https://m.media-amazon.com/images/I/711WVq3I5NL._AC_UL320_.jpg,https://m.media-amazon.com/images/I/711WVq3I5NL._AC_UL320_.jpg,,,,,,,,,,,https://www.amazon.eg/dp/B09LDBCW5X,2026-06-07T05:58:05.531591
amazon,B0F7K7S11G,Yava labs | Pure iso whey 2kg | Cookies & Cream,,AR-Protein,"EGP 5,150.00",,,,,,,,,,https://m.media-amazon.com/images/I/71BikQCaqDL._AC_UL320_.jpg,https://m.media-amazon.com/images/I/71BikQCaqDL._AC_UL320_.jpg,,,,,,,,,,,https://www.amazon.eg/dp/B0F7K7S11G,2026-06-07T05:58:05.532035
amazon,B0FPB5XRJH,"Protein Shaker Bottle with Storage Compartments, 3-in-1 Pill Box,500ml (Mauve)",,AR-Protein,EGP 249.00,,,3.6,,,,,,,https://m.media-amazon.com/images/I/51fA5AgWGQL._AC_UL320_.jpg,https://m.media-amazon.com/images/I/51fA5AgWGQL._AC_UL320_.jpg,,,,,,,,,,,https://www.amazon.eg/dp/B0FPB5XRJH,2026-06-07T05:58:05.532520
amazon,B0FN3J37SF,Red Rex Banana Cream Pie of Rice Supplement 900 g,,AR-Protein,EGP 623.69,,,,,,,,,,https://m.media-amazon.com/images/I/61dVzzkQ8kL._AC_UL320_.jpg,https://m.media-amazon.com/images/I/61dVzzkQ8kL._AC_UL320_.jpg,,,,,,,,,,,https://www.amazon.eg/dp/B0FN3J37SF,2026-06-07T05:58:05.532951
amazon,B07NF34WN3,"Vital Proteins Collagen Creamer, Vanilla (10.6oz/ 305g)",,AR-Protein,"EGP 5,699.00",,,,,,,,,,https://m.media-amazon.com/images/I/41cl3gHmS1L._AC_UL320_.jpg,https://m.media-amazon.com/images/I/41cl3gHmS1L._AC_UL320_.jpg,,,,,,,,,,,https://www.amazon.eg/dp/B07NF34WN3,2026-06-07T05:58:05.533391
amazon,B0GZKQBY22,Zero Protein Bar Cookies & Cream 70g,,AR-Protein,EGP 95.00,,,,,,,,,,https://m.media-amazon.com/images/I/41wSp5syQ7L._AC_UL320_.jpg,https://m.media-amazon.com/images/I/41wSp5syQ7L._AC_UL320_.jpg,,,,,,,,,,,https://www.amazon.eg/dp/B0GZKQBY22,2026-06-07T05:58:05.533803
amazon,B0BKCM9NR2,"Protein Shaker Bottle Plastic BPA Free 500ml Gym Fitness Sport Water Bottle, VIP Classic Leak Proof Shake Bottle Mixer with Pill Tray - Protein Powder 16oz Non Slip Cups with 3in1 Layers | AD (Black)",,AR-Protein,EGP 365.00,,,3.6,,,,,,,https://m.media-amazon.com/images/I/51zascQ9dCL._AC_UL320_.jpg,https://m.media-amazon.com/images/I/51zascQ9dCL._AC_UL320_.jpg,,,,,,,,,,,https://www.amazon.eg/dp/B0BKCM9NR2,2026-06-07T05:58:05.534303
amazon,B0CF1CCQ6H,"Shaker Bottle,16oz Protein Shaker Bottles with Mixing Ball, 3 in 1 Leak-proof GYM Shake Cup with Powder Storage & Pill Tray, Ideal for Workout,BPA Free（Red）",,AR-Protein,EGP 499.00,,,4.4,,,,,,,https://m.media-amazon.com/images/I/61uvYnQIA-L._AC_UL320_.jpg,https://m.media-amazon.com/images/I/61uvYnQIA-L._AC_UL320_.jpg,,,,,,,,,,,https://www.amazon.eg/dp/B0CF1CCQ6H,2026-06-07T05:58:05.534798
amazon,B0CJMX2VVS,Amino beef Carnivore,,AR-Protein,"EGP 2,150.00",,,,,,,,,,https://m.media-amazon.com/images/I/51oFMyms2mL._AC_UL320_.jpg,https://m.media-amazon.com/images/I/51oFMyms2mL._AC_UL320_.jpg,,,,,,,,,,,https://www.amazon.eg/dp/B0CJMX2VVS,2026-06-07T05:58:05.535235
amazon,B0GHPJJJN6,Yava Labs CREAM OF RICE 1 Kg - 33 Servings - Strawberry,,AR-Protein,"EGP 1,350.00",,,,,,,,,,https://m.media-amazon.com/images/I/617mAcZ7oUL._AC_UL320_.jpg,https://m.media-amazon.com/images/I/617mAcZ7oUL._AC_UL320_.jpg,,,,,,,,,,,https://www.amazon.eg/dp/B0GHPJJJN6,2026-06-07T05:58:05.535651
amazon,B07MR4PGSZ,Universal Nutrition Animal Pak (30 packs),,AR-Protein,"EGP 4,000.00",,,5.0,,,,,,,https://m.media-amazon.com/images/I/61EyEQpdzqL._AC_UL320_.jpg,https://m.media-amazon.com/images/I/61EyEQpdzqL._AC_UL320_.jpg,,,,,,,,,,,https://www.amazon.eg/dp/B07MR4PGSZ,2026-06-07T05:58:09.295444
amazon,B0BGJGMQRV,"CHALLENGER NUTRITION- Casien, chocolate, 0.9 kg",,AR-Protein,"EGP 1,989.47",,,3.3,,,,,,,https://m.media-amazon.com/images/I/71VJRUdd9AL._AC_UL320_.jpg,https://m.media-amazon.com/images/I/71VJRUdd9AL._AC_UL320_.jpg,,,,,,,,,,,https://www.amazon.eg/dp/B0BGJGMQRV,2026-06-07T05:58:09.295897
amazon,B07QP13BJ9,"VOLTRX Premium Electric Protein Shaker Bottle, Made with Tritan - BPA Free - 600ml Vortex Portable Mixer Cup, USB C Rechargeable Shaker Cups for Protein Shakes (Black)",,AR-Protein,"EGP 2,995.00",,,4.2,,,,,,,https://m.media-amazon.com/images/I/41o7SLcLFKL._AC_UL320_.jpg,https://m.media-amazon.com/images/I/41o7SLcLFKL._AC_UL320_.jpg,,,,,,,,,,,https://www.amazon.eg/dp/B07QP13BJ9,2026-06-07T05:58:09.296394
amazon,B0GL3FJBCN,Shaker Bottle with Pill Organizer & Protein Powder Storage - 3 Layer 450ml Leakproof Lid BPA Free Twist Lock Containers - Ideal for Gym Goers (Multicolor),,AR-Protein,EGP 170.10,EGP 189.00,,,List:,,,,,,https://m.media-amazon.com/images/I/51XS7xscp9L._AC_UL320_.jpg,https://m.media-amazon.com/images/I/51XS7xscp9L._AC_UL320_.jpg,,,,,,,,,,,https://www.amazon.eg/dp/B0GL3FJBCN,2026-06-07T05:58:09.296909
amazon,B0DH8KD9S2,Fit Bar Protein Bar Coconut,,AR-Protein,EGP 70.00,,,,,,,,,,https://m.media-amazon.com/images/I/416TK-0N+FL._AC_UL320_.jpg,https://m.media-amazon.com/images/I/416TK-0N+FL._AC_UL320_.jpg,,,,,,,,,,,https://www.amazon.eg/dp/B0DH8KD9S2,2026-06-07T05:58:09.297352
amazon,B0B77VFHJH,Muscle Add | BLACK MIRROR | Pre-Workout Powder | Arginine | Caffeine | Beta-Alanine | Creatine | Muscle Pump | Premium Quality | 30 servings | 270g | Blue Razz,,AR-Protein,"EGP 1,070.00","EGP 1,100.00",,3.7,List:,,,,,,https://m.media-amazon.com/images/I/614qhHYluqL._AC_UL320_.jpg,https://m.media-amazon.com/images/I/614qhHYluqL._AC_UL320_.jpg,,,,,,,,,,,https://www.amazon.eg/dp/B0B77VFHJH,2026-06-07T05:58:09.297891
amazon,B0DS9264XB,Creatine Monohydrate 500 g,,AR-Protein,"EGP 1,230.00","EGP 1,350.00",,3.5,Was:,,,,,,https://m.media-amazon.com/images/I/41vXeOr-TkL._AC_UL320_.jpg,https://m.media-amazon.com/images/I/41vXeOr-TkL._AC_UL320_.jpg,,,,,,,,,,,https://www.amazon.eg/dp/B0DS9264XB,2026-06-07T05:58:09.298486
amazon,B0G1BSHPKN,KOUEIDER PROTEIN NUT BAR COCONUT & ALMOND X 12,,AR-Protein,EGP 600.00,,,,,,,,,,https://m.media-amazon.com/images/I/51oYnrwkFWL._AC_UL320_.jpg,https://m.media-amazon.com/images/I/51oYnrwkFWL._AC_UL320_.jpg,,,,,,,,,,,https://www.amazon.eg/dp/B0G1BSHPKN,2026-06-07T05:58:09.298898
amazon,B0FJLZMBNM,FABREEK 3-Tier Protein Shaker Bottle 16oz Sports Blender Cup with Two Twist On Storage Containers for Powders Supplements LeakProof Design with Mixing Strainer for Gym Travel (yellow and black),,AR-Protein,EGP 171.00,,,,,,,,,,https://m.media-amazon.com/images/I/618XO2TvABL._AC_UL320_.jpg,https://m.media-amazon.com/images/I/618XO2TvABL._AC_UL320_.jpg,,,,,,,,,,,https://www.amazon.eg/dp/B0FJLZMBNM,2026-06-07T05:58:09.299389
amazon,B09889JFR1,"Abu Auf Goji Berry and Coconut Protein Bar, 70 gm",,AR-Protein,EGP 125.00,,,3.6,,,,,,,https://m.media-amazon.com/images/I/81EpUFtSUYL._AC_UL320_.jpg,https://m.media-amazon.com/images/I/81EpUFtSUYL._AC_UL320_.jpg,,,,,,,,,,,https://www.amazon.eg/dp/B09889JFR1,2026-06-07T05:58:09.299861
amazon,B0FN7KL5DG,Lean A.F White Chocolate Raspberry Flavor Whey Protein 2 kg,,AR-Protein,,,,,,,,,,,https://m.media-amazon.com/images/I/61nr69ENebL._AC_UL320_.jpg,https://m.media-amazon.com/images/I/61nr69ENebL._AC_UL320_.jpg,,,,,,,,,,,https://www.amazon.eg/dp/B0FN7KL5DG,2026-06-07T05:58:09.300288
amazon,B0GSXH5BW1,L-Methionine 500 mg – 100 Vegetarian Capsules | Essential Amino Acid for Protein and Cellular Wellness,,AR-Protein,"EGP 2,900.00",,,,,,,,,,https://m.media-amazon.com/images/I/61KFhaDYQfL._AC_UL320_.jpg,https://m.media-amazon.com/images/I/61KFhaDYQfL._AC_UL320_.jpg,,,,,,,,,,,https://www.amazon.eg/dp/B0GSXH5BW1,2026-06-07T05:58:09.300715
amazon,B0FT575X2Y,"Protein Shaker Bottle 650ml Pink Gym Shaker Bottle with Twist Storage & 3-Layer Lock, 100% BPA Free Leak Proof for Sports and Fitness",,AR-Protein,EGP 275.00,,,,,,,,,,https://m.media-amazon.com/images/I/31r776GT2ZL._AC_UL320_.jpg,https://m.media-amazon.com/images/I/31r776GT2ZL._AC_UL320_.jpg,,,,,,,,,,,https://www.amazon.eg/dp/B0FT575X2Y,2026-06-07T05:58:09.301157
amazon,B0DWSZTWZ5,Kevin Levrone | Anabolic Glutamine | 60 SERV,,AR-Protein,"EGP 1,285.00",,,5.0,,,,,,,https://m.media-amazon.com/images/I/51Ezzr74sdL._AC_UL320_.jpg,https://m.media-amazon.com/images/I/51Ezzr74sdL._AC_UL320_.jpg,,,,,,,,,,,https://www.amazon.eg/dp/B0DWSZTWZ5,2026-06-07T05:58:09.301625
amazon,B0FN4DN2WK,Red Rex Banana Cream Pie of Rice Supplement 1800 g,,AR-Protein,"EGP 1,399.00",,,1.0,,,,,,,https://m.media-amazon.com/images/I/71xi140aMvL._AC_UL320_.jpg,https://m.media-amazon.com/images/I/71xi140aMvL._AC_UL320_.jpg,,,,,,,,,,,https://www.amazon.eg/dp/B0FN4DN2WK,2026-06-07T05:58:09.302103
amazon,B0C53CWQ8M,"Shaker Bottle Protein Shaker Bottle with Storage and Mix Ball,16OZ Sports Water Bottles with Pill Organizer,3 Layer Leak Proof Protein Powder Bottle GYM Cups BPA free, for Men and Women (green)",,AR-Protein,EGP 499.00,,,4.8,,,,,,,https://m.media-amazon.com/images/I/61ew4zoIgXL._AC_UL320_.jpg,https://m.media-amazon.com/images/I/61ew4zoIgXL._AC_UL320_.jpg,,,,,,,,,,,https://www.amazon.eg/dp/B0C53CWQ8M,2026-06-07T05:58:09.302570
amazon,B099SCM1YX,Protein Thanks,,AR-Protein,EGP 200.00,,,4.3,,,,,,,https://m.media-amazon.com/images/I/61uWDaSGvPL._AC_UL320_.jpg,https://m.media-amazon.com/images/I/61uWDaSGvPL._AC_UL320_.jpg,,,,,,,,,,,https://www.amazon.eg/dp/B099SCM1YX,2026-06-07T05:58:09.303044
amazon,B0CYY151XC,"Spanish Protein Shaker Bottle – 0.7L BPA-Free Plastic – Leak-Proof Flip Lid – Multi-Purpose & Reusable – Easy to Clean – Ideal for Gym, Fitness, Smoothies – Blue",,AR-Protein,EGP 265.47,,,,,,,,,,https://m.media-amazon.com/images/I/51I2l7zrx2L._AC_UL320_.jpg,https://m.media-amazon.com/images/I/51I2l7zrx2L._AC_UL320_.jpg,,,,,,,,,,,https://www.amazon.eg/dp/B0CYY151XC,2026-06-07T05:58:09.303463
amazon,B0GZKFJFDK,Zero Protein Bar Ice Cream Berry 70g,,AR-Protein,EGP 95.00,,,,,,,,,,https://m.media-amazon.com/images/I/41D1tgm5AML._AC_UL320_.jpg,https://m.media-amazon.com/images/I/41D1tgm5AML._AC_UL320_.jpg,,,,,,,,,,,https://www.amazon.eg/dp/B0GZKFJFDK,2026-06-07T05:58:09.303869
amazon,B0GKVMGT8L,Premium Vital Multi Collagen Peptides - 60 Gummies - with Practical Pill Box - Beauty & Joint Rhythm Matrix - Glow Shield - Non-GMO - Advanced Peptide Integrity,,AR-Protein,"EGP 3,350.00",,,,,,,,,,https://m.media-amazon.com/images/I/31gR94DG6YL._AC_UL320_.jpg,https://m.media-amazon.com/images/I/31gR94DG6YL._AC_UL320_.jpg,,,,,,,,,,,https://www.amazon.eg/dp/B0GKVMGT8L,2026-06-07T05:58:09.304319
amazon,B084PVX49W,"BlenderBottle Strada Shaker Cup Insulated Stainless Steel Water Bottle with Wire Whisk, 24-Ounce, White",,AR-Protein,"EGP 3,200.00",,,4.6,,,,,,,https://m.media-amazon.com/images/I/41l89J2WeKL._AC_UL320_.jpg,https://m.media-amazon.com/images/I/41l89J2WeKL._AC_UL320_.jpg,,,,,,,,,,,https://www.amazon.eg/dp/B084PVX49W,2026-06-07T05:58:09.304864
amazon,B0DHQR9H28,"Spanish Protein Shaker Bottle – 0.05L Leak-Proof Sports Design – BPA-Free Plastic – Reusable & Multi-Purpose with Flip Lid – Ideal for Gym, Smoothies & Workout Drinks – Dark Pink",,AR-Protein,EGP 248.38,,,2.0,,,,,,,https://m.media-amazon.com/images/I/61jHKQkhKOL._AC_UL320_.jpg,https://m.media-amazon.com/images/I/61jHKQkhKOL._AC_UL320_.jpg,,,,,,,,,,,https://www.amazon.eg/dp/B0DHQR9H28,2026-06-07T05:58:09.305361
amazon,B00BF0JKF0,"Chike Original High Protein Iced Coffee, 20 G Protein, 2 Shots Espresso, 1 G Sugar, Keto Friendly and Gluten Free, 14 Servings (15.1 Ounce)",,AR-Protein,"EGP 4,800.00",,,4.6,,,,,,,https://m.media-amazon.com/images/I/81pZNZ5UGzL._AC_UL320_.jpg,https://m.media-amazon.com/images/I/81pZNZ5UGzL._AC_UL320_.jpg,,,,,,,,,,,https://www.amazon.eg/dp/B00BF0JKF0,2026-06-07T05:58:12.799388
amazon,B09YQG4X3K,DY Nutrition Unflavoured Creatine Monohydrate Powder 300 g,,AR-Protein,"EGP 1,400.00",,,4.2,,,,,,,https://m.media-amazon.com/images/I/81mptGkn-7L._AC_UL320_.jpg,https://m.media-amazon.com/images/I/81mptGkn-7L._AC_UL320_.jpg,,,,,,,,,,,https://www.amazon.eg/dp/B09YQG4X3K,2026-06-07T05:58:12.801305
amazon,B0FR2CDVFD,"Crea Power Creatine Monohydrate Powder | 400g | 80 Servings | Premium Muscle Support, Energy & Performance | Pure Micronized Formula | Non-GMO, Gluten Free | Unflavored for Easy Mixing",,AR-Protein,"EGP 1,268.00",,,4.6,,,,,,,https://m.media-amazon.com/images/I/61n49kM7OuL._AC_UL320_.jpg,https://m.media-amazon.com/images/I/61n49kM7OuL._AC_UL320_.jpg,,,,,,,,,,,https://www.amazon.eg/dp/B0FR2CDVFD,2026-06-07T05:58:12.801767
amazon,B0BWMX57QM,MAX MUSCLE | Pre-Shot | Watermelon | 60ML | 1 Serving | Pre-workout Liquid Shot | Ready to Drink |Increase Performance | Faster Muscle Recovery | Explosive Energy for Workout,,AR-Protein,EGP 50.00,,,,,,,,,,https://m.media-amazon.com/images/I/517prFAmlkL._AC_UL320_.jpg,https://m.media-amazon.com/images/I/517prFAmlkL._AC_UL320_.jpg,,,,,,,,,,,https://www.amazon.eg/dp/B0BWMX57QM,2026-06-07T05:58:12.802198
amazon,B0FMGHJHKJ,KEEP GOING Creatine Monohydrate,,AR-Protein,"EGP 1,190.00",,,5.0,,,,,,,https://m.media-amazon.com/images/I/51Hbw7J57ML._AC_UL320_.jpg,https://m.media-amazon.com/images/I/51Hbw7J57ML._AC_UL320_.jpg,,,,,,,,,,,https://www.amazon.eg/dp/B0FMGHJHKJ,2026-06-07T05:58:12.802674
amazon,B0G1TFKHJZ,"Zero Isolate Whey | 907g (30 Servings) | Chocolate Flavor | Low Sugar & Fat | Clean, Smooth & Gluten-Free Formula",,AR-Protein,"EGP 4,200.00",,,,,,,,,,https://m.media-amazon.com/images/I/41BKzmMi2qL._AC_UL320_.jpg,https://m.media-amazon.com/images/I/41BKzmMi2qL._AC_UL320_.jpg,,,,,,,,,,,https://www.amazon.eg/dp/B0G1TFKHJZ,2026-06-07T05:58:12.803106
amazon,B0BMXRFQRY,"Lino Protien Bar Brownies, 70g",,AR-Protein,,,,4.6,,,,,,,https://m.media-amazon.com/images/I/71zSjYLvoeL._AC_UL320_.jpg,https://m.media-amazon.com/images/I/71zSjYLvoeL._AC_UL320_.jpg,,,,,,,,,,,https://www.amazon.eg/dp/B0BMXRFQRY,2026-06-07T05:58:12.803569
amazon,B0BMXRBP2S,"Lino Protien Bar Peanut Butter, 70g",,AR-Protein,,,,3.1,,,,,,,https://m.media-amazon.com/images/I/71BQ9Kq6tPL._AC_UL320_.jpg,https://m.media-amazon.com/images/I/71BQ9Kq6tPL._AC_UL320_.jpg,,,,,,,,,,,https://www.amazon.eg/dp/B0BMXRBP2S,2026-06-07T05:58:12.804048
amazon,B07417Q6LD,"100% Norwegian Pure Marine Collagen Powder | Hydrolyzed Collagen Type I & III | Wild Arctic Cod | for Skin, Hair, Nails, Tendons, Muscles | 300g (for 2 Months) (Unflavored)",,AR-Protein,"EGP 5,300.00",,,4.4,,,,,,,https://m.media-amazon.com/images/I/61QFuBNnSrL._AC_UL320_.jpg,https://m.media-amazon.com/images/I/61QFuBNnSrL._AC_UL320_.jpg,,,,,,,,,,,https://www.amazon.eg/dp/B07417Q6LD,2026-06-07T05:58:12.804554
amazon,B0FT57BSV2,"650ml Protein Shaker Bottle with Rotating Storage & 3-Layer Lock, 100% BPA Free Leak Proof Protein Shaker Bottle for Sports and Fitness (fdk;)",,AR-Protein,EGP 245.00,,,,,,,,,,https://m.media-amazon.com/images/I/31r776GT2ZL._AC_UL320_.jpg,https://m.media-amazon.com/images/I/31r776GT2ZL._AC_UL320_.jpg,,,,,,,,,,,https://www.amazon.eg/dp/B0FT57BSV2,2026-06-07T05:58:12.804987
amazon,B0DJ58RSQD,"ALCOACH Shaker Bottle Protein spider Bottles with Storage and Mix Ball, 16OZ Sports Water Bottle with Pill Organizer,Leak Proof Shaker Bottles for Protein Mixes and Pre Work Out,BPA Free (Black1)",,AR-Protein,EGP 499.00,,,2.5,,,,,,,https://m.media-amazon.com/images/I/51zF1BB+tOL._AC_UL320_.jpg,https://m.media-amazon.com/images/I/51zF1BB+tOL._AC_UL320_.jpg,,,,,,,,,,,https://www.amazon.eg/dp/B0DJ58RSQD,2026-06-07T05:58:12.805448
amazon,B0C2DWYTNC,Protein Shaker Bottle with Storage 500ml | BPA Free Gym Shaker Cups for Protein Shakes Bottle | Leakproof Large Sports Supplements Shakers (500 ml),,AR-Protein,,,,1.0,,,,,,,https://m.media-amazon.com/images/I/617xCfiITOL._AC_UL320_.jpg,https://m.media-amazon.com/images/I/617xCfiITOL._AC_UL320_.jpg,,,,,,,,,,,https://www.amazon.eg/dp/B0C2DWYTNC,2026-06-07T05:58:12.805903
amazon,B0DVZPLTSB,"NeoCell Super Multi Collagen Peptides | 120 Tablets | 10 Types of Collagen | Skin, Hair and Nails | Beauty Supplement | For Men and Women",,AR-Protein,"EGP 2,950.00",,,4.6,,,,,,,https://m.media-amazon.com/images/I/61Dg6C2uXLL._AC_UL320_.jpg,https://m.media-amazon.com/images/I/61Dg6C2uXLL._AC_UL320_.jpg,,,,,,,,,,,https://www.amazon.eg/dp/B0DVZPLTSB,2026-06-07T05:58:12.806390
amazon,B0F7JVC7NB,Yava labs | Pure iso whey 2kg | Strawberry Ice Cream,,AR-Protein,"EGP 5,150.00",,,,,,,,,,https://m.media-amazon.com/images/I/71KNA20CI5L._AC_UL320_.jpg,https://m.media-amazon.com/images/I/71KNA20CI5L._AC_UL320_.jpg,,,,,,,,,,,https://www.amazon.eg/dp/B0F7JVC7NB,2026-06-07T05:58:12.806806
amazon,B08VDWVC5D,"DY Nutrition - Blood and Guts Pre Workout Powder, 380g (Mango) - High Strength Preworkout with 350mg Caffeine, Citrulline Malate, Beta Alanine, Arginine AKG, L-Tyrosine, Vitamin B3 for Men & Women",,AR-Protein,"EGP 2,190.00",,,4.3,,,,,,,https://m.media-amazon.com/images/I/81+zfgTnfmL._AC_UL320_.jpg,https://m.media-amazon.com/images/I/81+zfgTnfmL._AC_UL320_.jpg,,,,,,,,,,,https://www.amazon.eg/dp/B08VDWVC5D,2026-06-07T05:58:12.807280
amazon,B08HVCV8DR,Protein Shaker Bottle - Sports Water Bottle - Non Slip 3 Layer Twist off 3oz Cups with Pill Tray - Leak Proof Shake Bottle Mixer- Protein Powder 16 oz Shake Cup with Storage Purple,,AR-Protein,EGP 399.00,,,3.3,,,,,,,https://m.media-amazon.com/images/I/61nIfNZaNTS._AC_UL320_.jpg,https://m.media-amazon.com/images/I/61nIfNZaNTS._AC_UL320_.jpg,,,,,,,,,,,https://www.amazon.eg/dp/B08HVCV8DR,2026-06-07T05:58:12.807796
amazon,B0D4DPWQCR,"Applied Nutrition Amino Fuel - EAAs Powder, EAA Essential Amino Acids Powder for Muscle Supply & Regeneration",,AR-Protein,,,,4.7,,,,,,,https://m.media-amazon.com/images/I/81KiQKadJJL._AC_UL320_.jpg,https://m.media-amazon.com/images/I/81KiQKadJJL._AC_UL320_.jpg,,,,,,,,,,,https://www.amazon.eg/dp/B0D4DPWQCR,2026-06-07T05:58:12.808275
amazon,B0CHRR662L,Max Muscle Mega Multi Sport 30 Serving 60 Coated Tablet for Men,,AR-Protein,EGP 553.87,,,4.3,,,,,,,https://m.media-amazon.com/images/I/511-f-zRqrL._AC_UL320_.jpg,https://m.media-amazon.com/images/I/511-f-zRqrL._AC_UL320_.jpg,,,,,,,,,,,https://www.amazon.eg/dp/B0CHRR662L,2026-06-07T05:58:12.808780
amazon,B0D6RPRVL2,Muscle Zone 700ml Protein Powder Shaker hight Quality Materials - clear and black,,AR-Protein,EGP 149.00,,,3.4,,,,,,,https://m.media-amazon.com/images/I/51hilgbaI2L._AC_UL320_.jpg,https://m.media-amazon.com/images/I/51hilgbaI2L._AC_UL320_.jpg,,,,,,,,,,,https://www.amazon.eg/dp/B0D6RPRVL2,2026-06-07T05:58:12.809254
amazon,B0GHFHKB1M,Adams Essential Protein Shaker Bottle,,AR-Protein,EGP 290.00,,,,,,,,,,https://m.media-amazon.com/images/I/31AmZxYIuyL._AC_UL320_.jpg,https://m.media-amazon.com/images/I/31AmZxYIuyL._AC_UL320_.jpg,,,,,,,,,,,https://www.amazon.eg/dp/B0GHFHKB1M,2026-06-07T05:58:12.809666
amazon,B0GNHZP5CK,"Humidifier Beef Amino, 100% Pure Beef Protein, 300 Tablets, 100 Servings, Muscle Growth & Recovery, Non-GMO, Gluten Free, 100 grams",,AR-Protein,"EGP 1,881.00",,,,,,,,,,https://m.media-amazon.com/images/I/51x-gK+2e7L._AC_UL320_.jpg,https://m.media-amazon.com/images/I/51x-gK+2e7L._AC_UL320_.jpg,,,,,,,,,,,https://www.amazon.eg/dp/B0GNHZP5CK,2026-06-07T05:58:12.810057
amazon,B0D4DJTW4Y,"Applied Nutrition Amino Fuel - EAAs Powder, EAA Essential Amino Acids Powder for Muscle Supply & Regeneration",,AR-Protein,"EGP 3,190.00",,,4.5,,,,,,,https://m.media-amazon.com/images/I/71IYN99Ec5L._AC_UL320_.jpg,https://m.media-amazon.com/images/I/71IYN99Ec5L._AC_UL320_.jpg,,,,,,,,,,,https://www.amazon.eg/dp/B0D4DJTW4Y,2026-06-07T05:58:12.810553
amazon,B0D589BH5H,Activated Charcoal Capsules,,AR-Protein,,,,5.0,,,,,,,https://m.media-amazon.com/images/I/41zvbdVuJrL._AC_UL320_.jpg,https://m.media-amazon.com/images/I/41zvbdVuJrL._AC_UL320_.jpg,,,,,,,,,,,https://www.amazon.eg/dp/B0D589BH5H,2026-06-07T05:58:15.613824
amazon,B0CHRR8MFD,Max Muscle 30 Serving ZMA Sport 30 Capsules,,AR-Protein,EGP 390.00,,,4.1,,,,,,,https://m.media-amazon.com/images/I/51hvECwV18L._AC_UL320_.jpg,https://m.media-amazon.com/images/I/51hvECwV18L._AC_UL320_.jpg,,,,,,,,,,,https://www.amazon.eg/dp/B0CHRR8MFD,2026-06-07T05:58:15.614351
amazon,B07CZ5M78T,"Science in Sport HYDRO Electrolyte Tablets 60 pcs. Variety Pack Pineapple Mango, Berry, Lemon – Vegan & Gluten-Free, Ideal to Promote Hydration and Maintain Electrolytes Balance (packaging may vary)",,AR-Protein,,,,4.6,,,,,,,https://m.media-amazon.com/images/I/71J3+x0709L._AC_UL320_.jpg,https://m.media-amazon.com/images/I/71J3+x0709L._AC_UL320_.jpg,,,,,,,,,,,https://www.amazon.eg/dp/B07CZ5M78T,2026-06-07T05:58:15.614812
amazon,B09NYLPLHR,"Moringa Leaf Powder Bio 1 kg | Antioxidant, Protein, Energy, Leather | Superior Quality",,AR-Protein,"EGP 2,250.00",,,4.2,,,,,,,https://m.media-amazon.com/images/I/81dRK-b85qL._AC_UL320_.jpg,https://m.media-amazon.com/images/I/81dRK-b85qL._AC_UL320_.jpg,,,,,,,,,,,https://www.amazon.eg/dp/B09NYLPLHR,2026-06-07T05:58:15.615264
amazon,B0BDXYVH6G,"Centrum with Lutein, A to Zinc supplements for Adults with Vitamin B, C, D, Minerals, Nutrients and Trace Elements, 30 Tablets",,AR-Protein,EGP 350.00,,,4.5,,,,,,,https://m.media-amazon.com/images/I/61XYR9YQ8oL._AC_UL320_.jpg,https://m.media-amazon.com/images/I/61XYR9YQ8oL._AC_UL320_.jpg,,,,,,,,,,,https://www.amazon.eg/dp/B0BDXYVH6G,2026-06-07T05:58:15.615725
amazon,B07BQ67B8P,"REDCON1 Total War Pre Workout Powder, Sour Gummy Bear - Beta Alanine + Citrulline Malate Vegan & Keto Friendly Preworkout for Men & Women with 320mg of Caffeine - Fast Acting HMB (30 Servings)",,AR-Protein,"EGP 1,820.00",,,4.2,,,,,,,https://m.media-amazon.com/images/I/71hkEj9+oYL._AC_UL320_.jpg,https://m.media-amazon.com/images/I/71hkEj9+oYL._AC_UL320_.jpg,,,,,,,,,,,https://www.amazon.eg/dp/B07BQ67B8P,2026-06-07T05:58:15.616271
amazon,B01M12RE4D,MCT C8 Pure Oil | 4X C8 More Than MCT Oils | Supports Keto & Fasting | 100% Coconut | Vegan Safe & Gluten Free | Bulletproof | BPA Free Bottle | 1000ml Ketosource,,AR-Protein,"EGP 6,010.00","EGP 6,201.00",,4.4,Was:,,,,,,https://m.media-amazon.com/images/I/51PxrGm1ZoL._AC_UL320_.jpg,https://m.media-amazon.com/images/I/51PxrGm1ZoL._AC_UL320_.jpg,,,,,,,,,,,https://www.amazon.eg/dp/B01M12RE4D,2026-06-07T05:58:15.616797
amazon,B0CHRP57MH,Max Muscle 3000 mg 30 Serving Arginine 60 Coated Tablet,,AR-Protein,EGP 400.00,,,4.7,,,,,,,https://m.media-amazon.com/images/I/51myq5xp0AL._AC_UL320_.jpg,https://m.media-amazon.com/images/I/51myq5xp0AL._AC_UL320_.jpg,,,,,,,,,,,https://www.amazon.eg/dp/B0CHRP57MH,2026-06-07T05:58:15.617281
amazon,B0CLPFG57J,Hero BCAA Rush Powder | 300gm | 60 Serv. | 5000 mg per serving | For Endurance & Muscle recovery (Watermelon),,AR-Protein,EGP 649.99,,,,,,,,,,https://m.media-amazon.com/images/I/61m0AyxngJL._AC_UL320_.jpg,https://m.media-amazon.com/images/I/61m0AyxngJL._AC_UL320_.jpg,,,,,,,,,,,https://www.amazon.eg/dp/B0CLPFG57J,2026-06-07T05:58:15.617728
amazon,B0GYQ3BJXT,Syrup 120ml,,AR-Protein,EGP 150.00,,,,,,,,,,https://m.media-amazon.com/images/I/71Uomw-AweL._AC_UL320_.jpg,https://m.media-amazon.com/images/I/71Uomw-AweL._AC_UL320_.jpg,,,,,,,,,,,https://www.amazon.eg/dp/B0GYQ3BJXT,2026-06-07T05:58:15.618163
amazon,B08G51VYY4,Xtend SCIVATION 30 SERVING LEMON LIME,,AR-Protein,,,,4.4,,,,,,,https://m.media-amazon.com/images/I/71frMY6yBoL._AC_UL320_.jpg,https://m.media-amazon.com/images/I/71frMY6yBoL._AC_UL320_.jpg,,,,,,,,,,,https://www.amazon.eg/dp/B08G51VYY4,2026-06-07T05:58:15.618613
amazon,B0GVYW789T,"Langon Marine Collagen Powder 8,500mg | Joints, Skin, Hair & Nails | Vitamin C 10 Sachets Orange Flavour لانجون كولاجين بحري 8,500 مجم للمفاصل، البشرة، الشعر والأظافر 10 اكياس ڤتامين سي طعم البرتقال",,AR-Protein,EGP 318.00,,,4.0,,,,,,,https://m.media-amazon.com/images/I/51xngRzz+QL._AC_UL320_.jpg,https://m.media-amazon.com/images/I/51xngRzz+QL._AC_UL320_.jpg,,,,,,,,,,,https://www.amazon.eg/dp/B0GVYW789T,2026-06-07T05:58:15.619094
amazon,B09BW622D9,Nutrex EAA + Hydration Strawberry Watermelon,,AR-Protein,"EGP 1,450.08",,,4.5,,,,,,,https://m.media-amazon.com/images/I/715WtR757nL._AC_UL320_.jpg,https://m.media-amazon.com/images/I/715WtR757nL._AC_UL320_.jpg,,,,,,,,,,,https://www.amazon.eg/dp/B09BW622D9,2026-06-07T05:58:15.619571
amazon,B0CHRP29WX,Max Muscle 120 Serving Watermelon Max-Creatine HCL Powder 270 g,,AR-Protein,EGP 900.00,,,1.0,,,,,,,https://m.media-amazon.com/images/I/61xhDvKfn-L._AC_UL320_.jpg,https://m.media-amazon.com/images/I/61xhDvKfn-L._AC_UL320_.jpg,,,,,,,,,,,https://www.amazon.eg/dp/B0CHRP29WX,2026-06-07T05:58:15.620053
amazon,B0BTMJY2M1,RedRex - BCAA 30srv Lemon Lime,,AR-Protein,EGP 790.00,,,3.3,,,,,,,https://m.media-amazon.com/images/I/61E-ZZo9i4L._AC_UL320_.jpg,https://m.media-amazon.com/images/I/61E-ZZo9i4L._AC_UL320_.jpg,,,,,,,,,,,https://www.amazon.eg/dp/B0BTMJY2M1,2026-06-07T05:58:15.620520
amazon,B0FN7R8Q5D,Mango Flavoured Maze Supplement Powder 400 g,,AR-Protein,"EGP 1,920.00",,,5.0,,,,,,,https://m.media-amazon.com/images/I/51-7DZ4l1NL._AC_UL320_.jpg,https://m.media-amazon.com/images/I/51-7DZ4l1NL._AC_UL320_.jpg,,,,,,,,,,,https://www.amazon.eg/dp/B0FN7R8Q5D,2026-06-07T05:58:15.621002
amazon,B0DWT24ZCY,"Max Muscle Beta-Alanine 3000, 120 Capsules",,AR-Protein,EGP 460.00,,,3.1,,,,,,,https://m.media-amazon.com/images/I/51dOT0d8ckL._AC_UL320_.jpg,https://m.media-amazon.com/images/I/51dOT0d8ckL._AC_UL320_.jpg,,,,,,,,,,,https://www.amazon.eg/dp/B0DWT24ZCY,2026-06-07T05:58:15.621480
amazon,B0BTQ38XQT,Myprotein Creatine Monohydrate 250g,,AR-Protein,,,,4.4,,,,,,,https://m.media-amazon.com/images/I/61a5OsBopiL._AC_UL320_.jpg,https://m.media-amazon.com/images/I/61a5OsBopiL._AC_UL320_.jpg,,,,,,,,,,,https://www.amazon.eg/dp/B0BTQ38XQT,2026-06-07T05:58:15.621941
amazon,B0FR2H7QVR,"Crea Power Creatine Monohydrate Powder | 150g | 30 Serving | Micronized Pure Formula for Muscle Energy, Strength Workout Recovery | Unflavored, Non-GMO & Gluten Free",,AR-Protein,EGP 699.00,,,4.7,,,,,,,https://m.media-amazon.com/images/I/51Ep2iZDKIL._AC_UL320_.jpg,https://m.media-amazon.com/images/I/51Ep2iZDKIL._AC_UL320_.jpg,,,,,,,,,,,https://www.amazon.eg/dp/B0FR2H7QVR,2026-06-07T05:58:15.622468
amazon,B0C94755DY,Brilliant Touch Face &body Scrub 6Pcs. 250ml MILK protein,,AR-Protein,EGP 149.00,,,3.0,,,,,,,https://m.media-amazon.com/images/I/61dcwNDweML._AC_UL320_.jpg,https://m.media-amazon.com/images/I/61dcwNDweML._AC_UL320_.jpg,,,,,,,,,,,https://www.amazon.eg/dp/B0C94755DY,2026-06-07T05:58:15.622947
amazon,B0DWSZT6V4,Max Muscle Creatine HCL 750 120 Capsules,,AR-Protein,EGP 675.00,,,5.0,,,,,,,https://m.media-amazon.com/images/I/51Jpb2OSkOL._AC_UL320_.jpg,https://m.media-amazon.com/images/I/51Jpb2OSkOL._AC_UL320_.jpg,,,,,,,,,,,https://www.amazon.eg/dp/B0DWSZT6V4,2026-06-07T05:58:15.623425
amazon,B003AIF4Q4,High5 Zero-Berry,,AR-Protein,"EGP 2,450.00",,,4.5,,,,,,,https://m.media-amazon.com/images/I/61m3+mP+EyL._AC_UL320_.jpg,https://m.media-amazon.com/images/I/61m3+mP+EyL._AC_UL320_.jpg,,,,,,,,,,,https://www.amazon.eg/dp/B003AIF4Q4,2026-06-07T05:58:19.602073
amazon,B07RMD2XW9,NUTRABOLICS MASS FUSION SALTED CARAMEL 12LB : 61393,,AR-Protein,"EGP 5,950.00",,,5.0,,,,,,,https://m.media-amazon.com/images/I/81RDAauDhiL._AC_UL320_.jpg,https://m.media-amazon.com/images/I/81RDAauDhiL._AC_UL320_.jpg,,,,,,,,,,,https://www.amazon.eg/dp/B07RMD2XW9,2026-06-07T05:58:19.602535
amazon,B0DB1ZDTGS,KEVIN LEVRONE Signature Series Anabolic ISO Whey (2KG) - Cookies with cream,,AR-Protein,,,,,,,,,,,https://m.media-amazon.com/images/I/51mYG4gW-+L._AC_UL320_.jpg,https://m.media-amazon.com/images/I/51mYG4gW-+L._AC_UL320_.jpg,,,,,,,,,,,https://www.amazon.eg/dp/B0DB1ZDTGS,2026-06-07T05:58:19.602937
amazon,B0FN7KL5CT,Chocolate Flavored Gainer Pro 5000 g,,AR-Protein,"EGP 3,600.00",,,,,,,,,,https://m.media-amazon.com/images/I/61PGQeqk0BL._AC_UL320_.jpg,https://m.media-amazon.com/images/I/61PGQeqk0BL._AC_UL320_.jpg,,,,,,,,,,,https://www.amazon.eg/dp/B0FN7KL5CT,2026-06-07T05:58:19.603416
