platform,product_id,title,brand,category,current_price,original_price,discount,rating,reviews_count,availability,seller,express_delivery,platform_badge,sponsored,main_image,all_images,description,weight,dimensions,model_number,country_of_origin,warranty,tech_specs,variations,ships_from,delivery_date,product_url,scraped_at
amazon,B0DWM7XF85,"USB Sunset Projection Lamp – Warm Light Decorative Light for Bedroom, Salon, Photography – Flexible and Adjustable for Perfect Lighting (Yellow)",,Lighting,EGP 249.00,,,4.4,,,,,,,https://m.media-amazon.com/images/I/71Nnt5nPXlL._AC_UL320_.jpg,https://m.media-amazon.com/images/I/71Nnt5nPXlL._AC_UL320_.jpg,,,,,,,,,,,https://www.amazon.eg/dp/B0DWM7XF85,2026-06-04T06:02:18.977977
amazon,B0F1ZFS8KK,El Rawda Lighting - Elegant Gold Metal Table Lamp with Unique Fabric Shade - RL-TL-B-065,,Lighting,EGP 338.00,,,4.2,,,,,,,https://m.media-amazon.com/images/I/615EIPZgvQL._AC_UL320_.jpg,https://m.media-amazon.com/images/I/615EIPZgvQL._AC_UL320_.jpg,,,,,,,,,,,https://www.amazon.eg/dp/B0F1ZFS8KK,2026-06-04T06:02:18.978572
amazon,B0GY1K5VGK,Modern Wood Decorative LED Table Lamp – Large Clear Glass Lamp – Dimmable Warm Lighting – Bedroom Desk Lamp – Elegant Design with Rotary Control Switch – Suitable for Modern Home Decor,,Lighting,EGP 350.00,,,3.6,,,,,,,https://m.media-amazon.com/images/I/516OGP2p4ZL._AC_UL320_.jpg,https://m.media-amazon.com/images/I/516OGP2p4ZL._AC_UL320_.jpg,,,,,,,,,,,https://www.amazon.eg/dp/B0GY1K5VGK,2026-06-04T06:02:18.979150
amazon,B09PG28116,"Xubialo Crystal Light Lamp Color Changing Lamps Table Lamp with Touch & Remote Control, Diamond LED Night Light Rechargeable Rose Romantic Date Lighting Decor for Festival, Home, Restaurant, Bar",,Lighting,EGP 155.00,EGP 160.00,,4.1,Was:,,,,,,https://m.media-amazon.com/images/I/81Tsr-WghYL._AC_UL320_.jpg,https://m.media-amazon.com/images/I/81Tsr-WghYL._AC_UL320_.jpg,,,,,,,,,,,https://www.amazon.eg/dp/B09PG28116,2026-06-04T06:02:18.979768
amazon,B08W3CZK88,"DPISZONE Romantic Sky Star Master Night Light Projector Children Kids Baby Sleep Lighting USB Lamp Led Projection Best Gift for Diwali, Birthday, Christmas (Multi Color - Star Moon Lamp)",,Lighting,EGP 145.00,,,3.5,,,,,,,https://m.media-amazon.com/images/I/61qu2ATPeRL._AC_UL320_.jpg,https://m.media-amazon.com/images/I/61qu2ATPeRL._AC_UL320_.jpg,,,,,,,,,,,https://www.amazon.eg/dp/B08W3CZK88,2026-06-04T06:02:18.980339
amazon,B0C3B5DGFG,"Necomi Double Head LED Desk Lamp, Rechargeable, Eye-Caring, Touch Control With USB Charging Port-Bedside Table Lamp for Reading, Study Lamp for Kids, Home, Office, [Amazon Exclusive]",,Lighting,EGP 225.00,,,3.2,,,,,,,https://m.media-amazon.com/images/I/61xFcU8nUVL._AC_UL320_.jpg,https://m.media-amazon.com/images/I/61xFcU8nUVL._AC_UL320_.jpg,,,,,,,,,,,https://www.amazon.eg/dp/B0C3B5DGFG,2026-06-04T06:02:18.980880
amazon,B0GKWTMJYB,"TECHZONE Adjustable Swing Arm Modern Desk Lamp – Classic Adjustable Arm Lighting with Long Reach, Dimmable LED Table Lamp for Home & Office Workspace (Black)",,Lighting,EGP 549.00,EGP 799.00,,4.2,List:,,,,,,https://m.media-amazon.com/images/I/51XEBPXIt-L._AC_UL320_.jpg,https://m.media-amazon.com/images/I/51XEBPXIt-L._AC_UL320_.jpg,,,,,,,,,,,https://www.amazon.eg/dp/B0GKWTMJYB,2026-06-04T06:02:18.981538
amazon,B09TFY9YBH,TARAMPRO 0.5 W LED Night Lamp Automatic Sensor Smart LED Night Light for Kids Elderly Bedroom Plug Type – Pack of 1 (White),,Lighting,EGP 99.90,,,3.6,,,,,,,https://m.media-amazon.com/images/I/71G4wXjpFJL._AC_UL320_.jpg,https://m.media-amazon.com/images/I/71G4wXjpFJL._AC_UL320_.jpg,,,,,,,,,,,https://www.amazon.eg/dp/B09TFY9YBH,2026-06-04T06:02:18.982198
amazon,B0D1FT99HP,"Swinerton Cordless Table Lamps Rechargeable, Portable LED Desk Lamp, 5000mAh Battery Powered Wireless Table Light - 3 Color Dimmable Lighting for Restaurant Dining Patio Outdoor Bedroom(Black)",,Lighting,EGP 470.00,,,4.2,,,,,,,https://m.media-amazon.com/images/I/41Eso7mLjLL._AC_UL320_.jpg,https://m.media-amazon.com/images/I/41Eso7mLjLL._AC_UL320_.jpg,,,,,,,,,,,https://www.amazon.eg/dp/B0D1FT99HP,2026-06-04T06:02:18.982731
amazon,B0C5M5W3FL,LED Desk Lamp LED Table Lamp LED Eye Care Lamp Dimmable 10 Brightness 3 Modes Table Lighting with Clip Reading Light for Study Work,,Lighting,EGP 999.00,,,4.2,,,,,,,https://m.media-amazon.com/images/I/61gisUJubSL._AC_UL320_.jpg,https://m.media-amazon.com/images/I/61gisUJubSL._AC_UL320_.jpg,,,,,,,,,,,https://www.amazon.eg/dp/B0C5M5W3FL,2026-06-04T06:02:18.983357
amazon,B0GK1XTDDB,"Oops, Indoor Table & Floor Lamp with Fabric Shade – Decorative Lighting Solution for Home Décor, Soft Ambient Light, Easy Style Upgrade - Classic Design - Gold&Biege",,Lighting,EGP 350.00,,,5.0,,,,,,,https://m.media-amazon.com/images/I/419F-EJhmpL._AC_UL320_.jpg,https://m.media-amazon.com/images/I/419F-EJhmpL._AC_UL320_.jpg,,,,,,,,,,,https://www.amazon.eg/dp/B0GK1XTDDB,2026-06-04T06:02:18.983906
amazon,B0BRB773KL,"Portal USB Night Light, USB LED Light, Energy-Saving Light, Portable Lighting, Ambient Lighting, Decorative Lamp, Mini USB Light for Car, Bedroom, Nursery, Bathroom (1 White Light + 1 Warm Light)",,Lighting,EGP 32.00,,,3.2,,,,,,,https://m.media-amazon.com/images/I/51l6giDIrlL._AC_UL320_.jpg,https://m.media-amazon.com/images/I/51l6giDIrlL._AC_UL320_.jpg,,,,,,,,,,,https://www.amazon.eg/dp/B0BRB773KL,2026-06-04T06:02:18.984434
amazon,B0F1ZDR8M1,El Rawda Lighting - Elegant Beige Metal Table Lamp with Unique Fabric Shade - RL-TL-B-043,,Lighting,EGP 310.00,EGP 400.00,,3.9,List:,,,,,,https://m.media-amazon.com/images/I/71s1dygkaQL._AC_UL320_.jpg,https://m.media-amazon.com/images/I/71s1dygkaQL._AC_UL320_.jpg,,,,,,,,,,,https://www.amazon.eg/dp/B0F1ZDR8M1,2026-06-04T06:02:18.985060
amazon,B0GKXJJ7FM,"TECHZONE Adjustable Swing Arm Modern Desk Lamp – Classic Adjustable Arm Lighting with Long Reach, Dimmable LED Table Lamp for Home & Office Workspace (Silver)",,Lighting,EGP 539.00,EGP 799.00,,4.2,List:,,,,,,https://m.media-amazon.com/images/I/51tAIC9Ky0L._AC_UL320_.jpg,https://m.media-amazon.com/images/I/51tAIC9Ky0L._AC_UL320_.jpg,,,,,,,,,,,https://www.amazon.eg/dp/B0GKXJJ7FM,2026-06-04T06:02:18.985702
amazon,B0GRRD71JV,LED Vertical Stand RGB Colorful Light with Remote Control – Modern Decorative Floor Lamp for Living Room Bedroom – Photography Corner Lighting for Gaming Relaxation – Floor LED Corner Lamp 150cm,,Lighting,"EGP 1,050.00",,,4.2,,,,,,,https://m.media-amazon.com/images/I/213vZguj29L._AC_UL320_.jpg,https://m.media-amazon.com/images/I/213vZguj29L._AC_UL320_.jpg,,,,,,,,,,,https://www.amazon.eg/dp/B0GRRD71JV,2026-06-04T06:02:18.986241
amazon,B0C89G1Y9Q,"2 Pieces Rattan Pendant Lamp, Boho Vintage Ceiling Light, Rustic E27 Retro Chandelier Lights, Hand-Woven Rope Lampshade Dining Room Lighting for Bedroom Living Room Hallway Kitchen Ø: 30 cm",,Lighting,"EGP 1,385.00",,,4.2,,,,,,,https://m.media-amazon.com/images/I/71ZK4It3bCL._AC_UL320_.jpg,https://m.media-amazon.com/images/I/71ZK4It3bCL._AC_UL320_.jpg,,,,,,,,,,,https://www.amazon.eg/dp/B0C89G1Y9Q,2026-06-04T06:02:18.986798
amazon,B08ZNFBKLZ,"Romantic Sky Star Master Night Projector Lamp with USB Multi Colour 4 LED Rotation Baby Sleep Lighting USB Lamp Led Projection for Diwali Decor,Kid's Room, Home Decor -Multicolour",,Lighting,EGP 255.79,,,3.8,,,,,,,https://m.media-amazon.com/images/I/61edMJi-b3L._AC_UL320_.jpg,https://m.media-amazon.com/images/I/61edMJi-b3L._AC_UL320_.jpg,,,,,,,,,,,https://www.amazon.eg/dp/B08ZNFBKLZ,2026-06-04T06:02:18.987332
amazon,B0GKS4RFZW,"TECHZONE Dimmable LED Table Lamp – Adjustable Brightness with 3 Color Modes, Eye-Friendly Touch Control Desk Light for Home, Office, Bedroom, Study & Reading (Double Lamp)",,Lighting,EGP 219.00,EGP 299.00,,3.0,List:,,,,,,https://m.media-amazon.com/images/I/51ewCR9Y7WL._AC_UL320_.jpg,https://m.media-amazon.com/images/I/51ewCR9Y7WL._AC_UL320_.jpg,,,,,,,,,,,https://www.amazon.eg/dp/B0GKS4RFZW,2026-06-04T06:02:18.987990
amazon,B0CN5PLVV6,"Wireless Desk Lamp, Wireless Table Lamp with Eye Protection Function, Touch Control Lamp, 3 Brightness Levels, 3 Lighting Modes",,Lighting,EGP 240.00,,,4.4,,,,,,,https://m.media-amazon.com/images/I/61Zenu78zaL._AC_UL320_.jpg,https://m.media-amazon.com/images/I/61Zenu78zaL._AC_UL320_.jpg,,,,,,,,,,,https://www.amazon.eg/dp/B0CN5PLVV6,2026-06-04T06:02:18.988500
amazon,B0F1ZG3VCC,El Rawda Lighting - Elegant Gray Metal Table Lamp with Unique Fabric Shade - RL-TL-B-039,,Lighting,EGP 335.91,,,4.2,,,,,,,https://m.media-amazon.com/images/I/818dS36NNfL._AC_UL320_.jpg,https://m.media-amazon.com/images/I/818dS36NNfL._AC_UL320_.jpg,,,,,,,,,,,https://www.amazon.eg/dp/B0F1ZG3VCC,2026-06-04T06:02:18.989031
amazon,B0GY98MB6R,"Classic Table Lamp 60cm with Pleated Fabric Shade, Silver Chrome Metal Base & Crystal Glass Accent, Bedside Lamp for Bedroom, Living Room, Office, Warm Ambient Lighting, 30cm Shade Diameter (White)",,Lighting,EGP 780.00,,,,,,,,,,https://m.media-amazon.com/images/I/61pYlg4BBpL._AC_UL320_.jpg,https://m.media-amazon.com/images/I/61pYlg4BBpL._AC_UL320_.jpg,,,,,,,,,,,https://www.amazon.eg/dp/B0GY98MB6R,2026-06-04T06:02:18.989510
amazon,B0GNKY7BFK,"Mushroom Table Lamp, Gold, Modern Design, Metal, Decorative Lighting",,Lighting,EGP 300.00,,,,,,,,,,https://m.media-amazon.com/images/I/510uJK9HIML._AC_UL320_.jpg,https://m.media-amazon.com/images/I/510uJK9HIML._AC_UL320_.jpg,,,,,,,,,,,https://www.amazon.eg/dp/B0GNKY7BFK,2026-06-04T06:02:18.989981
amazon,B0F1ZG4Z3C,El Rawda Lighting - Elegant Beige Metal Table Lamp with Unique Fabric Shade - RL-TL-B-040,,Lighting,EGP 311.00,,,4.6,,,,,,,https://m.media-amazon.com/images/I/61QRpBBctDL._AC_UL320_.jpg,https://m.media-amazon.com/images/I/61QRpBBctDL._AC_UL320_.jpg,,,,,,,,,,,https://www.amazon.eg/dp/B0F1ZG4Z3C,2026-06-04T06:02:18.990482
amazon,B0F1ZCJQ3S,El Rawda Lighting - Elegant Black Metal Table Lamp with Unique Fabric Shade - RL-TL-B-037,,Lighting,EGP 310.00,,,5.0,,,,,,,https://m.media-amazon.com/images/I/71Ar1r7FBML._AC_UL320_.jpg,https://m.media-amazon.com/images/I/71Ar1r7FBML._AC_UL320_.jpg,,,,,,,,,,,https://www.amazon.eg/dp/B0F1ZCJQ3S,2026-06-04T06:02:18.991057
amazon,B0BTM9K2T8,"Necomi LED Desk Lamp مصباح مكتبي With Clamp, 3 Lighting 10 Brightness Eye-Caring Modes, Reading Desk Lamps for Home Office 360 Degree Spin with Memory Function 12W-Black",,Lighting,EGP 799.00,,,3.3,,,,,,,https://m.media-amazon.com/images/I/61zQ97yLOTL._AC_UL320_.jpg,https://m.media-amazon.com/images/I/61zQ97yLOTL._AC_UL320_.jpg,,,,,,,,,,,https://www.amazon.eg/dp/B0BTM9K2T8,2026-06-04T06:02:18.991565
amazon,B0CNCT45C6,"Gold Cordless Table Lamp,Rechargeable 4000mAH Battery Operated Touch Desk Lamp,3 Color Stepless Dimming Up Bedside Lamps,Modern Portable LED Small Desk Light for Bedroom/Restaurant Lighting",,Lighting,EGP 344.00,,,4.1,,,,,,,https://m.media-amazon.com/images/I/61VK9Wi3lEL._AC_UL320_.jpg,https://m.media-amazon.com/images/I/61VK9Wi3lEL._AC_UL320_.jpg,,,,,,,,,,,https://www.amazon.eg/dp/B0CNCT45C6,2026-06-04T06:02:18.992172
amazon,B0CHZ1SWN5,El Rawda Modern and Elegant Desk Lamp - Grey,,Lighting,EGP 396.45,,,4.1,,,,,,,https://m.media-amazon.com/images/I/81auO4ERM+L._AC_UL320_.jpg,https://m.media-amazon.com/images/I/81auO4ERM+L._AC_UL320_.jpg,,,,,,,,,,,https://www.amazon.eg/dp/B0CHZ1SWN5,2026-06-04T06:02:18.992768
amazon,B09P13CM1V,"Sunset Lamp, 16 Colours Rainbow Lamp with Remote Control, 180° Rotatable USB Night Light, LED Romantic Visual Mood Lamp for Selfie Lighting, Main Decoration, Photography",,Lighting,EGP 600.00,,,5.0,,,,,,,https://m.media-amazon.com/images/I/71MMicvsXzL._AC_UL320_.jpg,https://m.media-amazon.com/images/I/71MMicvsXzL._AC_UL320_.jpg,,,,,,,,,,,https://www.amazon.eg/dp/B09P13CM1V,2026-06-04T06:02:18.993310
amazon,B0F8P5D892,"Traditional Table Lamp with Black Shade, 50 cm x 30 cm, Metal Base, Gold Finish",,Lighting,"EGP 1,430.00",,,3.0,,,,,,,https://m.media-amazon.com/images/I/51DDySpevZL._AC_UL320_.jpg,https://m.media-amazon.com/images/I/51DDySpevZL._AC_UL320_.jpg,,,,,,,,,,,https://www.amazon.eg/dp/B0F8P5D892,2026-06-04T06:02:18.993867
amazon,B0BM9THJ8G,"Crystal Table Lamp, Bedside Lamps 3 Lighting Changing Romantic Acrylic Led Night Light Touching Control Crystal Decorative Nights Lamp Linear lamps for Bedroom, Living Room, Study and Party",,Lighting,EGP 222.40,EGP 288.09,,3.8,List:,,,,,,https://m.media-amazon.com/images/I/71S123xrQ7L._AC_UL320_.jpg,https://m.media-amazon.com/images/I/71S123xrQ7L._AC_UL320_.jpg,,,,,,,,,,,https://www.amazon.eg/dp/B0BM9THJ8G,2026-06-04T06:02:18.994457
amazon,B0DVBPKXQ1,"Classic Glass & Golden Metal Table Lamp - 55cm x 30cm for Classic Living Room, Office & Entrance",,Lighting,"EGP 1,360.00",,,5.0,,,,,,,https://m.media-amazon.com/images/I/41uBy5btsSL._AC_UL320_.jpg,https://m.media-amazon.com/images/I/41uBy5btsSL._AC_UL320_.jpg,,,,,,,,,,,https://www.amazon.eg/dp/B0DVBPKXQ1,2026-06-04T06:02:18.995020
amazon,B0GLQ2TQJT,"Oops Modern Table Lamp – Natural Beech Wood Base & Linen Fabric Shade – Warm Ambient Lighting for Bedrooms, Living Rooms & Home Décor – Elegant Beige Design – E27 Bulb-E23-7",,Lighting,EGP 450.00,,,,,,,,,,https://m.media-amazon.com/images/I/412zeUdu1BL._AC_UL320_.jpg,https://m.media-amazon.com/images/I/412zeUdu1BL._AC_UL320_.jpg,,,,,,,,,,,https://www.amazon.eg/dp/B0GLQ2TQJT,2026-06-04T06:02:18.995462
amazon,B0F1ZF98L7,El Rawda Lighting - Elegant Gold Metal Table Lamp with Unique Fabric Shade - RL-TL-B-067,,Lighting,EGP 366.18,,,4.7,,,,,,,https://m.media-amazon.com/images/I/71V4U0XqN3L._AC_UL320_.jpg,https://m.media-amazon.com/images/I/71V4U0XqN3L._AC_UL320_.jpg,,,,,,,,,,,https://www.amazon.eg/dp/B0F1ZF98L7,2026-06-04T06:02:18.995999
amazon,B0CHYZGYQS,El Rawda RL-FL-A-022 Modern and Elegant Dark Wood Floor Lamp High Quality for Living Room or Bedroom - Black,,Lighting,"EGP 1,586.76",,,3.9,,,,,,,https://m.media-amazon.com/images/I/810nRdbrX3L._AC_UL320_.jpg,https://m.media-amazon.com/images/I/810nRdbrX3L._AC_UL320_.jpg,,,,,,,,,,,https://www.amazon.eg/dp/B0CHYZGYQS,2026-06-04T06:02:18.996580
amazon,B0955963J8,Decorative Bedside Lamp Madrid Crest Table Lamp Touch Football Optical Illusion 3D Gift 16 Colors Lighting and Remote Control (Madrid),,Lighting,EGP 453.97,,,5.0,,,,,,,https://m.media-amazon.com/images/I/711sxBcJwkL._AC_UL320_.jpg,https://m.media-amazon.com/images/I/711sxBcJwkL._AC_UL320_.jpg,,,,,,,,,,,https://www.amazon.eg/dp/B0955963J8,2026-06-04T06:02:18.997107
amazon,B0CD5L6XFR,"Rechargeable Battery Operated Desk Lamp with Touch Sensor (2600mAh),Cordless Portable LED Table Lamp， Three-Level Dimmable Suitable for Bars/Cafes/Restaurants/Bedrooms/Camping Sites (Silver)",,Lighting,EGP 490.00,,,3.7,,,,,,,https://m.media-amazon.com/images/I/51Xl3nslfkL._AC_UL320_.jpg,https://m.media-amazon.com/images/I/51Xl3nslfkL._AC_UL320_.jpg,,,,,,,,,,,https://www.amazon.eg/dp/B0CD5L6XFR,2026-06-04T06:02:18.997655
amazon,B0FN7PML9H,"Home Care EL-626 White Egg-Shaped Lamp, Plastic, Lighting, Home Use",,Lighting,EGP 451.11,,,,,,,,,,https://m.media-amazon.com/images/I/41hQkKUaVgL._AC_UL320_.jpg,https://m.media-amazon.com/images/I/41hQkKUaVgL._AC_UL320_.jpg,,,,,,,,,,,https://www.amazon.eg/dp/B0FN7PML9H,2026-06-04T06:02:18.998136
amazon,B0FR9C2Y3F,"Star Table Lamp, LED Night Light, Star Table Lamp with Touch Control, Elegant LED Night Light, Warm Ambient Lighting for Bedroo",,Lighting,EGP 242.63,,,5.0,,,,,,,https://m.media-amazon.com/images/I/51C5XlOQ8OL._AC_UL320_.jpg,https://m.media-amazon.com/images/I/51C5XlOQ8OL._AC_UL320_.jpg,,,,,,,,,,,https://www.amazon.eg/dp/B0FR9C2Y3F,2026-06-04T06:02:18.998721
amazon,B0F1ZDBMD6,El Rawda Lighting - Elegant White Metal Table Lamp with Unique Fabric Shade - RL-TL-B-038,,Lighting,EGP 335.91,,,4.5,,,,,,,https://m.media-amazon.com/images/I/51yt3PNm8JL._AC_UL320_.jpg,https://m.media-amazon.com/images/I/51yt3PNm8JL._AC_UL320_.jpg,,,,,,,,,,,https://www.amazon.eg/dp/B0F1ZDBMD6,2026-06-04T06:02:18.999250
amazon,B0GRJZRCZX,"Oops Adjustable Desk Lamp with Clip – Flexible Arm for Convenient Lighting – Perfect for Study, Reading, and Work – Sleek and Modern Design - T805 – Black",,Lighting,EGP 275.00,,,,,,,,,,https://m.media-amazon.com/images/I/51T8QtdNIZL._AC_UL320_.jpg,https://m.media-amazon.com/images/I/51T8QtdNIZL._AC_UL320_.jpg,,,,,,,,,,,https://www.amazon.eg/dp/B0GRJZRCZX,2026-06-04T06:02:18.999690
amazon,B07X8PCB26,Maharsh Star Moon Master Romantic Sky Star Master Night Light Projector lamp for Children Kids Baby Sleep Lighting USB Led Projection,,Lighting,EGP 192.16,,,3.5,,,,,,,https://m.media-amazon.com/images/I/61S7bKT4+6L._AC_UL320_.jpg,https://m.media-amazon.com/images/I/61S7bKT4+6L._AC_UL320_.jpg,,,,,,,,,,,https://www.amazon.eg/dp/B07X8PCB26,2026-06-04T06:02:19.000279
amazon,B0GSL6BRKF,"Modern 3D Geometric Table Lamp, LED Warm Ambient Lighting with Modern Base, Decorative Lamp for Bedroom, Living Room, Office",,Lighting,EGP 549.00,,,5.0,,,,,,,https://m.media-amazon.com/images/I/61hWurYaqCL._AC_UL320_.jpg,https://m.media-amazon.com/images/I/61hWurYaqCL._AC_UL320_.jpg,,,,,,,,,,,https://www.amazon.eg/dp/B0GSL6BRKF,2026-06-04T06:02:19.000784
amazon,B0F8P6ZLT2,"Crystal Table Lamp with Black Shade, 50 cm Height x 30cm, Gold Base, Double Crystal Ball Design",,Lighting,"EGP 1,430.00",,,,,,,,,,https://m.media-amazon.com/images/I/51tBajcRk3L._AC_UL320_.jpg,https://m.media-amazon.com/images/I/51tBajcRk3L._AC_UL320_.jpg,,,,,,,,,,,https://www.amazon.eg/dp/B0F8P6ZLT2,2026-06-04T06:02:19.001302
amazon,B0G2M1P49S,Multi-purpose Folding LED Desk Lamp with Swing Arm and Adjustable Lighting Direction Clip from Multiple Angles (3 Lights) (White),,Lighting,EGP 650.00,,,4.5,,,,,,,https://m.media-amazon.com/images/I/41mlOhEWsPL._AC_UL320_.jpg,https://m.media-amazon.com/images/I/41mlOhEWsPL._AC_UL320_.jpg,,,,,,,,,,,https://www.amazon.eg/dp/B0G2M1P49S,2026-06-04T06:02:19.001838
amazon,B0BK7JGG7W,"Padom Table Lamp,Modern Rechargeable Cordless Touch Sensor LED Desk lamp 3 Ways Dimming,with USB Cord for Bar Restaurant Bedroom Bedside Nightstand Lighting (SILVER)",,Lighting,EGP 578.00,,,3.4,,,,,,,https://m.media-amazon.com/images/I/41USyPqGIrL._AC_UL320_.jpg,https://m.media-amazon.com/images/I/41USyPqGIrL._AC_UL320_.jpg,,,,,,,,,,,https://www.amazon.eg/dp/B0BK7JGG7W,2026-06-04T06:02:19.002424
amazon,B0CHZ116QV,El Rawda RL-FL-M-011 Floor Lamp Metal Base Modern And Elegant High Quality For Living Room Or Bedroom - Beige,,Lighting,"EGP 1,242.36",,,3.1,,,,,,,https://m.media-amazon.com/images/I/61s0do+U4aL._AC_UL320_.jpg,https://m.media-amazon.com/images/I/61s0do+U4aL._AC_UL320_.jpg,,,,,,,,,,,https://www.amazon.eg/dp/B0CHZ116QV,2026-06-04T06:02:19.003033
amazon,B0F1ZG1D91,El Rawda Lighting - Elegant Beige Metal Table Lamp with Unique Fabric Shade - RL-TL-B-049,,Lighting,EGP 341.76,,,3.3,,,,,,,https://m.media-amazon.com/images/I/71m3g+cBhnL._AC_UL320_.jpg,https://m.media-amazon.com/images/I/71m3g+cBhnL._AC_UL320_.jpg,,,,,,,,,,,https://www.amazon.eg/dp/B0F1ZG1D91,2026-06-04T06:02:19.003538
amazon,B0GG7H9HLQ,"Calda Spain Handcrafted Pottery Table Lamp – Unique Triple-Tiered Sculptural Design, 100% Natural Clay with Rustic Jute Shade, Luxury Warm Lighting for Living Room, Bedroom & Office Decor",,Lighting,EGP 990.00,,,,,,,,,,https://m.media-amazon.com/images/I/61ddZ5u-ygL._AC_UL320_.jpg,https://m.media-amazon.com/images/I/61ddZ5u-ygL._AC_UL320_.jpg,,,,,,,,,,,https://www.amazon.eg/dp/B0GG7H9HLQ,2026-06-04T06:02:19.004027
amazon,B08ZYF65SF,"blonbar Bedside Lamp Wireless Charger 10W Alarm Clock Light with Dimmable Touch Control, Wireless Charger, 3 Levels Brightness for Bedroom, Living Room",,Lighting,"EGP 5,200.00",,,4.3,,,,,,,https://m.media-amazon.com/images/I/61XAaqGMU-L._AC_UL320_.jpg,https://m.media-amazon.com/images/I/61XAaqGMU-L._AC_UL320_.jpg,,,,,,,,,,,https://www.amazon.eg/dp/B08ZYF65SF,2026-06-04T06:02:23.168722
amazon,B0GPYK7NZ3,"Spaceshoop Flexible USB LED Reading Light, Portable, Eye-Care Laptop Lamp, 360° Bendable, Ultra Bright Pink White",,Lighting,EGP 69.90,,,,,,,,,,https://m.media-amazon.com/images/I/31f9FmCOCPL._AC_UL320_.jpg,https://m.media-amazon.com/images/I/31f9FmCOCPL._AC_UL320_.jpg,,,,,,,,,,,https://www.amazon.eg/dp/B0GPYK7NZ3,2026-06-04T06:02:23.169329
amazon,B07QP6QTYT,Lamp-Table Lamp-Decorative Table Lamp-Living Room Table Lamp-Bedroom Table Lamp-Chinese Table Lamp-Modern Decorative Light-Home Bedside Lamp (Color : White),,Lighting,EGP 979.00,,,,,,,,,,https://m.media-amazon.com/images/I/41F64D2oOXL._AC_UL320_.jpg,https://m.media-amazon.com/images/I/41F64D2oOXL._AC_UL320_.jpg,,,,,,,,,,,https://www.amazon.eg/dp/B07QP6QTYT,2026-06-04T06:02:23.169951
amazon,B0C33TNWBN,"HIONXMGA USB Rechargeable Book Light, 3 Colours & Stepless Dimming, Portable & Flexible, Reading Lamp for Books in Bed at Night, Perfect for Booklovers and Kids, Black",,Lighting,"EGP 1,200.00",,,4.4,,,,,,,https://m.media-amazon.com/images/I/618nIeUEdVL._AC_UL320_.jpg,https://m.media-amazon.com/images/I/618nIeUEdVL._AC_UL320_.jpg,,,,,,,,,,,https://www.amazon.eg/dp/B0C33TNWBN,2026-06-04T06:02:23.170579
amazon,B0BYXLS81V,El-Rawda lighting El rawda rl-sc-023 floor lamp - golden,,Lighting,"EGP 1,125.00","EGP 1,166.00",,3.5,List:,,,,,,https://m.media-amazon.com/images/I/61gMcM8EUJL._AC_UL320_.jpg,https://m.media-amazon.com/images/I/61gMcM8EUJL._AC_UL320_.jpg,,,,,,,,,,,https://www.amazon.eg/dp/B0BYXLS81V,2026-06-04T06:02:23.171248
amazon,B0GY927XRM,"Classic Table Lamp 60cm with Pleated Fabric Shade, Silver Chrome Metal Base & Crystal Glass Accent, Bedside Lamp for Bedroom, Living Room, Office, Warm Ambient Lighting, 30cm Shade Diameter (Black)",,Lighting,EGP 780.00,,,,,,,,,,https://m.media-amazon.com/images/I/619dNGHBTkL._AC_UL320_.jpg,https://m.media-amazon.com/images/I/619dNGHBTkL._AC_UL320_.jpg,,,,,,,,,,,https://www.amazon.eg/dp/B0GY927XRM,2026-06-04T06:02:23.171733
amazon,B0FP6JR9KQ,"Virus Table Lamp – Modern Decorative Bedside Table Lamp with Unique Sculptural Base and White Pleated Lampshade for Bedroom, Living Room, Office, Home Decor Lighting",,Lighting,EGP 599.00,,,4.6,,,,,,,https://m.media-amazon.com/images/I/61-TZyCMYTL._AC_UL320_.jpg,https://m.media-amazon.com/images/I/61-TZyCMYTL._AC_UL320_.jpg,,,,,,,,,,,https://www.amazon.eg/dp/B0FP6JR9KQ,2026-06-04T06:02:23.172268
amazon,B0CHYZWMSC,Bern Metal Floor Lamp,,Lighting,"EGP 1,708.82",,,5.0,,,,,,,https://m.media-amazon.com/images/I/71nM4dmz6FL._AC_UL320_.jpg,https://m.media-amazon.com/images/I/71nM4dmz6FL._AC_UL320_.jpg,,,,,,,,,,,https://www.amazon.eg/dp/B0CHYZWMSC,2026-06-04T06:02:23.172792
amazon,B0GQV1FV9H,"Banker Desk Lamp - Classic Emerald Green FiberGlass Shade with Luxury Polished Gold Finish – Adjustable Vintage Desk Lamp for Executive Desks, Offices & Studies. 48 cm X 22 cm",,Lighting,"EGP 2,950.00",,,,,,,,,,https://m.media-amazon.com/images/I/61lk169r5sL._AC_UL320_.jpg,https://m.media-amazon.com/images/I/61lk169r5sL._AC_UL320_.jpg,,,,,,,,,,,https://www.amazon.eg/dp/B0GQV1FV9H,2026-06-04T06:02:23.173259
amazon,B0GGJFD4JS,LED Table Lamp Charging -3 Levels Of Lighting With Golden Metal Base Touch Elegant Design Modern Shape Lamp Suitable For Home And Restaurant (model 1),,Lighting,EGP 499.00,,,5.0,,,,,,,https://m.media-amazon.com/images/I/41Lx8ONNfoL._AC_UL320_.jpg,https://m.media-amazon.com/images/I/41Lx8ONNfoL._AC_UL320_.jpg,,,,,,,,,,,https://www.amazon.eg/dp/B0GGJFD4JS,2026-06-04T06:02:23.173815
amazon,B079CBP6P9,"Paladone Playstation Icons Light with 3 Light Modes - Sound Reactive, Dynamic Phasing, and Standard Mode - Gaming Room Decor and Gamer Lighting",,Lighting,"EGP 1,200.00",,,4.6,,,,,,,https://m.media-amazon.com/images/I/61VwnuGUMTS._AC_UL320_.jpg,https://m.media-amazon.com/images/I/61VwnuGUMTS._AC_UL320_.jpg,,,,,,,,,,,https://www.amazon.eg/dp/B079CBP6P9,2026-06-04T06:02:23.174395
amazon,B0BYXJWY8W,El rawda rl-fl-m-015 metal base floor lamp - brown beige,,Lighting,"EGP 1,220.59",,,3.0,,,,,,,https://m.media-amazon.com/images/I/51Ap-vSEVKL._AC_UL320_.jpg,https://m.media-amazon.com/images/I/51Ap-vSEVKL._AC_UL320_.jpg,,,,,,,,,,,https://www.amazon.eg/dp/B0BYXJWY8W,2026-06-04T06:02:23.175006
amazon,B0GG77PWNV,"Calda Pebble Handcrafted Ceramic Table Lamp – Natural Clay Base with Modern Silhouette, Elegant Fabric Shade for Warm Ambient Lighting, Unique Artisanal Bedside & Living Room Decor",,Lighting,EGP 935.00,,,,,,,,,,https://m.media-amazon.com/images/I/51Qpt+0+7TL._AC_UL320_.jpg,https://m.media-amazon.com/images/I/51Qpt+0+7TL._AC_UL320_.jpg,,,,,,,,,,,https://www.amazon.eg/dp/B0GG77PWNV,2026-06-04T06:02:23.175447
amazon,B0GZXD5FT4,Professional Desk Lamp 14W - 5500K Lighting Ideal for Reading and Studying - Stable Curved Design for Perfect Light Distribution Without Modification - Sturdy Metal Body for Cooling and Longer Life,,Lighting,EGP 250.00,,,,,,,,,,https://m.media-amazon.com/images/I/4142i+IOoEL._AC_UL320_.jpg,https://m.media-amazon.com/images/I/4142i+IOoEL._AC_UL320_.jpg,,,,,,,,,,,https://www.amazon.eg/dp/B0GZXD5FT4,2026-06-04T06:02:23.175907
amazon,B0GKPPFVVR,"Modern 3D Geometric Spiral Table Lamp, LED Warm Ambient Lighting with Triangular Base, Decorative Lamp for Bedroom, Living Room, Office",,Lighting,EGP 549.00,,,3.3,,,,,,,https://m.media-amazon.com/images/I/51xOp2juwAL._AC_UL320_.jpg,https://m.media-amazon.com/images/I/51xOp2juwAL._AC_UL320_.jpg,,,,,,,,,,,https://www.amazon.eg/dp/B0GKPPFVVR,2026-06-04T06:02:23.176420
amazon,B0D3KKNLDD,"Fabater Minimalist, Cordless LED Desk Lamp, USB Rechargeable Dimmable Nightstand Lights with Breathing Effect, Unique Lighting for Bedroom, Beside, Nursery",,Lighting,EGP 700.07,,,5.0,,,,,,,https://m.media-amazon.com/images/I/51nAXZmxU+L._AC_UL320_.jpg,https://m.media-amazon.com/images/I/51nAXZmxU+L._AC_UL320_.jpg,,,,,,,,,,,https://www.amazon.eg/dp/B0D3KKNLDD,2026-06-04T06:02:23.176958
amazon,B0CHYZSPB4,Konoz Floor Lamp,,Lighting,"EGP 1,660.00",,,3.7,,,,,,,https://m.media-amazon.com/images/I/716zwZsTKbL._AC_UL320_.jpg,https://m.media-amazon.com/images/I/716zwZsTKbL._AC_UL320_.jpg,,,,,,,,,,,https://www.amazon.eg/dp/B0CHYZSPB4,2026-06-04T06:02:23.177473
amazon,B0GLQBXT41,Oops Modern Table Lamp – Beech Wood Tripod Base with Linen Fabric Shade – Soft Warm Ambient Lighting – Elegant Beige Design – Suitable for Bedrooms & Home Décor – E27 Bulb,,Lighting,EGP 499.00,,,5.0,,,,,,,https://m.media-amazon.com/images/I/51zaU6WjxUL._AC_UL320_.jpg,https://m.media-amazon.com/images/I/51zaU6WjxUL._AC_UL320_.jpg,,,,,,,,,,,https://www.amazon.eg/dp/B0GLQBXT41,2026-06-04T06:02:23.178157
amazon,B0CHYZSHS7,El Rawda RL-FL-A-028 Modern and Elegant High Quality Light Wood Floor Lamp for Living Room or Bedroom - Beige,,Lighting,"EGP 1,463.00",,,,,,,,,,https://m.media-amazon.com/images/I/717dIbXAaJL._AC_UL320_.jpg,https://m.media-amazon.com/images/I/717dIbXAaJL._AC_UL320_.jpg,,,,,,,,,,,https://www.amazon.eg/dp/B0CHYZSHS7,2026-06-04T06:02:23.178684
amazon,B0GC81HSDC,"Stacked Ball Table Lamp – Decorative Bedside Nightstand Light with fuzzy Shade – Elegant Ambient Lighting for Bedroom, Living Room & Home Office Color White-beigeFinish",,Lighting,EGP 699.00,,,,,,,,,,https://m.media-amazon.com/images/I/71QWnivJ2QL._AC_UL320_.jpg,https://m.media-amazon.com/images/I/71QWnivJ2QL._AC_UL320_.jpg,,,,,,,,,,,https://www.amazon.eg/dp/B0GC81HSDC,2026-06-04T06:02:23.179161
amazon,B0GX78FBLP,"TECHZONE LED Night Light with On/Off Button – Plug-in Soft Glow Lamp, Energy Saving, Square Design – Ideal for Kids Bedroom, Nursery, Hallway & Home Use",,Lighting,EGP 99.00,,,4.0,,,,,,,https://m.media-amazon.com/images/I/51rxqBUy75L._AC_UL320_.jpg,https://m.media-amazon.com/images/I/51rxqBUy75L._AC_UL320_.jpg,,,,,,,,,,,https://www.amazon.eg/dp/B0GX78FBLP,2026-06-04T06:02:23.179755
amazon,B0GNRMZCQX,"TECHZONE Dimmable LED Table Lamp – Adjustable Brightness with 3 Color Modes, Eye-Friendly Touch Control Desk Light for Home, Office, Bedroom, Study & Reading (With Pen Holder)",,Lighting,EGP 299.00,,,4.4,,,,,,,https://m.media-amazon.com/images/I/41iBnoJKRSL._AC_UL320_.jpg,https://m.media-amazon.com/images/I/41iBnoJKRSL._AC_UL320_.jpg,,,,,,,,,,,https://www.amazon.eg/dp/B0GNRMZCQX,2026-06-04T06:02:23.180388
amazon,B0GMKHR9D1,"Modern 3 Light LED Wall Lamp, Twisted Spiral Design, Black with Warm and Cool White, Aluminum, Acrylic, 50cm, Energy Saving",,Lighting,EGP 449.00,,,,,,,,,,https://m.media-amazon.com/images/I/71RhochZ-QL._AC_UL320_.jpg,https://m.media-amazon.com/images/I/71RhochZ-QL._AC_UL320_.jpg,,,,,,,,,,,https://www.amazon.eg/dp/B0GMKHR9D1,2026-06-04T06:02:23.180907
amazon,B0FZW51T69,"Y-Lights Boho Table Lamp – Handcrafted Pottery Base with Burlap Shade, Modern Accent Lighting YL-T-556",,Lighting,"EGP 1,189.10",,,1.0,,,,,,,https://m.media-amazon.com/images/I/41LZXoWD8LL._AC_UL320_.jpg,https://m.media-amazon.com/images/I/41LZXoWD8LL._AC_UL320_.jpg,,,,,,,,,,,https://www.amazon.eg/dp/B0FZW51T69,2026-06-04T06:02:23.181494
amazon,B0GKPFMJ84,"Modern 3D Geometric Table Lamp, 6 Different Designs Decorate Your Home Shape, Warm Lighting with Tripod Stand (Desgin 2)",,Lighting,EGP 549.00,,,3.0,,,,,,,https://m.media-amazon.com/images/I/511r7INzEqL._AC_UL320_.jpg,https://m.media-amazon.com/images/I/511r7INzEqL._AC_UL320_.jpg,,,,,,,,,,,https://www.amazon.eg/dp/B0GKPFMJ84,2026-06-04T06:02:23.182540
amazon,B0GG72GZYZ,"Calda Drop Pottery Table Lamp – 100% Handcrafted Natural Clay Base with Rustic Jute Shade, Ribbed Conical Design, Warm Ambient Lighting for Bedroom & Living Room Decor",,Lighting,EGP 990.00,,,,,,,,,,https://m.media-amazon.com/images/I/616p0fWyeiL._AC_UL320_.jpg,https://m.media-amazon.com/images/I/616p0fWyeiL._AC_UL320_.jpg,,,,,,,,,,,https://www.amazon.eg/dp/B0GG72GZYZ,2026-06-04T06:02:23.183010
amazon,B0DRTCH8G1,"Desk Lamp, Table Lamp, Led Lights, Led Lamp Golden Acrylic Crystal Table Lamp with 3 Lighting Modes and Touch Dimming (Desk Lamp - 8207)",,Lighting,EGP 441.00,,,4.2,,,,,,,https://m.media-amazon.com/images/I/61te00sZ5fL._AC_UL320_.jpg,https://m.media-amazon.com/images/I/61te00sZ5fL._AC_UL320_.jpg,,,,,,,,,,,https://www.amazon.eg/dp/B0DRTCH8G1,2026-06-04T06:02:23.183523
amazon,B0GPX3NPHS,"Modern Desk Lamp with Gold Metal Base, Wooden Color Shade and LED Light (Warm, White & Natural) 46 cm x 12 cm x 40 cm",,Lighting,"EGP 1,499.00",,,,,,,,,,https://m.media-amazon.com/images/I/41kZAtgvnEL._AC_UL320_.jpg,https://m.media-amazon.com/images/I/41kZAtgvnEL._AC_UL320_.jpg,,,,,,,,,,,https://www.amazon.eg/dp/B0GPX3NPHS,2026-06-04T06:02:23.183985
amazon,B0GLQDTSN7,"Oops Modern Table Lamp – Natural Beech Wood Base & Linen Fabric Shade – Warm Ambient Lighting for Bedrooms, Living Rooms & Home Décor – Elegant Beige Design – E27 Bulb",,Lighting,EGP 399.00,,,,,,,,,,https://m.media-amazon.com/images/I/412x3djwfjL._AC_UL320_.jpg,https://m.media-amazon.com/images/I/412x3djwfjL._AC_UL320_.jpg,,,,,,,,,,,https://www.amazon.eg/dp/B0GLQDTSN7,2026-06-04T06:02:23.184504
amazon,B0BYXJ45HL,El rawda rl-tl-a-041 table lamp with wood base - black,,Lighting,EGP 390.59,EGP 623.00,,4.5,List:,,,,,,https://m.media-amazon.com/images/I/81pfnKu3D3L._AC_UL320_.jpg,https://m.media-amazon.com/images/I/81pfnKu3D3L._AC_UL320_.jpg,,,,,,,,,,,https://www.amazon.eg/dp/B0BYXJ45HL,2026-06-04T06:02:23.185193
amazon,B092NMPLGM,V2COM Modern Table Lamp Wireless Lighting 2.4W Dimmable Touch Switch LED Rechargeable Cordless Aluminium Desk Lamp for Restaurant Reading Bar Coffee Shop (Gold),,Lighting,EGP 300.00,,,3.5,,,,,,,https://m.media-amazon.com/images/I/41BZHi9etuL._AC_UL320_.jpg,https://m.media-amazon.com/images/I/41BZHi9etuL._AC_UL320_.jpg,,,,,,,,,,,https://www.amazon.eg/dp/B092NMPLGM,2026-06-04T06:02:23.185710
amazon,B0FG38V75K,"Traditional Table Lamp 50 cm x 30 cm, Metal Base, Gold Finish (White)",,Lighting,"EGP 1,430.00",,,3.0,,,,,,,https://m.media-amazon.com/images/I/41NsxjroSiL._AC_UL320_.jpg,https://m.media-amazon.com/images/I/41NsxjroSiL._AC_UL320_.jpg,,,,,,,,,,,https://www.amazon.eg/dp/B0FG38V75K,2026-06-04T06:02:23.186292
amazon,B0GTF92RKH,"(Champagne, Small) Modern Arched Floor Lamp for Living Room – Tall LED Standing Lamp with Warm Ambient Light, Scandinavian & Boho Design, Adjustable Over Sofa & Corner Lighting (Champagne, Small)",,Lighting,"EGP 3,000.00",,,,,,,,,,https://m.media-amazon.com/images/I/31WU3mcpOoL._AC_UL320_.jpg,https://m.media-amazon.com/images/I/31WU3mcpOoL._AC_UL320_.jpg,,,,,,,,,,,https://www.amazon.eg/dp/B0GTF92RKH,2026-06-04T06:02:23.186744
amazon,B0F1M4TJRS,El Rawda Lighting - Simple Elegant Black Metal Table Lamp,,Lighting,EGP 303.68,,,1.0,,,,,,,https://m.media-amazon.com/images/I/617OT8NPYwL._AC_UL320_.jpg,https://m.media-amazon.com/images/I/617OT8NPYwL._AC_UL320_.jpg,,,,,,,,,,,https://www.amazon.eg/dp/B0F1M4TJRS,2026-06-04T06:02:23.187285
amazon,B0GS9YN1ZY,Oops Modern Table Lamp – Black Geometric Metal Base with Linen Fabric Shade – Soft Warm Ambient Lighting – Elegant Light Coffee Design – Suitable for Bedrooms & Home Décor – E27 Bulb - E23-4,,Lighting,EGP 450.00,,,,,,,,,,https://m.media-amazon.com/images/I/51o8DXDEbsL._AC_UL320_.jpg,https://m.media-amazon.com/images/I/51o8DXDEbsL._AC_UL320_.jpg,,,,,,,,,,,https://www.amazon.eg/dp/B0GS9YN1ZY,2026-06-04T06:02:23.187883
amazon,B0GK1VKFLH,"Oops, Indoor Table & Floor Lamp with Fabric Shade – Decorative Lighting Solution for Home Décor, Soft Ambient Light - Beige - Fabric - light beige",,Lighting,EGP 199.00,,,,,,,,,,https://m.media-amazon.com/images/I/51LLkA1bIPL._AC_UL320_.jpg,https://m.media-amazon.com/images/I/51LLkA1bIPL._AC_UL320_.jpg,,,,,,,,,,,https://www.amazon.eg/dp/B0GK1VKFLH,2026-06-04T06:02:23.188329
amazon,B0DTWPWF1J,Acrylic Crystal Table Lamp Gold 3 Lighting Modes Touch Dimming LED Desk Lamp,,Lighting,EGP 254.43,EGP 289.76,,,List:,,,,,,https://m.media-amazon.com/images/I/51+qV2f4nZL._AC_UL320_.jpg,https://m.media-amazon.com/images/I/51+qV2f4nZL._AC_UL320_.jpg,,,,,,,,,,,https://www.amazon.eg/dp/B0DTWPWF1J,2026-06-04T06:02:23.188885
amazon,B0B1MQPZF3,LED Letter Lights Alphabet Lamp Letter Lighting Lamp Illuminated Night Lights Decoration for Birthday Christmas Wedding Party Valentine's Day with 2AA Battery Traceless Hooks,,Lighting,EGP 138.46,,,4.3,,,,,,,https://m.media-amazon.com/images/I/71HlPw-2F5L._AC_UL320_.jpg,https://m.media-amazon.com/images/I/71HlPw-2F5L._AC_UL320_.jpg,,,,,,,,,,,https://www.amazon.eg/dp/B0B1MQPZF3,2026-06-04T06:02:23.189411
amazon,B0F1M4P8RT,El Rawda Lighting - Elegant Beige Metal Table Lamp with Unique Fabric Shade,,Lighting,EGP 315.00,,,3.5,,,,,,,https://m.media-amazon.com/images/I/71L46gbE53L._AC_UL320_.jpg,https://m.media-amazon.com/images/I/71L46gbE53L._AC_UL320_.jpg,,,,,,,,,,,https://www.amazon.eg/dp/B0F1M4P8RT,2026-06-04T06:02:23.189928
amazon,B0G75224ZC,Tripod Floor Lamp Suitable for Home and Living Spaces Beech Wood Base Linen Shade - Modern Style for Living Room Soft Lighting - Off-White - Floral Style 002,,Lighting,"EGP 1,800.00",,,,,,,,,,https://m.media-amazon.com/images/I/31cgGMcoFHL._AC_UL320_.jpg,https://m.media-amazon.com/images/I/31cgGMcoFHL._AC_UL320_.jpg,,,,,,,,,,,https://www.amazon.eg/dp/B0G75224ZC,2026-06-04T06:02:23.190369
amazon,B0GNTCYW57,"Natural Bamboo Table Lamp, 400mm Height, Handwoven Boho Design, Warm Lighting, for Bedrooms, Living Rooms, Nightstands",,Lighting,"EGP 1,925.00",,,,,,,,,,https://m.media-amazon.com/images/I/617a4Or9m1L._AC_UL320_.jpg,https://m.media-amazon.com/images/I/617a4Or9m1L._AC_UL320_.jpg,,,,,,,,,,,https://www.amazon.eg/dp/B0GNTCYW57,2026-06-04T06:02:23.190793
amazon,B0G73HH9LY,Tripod Floor Lamp Suitable for Home and Living Spaces Beech Wood Base Elegant Linen Shade - Modern Style for Living Room Ambient Lighting - Off-White - Modern Style 019,,Lighting,"EGP 2,200.00",,,,,,,,,,https://m.media-amazon.com/images/I/41ZoOJpW6mL._AC_UL320_.jpg,https://m.media-amazon.com/images/I/41ZoOJpW6mL._AC_UL320_.jpg,,,,,,,,,,,https://www.amazon.eg/dp/B0G73HH9LY,2026-06-04T06:02:23.191303
amazon,B0F1ZFNZY1,El Rawda Lighting - Elegant Black Metal Table Lamp with Unique Fabric Shade - RL-TL-B-045,,Lighting,EGP 335.91,,,3.0,,,,,,,https://m.media-amazon.com/images/I/71w1xqN8AZL._AC_UL320_.jpg,https://m.media-amazon.com/images/I/71w1xqN8AZL._AC_UL320_.jpg,,,,,,,,,,,https://www.amazon.eg/dp/B0F1ZFNZY1,2026-06-04T06:02:23.191940
amazon,B0GLQ9B4FD,"Oops Modern Table Lamp – Natural Beech Wood Base & Linen Fabric Shade – Warm Ambient Lighting for Bedrooms, Living Rooms & Home Décor – Elegant White Design – E27 Bulb-E23-12",,Lighting,EGP 450.00,,,,,,,,,,https://m.media-amazon.com/images/I/31XzEWR3d7L._AC_UL320_.jpg,https://m.media-amazon.com/images/I/31XzEWR3d7L._AC_UL320_.jpg,,,,,,,,,,,https://www.amazon.eg/dp/B0GLQ9B4FD,2026-06-04T06:02:23.192465
amazon,B0GG72MJR8,"Calda Gravel Handcrafted Pottery Table Lamp – Unique Sculptural Stacked Stone Design, 100% Natural Clay with Rustic Jute Shade, Artisanal Decorative Lighting for Modern & Boho Homes",,Lighting,"EGP 1,045.00",,,,,,,,,,https://m.media-amazon.com/images/I/61rI9AEq-IL._AC_UL320_.jpg,https://m.media-amazon.com/images/I/61rI9AEq-IL._AC_UL320_.jpg,,,,,,,,,,,https://www.amazon.eg/dp/B0GG72MJR8,2026-06-04T06:02:23.192930
amazon,B0F1ZFJ3YG,El Rawda Lighting - Elegant Gold Metal Table Lamp with Unique Fabric Shade - RL-TL-B-062,,Lighting,EGP 325.00,,,3.0,,,,,,,https://m.media-amazon.com/images/I/71JHTBdc7iL._AC_UL320_.jpg,https://m.media-amazon.com/images/I/71JHTBdc7iL._AC_UL320_.jpg,,,,,,,,,,,https://www.amazon.eg/dp/B0F1ZFJ3YG,2026-06-04T06:02:23.193487
amazon,B0F8P3J7BB,"Elegant Glass Table Lamp, Amber Base with Black Shade, 65 X 35 cm for Living room, entrance, dinning room",,Lighting,"EGP 2,800.00",,,5.0,,,,,,,https://m.media-amazon.com/images/I/41dtY72tF0L._AC_UL320_.jpg,https://m.media-amazon.com/images/I/41dtY72tF0L._AC_UL320_.jpg,,,,,,,,,,,https://www.amazon.eg/dp/B0F8P3J7BB,2026-06-04T06:02:23.194006
amazon,B0G34JCX24,Modern Table Lamp – Beech Wood Tripod Base with Linen Fabric Shade – Soft Warm Ambient Lighting – Elegant Dark Beige Design – Suitable for Bedrooms & Home Décor – E27 Bulb,,Lighting,EGP 499.00,,,,,,,,,,https://m.media-amazon.com/images/I/41hwB0YcIoL._AC_UL320_.jpg,https://m.media-amazon.com/images/I/41hwB0YcIoL._AC_UL320_.jpg,,,,,,,,,,,https://www.amazon.eg/dp/B0G34JCX24,2026-06-04T06:02:23.194532
amazon,B0FZ52RTLP,"Foldable LED Desk Lamp with 15W Wireless Charger and Digital Display — Adjustable Soft Light for Reading and Studying — Modern Desk Lamp Save Time, Lighting and Charging at the Same Time — Black",,Lighting,"EGP 1,649.00",,,4.0,,,,,,,https://m.media-amazon.com/images/I/515sHsuT63L._AC_UL320_.jpg,https://m.media-amazon.com/images/I/515sHsuT63L._AC_UL320_.jpg,,,,,,,,,,,https://www.amazon.eg/dp/B0FZ52RTLP,2026-06-04T06:02:23.195072
amazon,B0GK1QKBW4,"Oops, Tripod Floor Lamp Suitable for Home and Living Spaces Beech Wood Base Linen Shade - Modern Style for Living Room Soft Lighting - Biege - Modern Style 1",,Lighting,"EGP 1,500.00",,,,,,,,,,https://m.media-amazon.com/images/I/31B1JUI9umL._AC_UL320_.jpg,https://m.media-amazon.com/images/I/31B1JUI9umL._AC_UL320_.jpg,,,,,,,,,,,https://www.amazon.eg/dp/B0GK1QKBW4,2026-06-04T06:02:23.195551
amazon,B0GLPXWYN6,"Oops Modern Table Lamp – Natural Beech Wood Base & Linen Fabric Shade – Warm Ambient Lighting for Bedrooms, Living Rooms & Home Décor – Elegant White Design – E27 Bulb-E23-6",,Lighting,EGP 450.00,,,,,,,,,,https://m.media-amazon.com/images/I/31B5iR287CL._AC_UL320_.jpg,https://m.media-amazon.com/images/I/31B5iR287CL._AC_UL320_.jpg,,,,,,,,,,,https://www.amazon.eg/dp/B0GLPXWYN6,2026-06-04T06:02:23.196012
amazon,B0G3Q4W9ZZ,"Modern Design LED Table Lamp, Three-Level Lighting, Gold Metal Body, Oval Shape with Crystal Glass, Warm and White Lighting",,Lighting,EGP 400.00,,,,,,,,,,https://m.media-amazon.com/images/I/51MgcbyDQGL._AC_UL320_.jpg,https://m.media-amazon.com/images/I/51MgcbyDQGL._AC_UL320_.jpg,,,,,,,,,,,https://www.amazon.eg/dp/B0G3Q4W9ZZ,2026-06-04T06:02:23.196455
amazon,B0FKV92JNW,Mushkah Lighting Fiberglass Curved Cap Ceiling Lamp - Modern White__,,Lighting,"EGP 1,999.99",,,,,,,,,,https://m.media-amazon.com/images/I/7119OU6dLjL._AC_UL320_.jpg,https://m.media-amazon.com/images/I/7119OU6dLjL._AC_UL320_.jpg,,,,,,,,,,,https://www.amazon.eg/dp/B0FKV92JNW,2026-06-04T06:02:23.196929
amazon,B0FDKD1691,"Classic luxury table lamp featuring elegant gold clock and transparent glass body, combining sophistication and beautiful time charm, height 60cm and width 30cm (Black)",,Lighting,"EGP 1,585.00",,,,,,,,,,https://m.media-amazon.com/images/I/41ojoTAkgaL._AC_UL320_.jpg,https://m.media-amazon.com/images/I/41ojoTAkgaL._AC_UL320_.jpg,,,,,,,,,,,https://www.amazon.eg/dp/B0FDKD1691,2026-06-04T06:02:23.197406
amazon,B0F1ZDF2TP,El Rawda Lighting - Elegant Gray Metal Table Lamp with Unique Fabric Shade - RL-TL-B-046,,Lighting,EGP 335.91,,,2.0,,,,,,,https://m.media-amazon.com/images/I/81oJ5SJlwbL._AC_UL320_.jpg,https://m.media-amazon.com/images/I/81oJ5SJlwbL._AC_UL320_.jpg,,,,,,,,,,,https://www.amazon.eg/dp/B0F1ZDF2TP,2026-06-04T06:02:23.197934
amazon,B0G151JF4Y,"Y-Light Classy Beige Table Lamp – Modern Fabric Shade Light for Living Room, Bedroom, or Office – Gold Steel Base, Elegant Home Décor Lighting s YL-T-2214",,Lighting,EGP 650.00,,,,,,,,,,https://m.media-amazon.com/images/I/41K+XRzsoEL._AC_UL320_.jpg,https://m.media-amazon.com/images/I/41K+XRzsoEL._AC_UL320_.jpg,,,,,,,,,,,https://www.amazon.eg/dp/B0G151JF4Y,2026-06-04T06:02:23.199162
amazon,B0GHZF34PY,"Woven Rope Hanging Lamp(Linen), Natural Bohemian Design, Dome Light Shade,Black Base, Ceiling Lighting for Home",,Lighting,EGP 399.00,,,,,,,,,,https://m.media-amazon.com/images/I/51Q6XJlGcpL._AC_UL320_.jpg,https://m.media-amazon.com/images/I/51Q6XJlGcpL._AC_UL320_.jpg,,,,,,,,,,,https://www.amazon.eg/dp/B0GHZF34PY,2026-06-04T06:02:23.199662
amazon,B0GVKQRCJB,"Butterfly Wall Lamp LED Gold Wall Sconce Indoor Wall Lighting Fitting, Bedroom Bedside Light Living Room Nordic Wall Mounted Lamps, Home Decoration 10W Headboard Lights",,Lighting,EGP 500.00,,,,,,,,,,https://m.media-amazon.com/images/I/61+D6gMP5ML._AC_UL320_.jpg,https://m.media-amazon.com/images/I/61+D6gMP5ML._AC_UL320_.jpg,,,,,,,,,,,https://www.amazon.eg/dp/B0GVKQRCJB,2026-06-04T06:02:23.200182
amazon,B0G4964M77,"Home Decor LED Table Lamp, Modern Design, Night Light, Gold Base, Clear Glass Cover Illuminated, Warm Lighting",,Lighting,EGP 480.00,,,,,,,,,,https://m.media-amazon.com/images/I/51USMtrC75L._AC_UL320_.jpg,https://m.media-amazon.com/images/I/51USMtrC75L._AC_UL320_.jpg,,,,,,,,,,,https://www.amazon.eg/dp/B0G4964M77,2026-06-04T06:02:27.040169
amazon,B0FGQQMJ9G,Mushkah Lighting Boho Decorative Table Lamp,,Lighting,EGP 950.00,,,,,,,,,,https://m.media-amazon.com/images/I/61uirkS9k-L._AC_UL320_.jpg,https://m.media-amazon.com/images/I/61uirkS9k-L._AC_UL320_.jpg,,,,,,,,,,,https://www.amazon.eg/dp/B0FGQQMJ9G,2026-06-04T06:02:27.042211
amazon,B0G3PTG6ZV,"Modern Table Lamp – Natural Beech Wood Base & Linen Fabric Shade – Warm Ambient Lighting for Bedrooms, Living Rooms & Home Décor – Elegant Beige Design – E27 Bulb",,Lighting,EGP 499.00,,,,,,,,,,https://m.media-amazon.com/images/I/41T-nEXQJEL._AC_UL320_.jpg,https://m.media-amazon.com/images/I/41T-nEXQJEL._AC_UL320_.jpg,,,,,,,,,,,https://www.amazon.eg/dp/B0G3PTG6ZV,2026-06-04T06:02:27.043126
amazon,B091CZ5KQF,"Moon Lighting Disco Ball Lamps, 12cm",,Lighting,EGP 194.99,,,1.9,,,,,,,https://m.media-amazon.com/images/I/51eeWbf7YYL._AC_UL320_.jpg,https://m.media-amazon.com/images/I/51eeWbf7YYL._AC_UL320_.jpg,,,,,,,,,,,https://www.amazon.eg/dp/B091CZ5KQF,2026-06-04T06:02:27.043622
amazon,B0G2JNR9CS,LED Desk Lamp with Pen Holder & Mobile Phone + Digital Clock – 3 Lighting Modes No Glare – Smart Touch & Dimming – Study Table Lamp for Office Computer,,Lighting,EGP 375.00,,,,,,,,,,https://m.media-amazon.com/images/I/41Nj1j1OqNL._AC_UL320_.jpg,https://m.media-amazon.com/images/I/41Nj1j1OqNL._AC_UL320_.jpg,,,,,,,,,,,https://www.amazon.eg/dp/B0G2JNR9CS,2026-06-04T06:02:27.044105
amazon,B092DXK3BN,LED Star Master Rotating Night Light Projector Spin Starry Sky Star Master Children Kids Baby Sleep Romantic Led USB Lamp Projection Night Lighting Projector - Assorted item,,Lighting,EGP 139.00,,,3.4,,,,,,,https://m.media-amazon.com/images/I/51hbaY0SFsL._AC_UL320_.jpg,https://m.media-amazon.com/images/I/51hbaY0SFsL._AC_UL320_.jpg,,,,,,,,,,,https://www.amazon.eg/dp/B092DXK3BN,2026-06-04T06:02:27.045804
amazon,B0DSWLW8C7,"Modern Table Lamp with Crystal and Metal Stand, Natural Marble Base, White Fabric Shade, 63 cm X 36 cm",,Lighting,"EGP 1,195.00",,,,,,,,,,https://m.media-amazon.com/images/I/41KiNegLXuL._AC_UL320_.jpg,https://m.media-amazon.com/images/I/41KiNegLXuL._AC_UL320_.jpg,,,,,,,,,,,https://www.amazon.eg/dp/B0DSWLW8C7,2026-06-04T06:02:27.046289
amazon,B0FRWC3JLW,"Lamps Gold Table Lamp with Burnt Orange Shade - Modern Accent Lighting for Living Room, Bedroom, and Office",,Lighting,"EGP 1,057.00",,,,,,,,,,https://m.media-amazon.com/images/I/711DKt0Ls3L._AC_UL320_.jpg,https://m.media-amazon.com/images/I/711DKt0Ls3L._AC_UL320_.jpg,,,,,,,,,,,https://www.amazon.eg/dp/B0FRWC3JLW,2026-06-04T06:02:27.046735
amazon,B0FRGF4HNR,Table Led Lamp Usb Rechargeable Desk Light Cute Design For Kids Bedroom Study Reading Night Lighting (Green & green lime1),,Lighting,EGP 220.00,,,4.5,,,,,,,https://m.media-amazon.com/images/I/41teAAvIN1L._AC_UL320_.jpg,https://m.media-amazon.com/images/I/41teAAvIN1L._AC_UL320_.jpg,,,,,,,,,,,https://www.amazon.eg/dp/B0FRGF4HNR,2026-06-04T06:02:27.048310
amazon,B0927T2YKM,"Sunset Projection Lamp Led Light, Romantic Visual Mood Lighting Lamp, 90 Degree Rotation Network Red Light, Modern Floor Stand Night Light for Living Room Bedroom Decor",,Lighting,EGP 700.00,,,,,,,,,,https://m.media-amazon.com/images/I/61feJLOqN4L._AC_UL320_.jpg,https://m.media-amazon.com/images/I/61feJLOqN4L._AC_UL320_.jpg,,,,,,,,,,,https://www.amazon.eg/dp/B0927T2YKM,2026-06-04T06:02:27.048747
amazon,B0BYXLZT1V,El rawda rl-na-033 naomi wall lamp - black,,Lighting,EGP 326.00,,,3.6,,,,,,,https://m.media-amazon.com/images/I/61SAGDsi2WL._AC_UL320_.jpg,https://m.media-amazon.com/images/I/61SAGDsi2WL._AC_UL320_.jpg,,,,,,,,,,,https://www.amazon.eg/dp/B0BYXLZT1V,2026-06-04T06:02:27.049347
amazon,B0G6BMBN6P,Tripod Floor Lamp Suitable for Home and Living Spaces Beech Wood Base High Quality Linen Shade - Modern Style for Living Room Bright Lighting - Beige - Modern Style 014,,Lighting,"EGP 2,500.00",,,1.0,,,,,,,https://m.media-amazon.com/images/I/41zZdG7ha2L._AC_UL320_.jpg,https://m.media-amazon.com/images/I/41zZdG7ha2L._AC_UL320_.jpg,,,,,,,,,,,https://www.amazon.eg/dp/B0G6BMBN6P,2026-06-04T06:02:27.049888
amazon,B0F89HNFX1,"Feather Night Lamp - Elegant Worm Design, LED Bedside Light for Girls' Room Decor, Wedding Parties, Chic Lighting, Available in White & Pink, Plastic Base",,Lighting,EGP 655.00,,,,,,,,,,https://m.media-amazon.com/images/I/71cSBMiaAiL._AC_UL320_.jpg,https://m.media-amazon.com/images/I/71cSBMiaAiL._AC_UL320_.jpg,,,,,,,,,,,https://www.amazon.eg/dp/B0F89HNFX1,2026-06-04T06:02:27.050347
amazon,B0GRHQVBWY,"Butterfly Table Lamp with Gold Foil Accents, Gold Base, Decorative LED Lighting, Modern Home Decor",,Lighting,EGP 399.99,,,,,,,,,,https://m.media-amazon.com/images/I/51r3XoWh2yL._AC_UL320_.jpg,https://m.media-amazon.com/images/I/51r3XoWh2yL._AC_UL320_.jpg,,,,,,,,,,,https://www.amazon.eg/dp/B0GRHQVBWY,2026-06-04T06:02:27.051324
amazon,B0F1ZDM8QW,El Rawda Lighting - Elegant Beige Metal Table Lamp with Unique Fabric Shade - RL-TL-B-034,,Lighting,EGP 366.18,,,,,,,,,,https://m.media-amazon.com/images/I/71L+fnR6qVL._AC_UL320_.jpg,https://m.media-amazon.com/images/I/71L+fnR6qVL._AC_UL320_.jpg,,,,,,,,,,,https://www.amazon.eg/dp/B0F1ZDM8QW,2026-06-04T06:02:27.051768
amazon,B0F1M3ZRYR,El Rawda Lighting - Simple Elegant White Metal Table Lamp,,Lighting,EGP 303.68,,,,,,,,,,https://m.media-amazon.com/images/I/51MjSsUsKAL._AC_UL320_.jpg,https://m.media-amazon.com/images/I/51MjSsUsKAL._AC_UL320_.jpg,,,,,,,,,,,https://www.amazon.eg/dp/B0F1M3ZRYR,2026-06-04T06:02:27.052248
amazon,B0GGBZ84GL,"Indoor Table & Floor Lamp with Fabric Shade – Decorative Lighting Solution for Home Décor, Soft Ambient Light, Easy Style Upgrade - Plain Design - Black&White",,Lighting,EGP 370.00,,,,,,,,,,https://m.media-amazon.com/images/I/41UdGqPHQWL._AC_UL320_.jpg,https://m.media-amazon.com/images/I/41UdGqPHQWL._AC_UL320_.jpg,,,,,,,,,,,https://www.amazon.eg/dp/B0GGBZ84GL,2026-06-04T06:02:27.052682
amazon,B0GDS8DNTC,"Modern Arched Floor Lamp for Living Room – Tall LED Standing Lamp with Warm Ambient Light, Scandinavian & Boho Design, Adjustable Over Sofa & Corner Lighting (Champagne)",,Lighting,"EGP 3,000.00",,,,,,,,,,https://m.media-amazon.com/images/I/61Us7trXiFL._AC_UL320_.jpg,https://m.media-amazon.com/images/I/61Us7trXiFL._AC_UL320_.jpg,,,,,,,,,,,https://www.amazon.eg/dp/B0GDS8DNTC,2026-06-04T06:02:27.053709
amazon,B0DRJLCBBD,"LANDGOO Message Motion Sensor Light, Portable Doorknob Memo Board Night Light with Stickers, Wooden Battery Rechargeable Warm LED Lamp for Bedroom Bathroom, Hanging Doorhandle Lighting (Beech 2Pack)",,Lighting,EGP 699.00,,,4.6,,,,,,,https://m.media-amazon.com/images/I/51sek2YX+bL._AC_UL320_.jpg,https://m.media-amazon.com/images/I/51sek2YX+bL._AC_UL320_.jpg,,,,,,,,,,,https://www.amazon.eg/dp/B0DRJLCBBD,2026-06-04T06:02:27.054239
amazon,B0F1ZCZNS9,El Rawda Lighting - Elegant Black Metal Table Lamp with Unique Fabric Shade - RL-TL-B-041,,Lighting,EGP 335.91,,,,,,,,,,https://m.media-amazon.com/images/I/714xFso7eGL._AC_UL320_.jpg,https://m.media-amazon.com/images/I/714xFso7eGL._AC_UL320_.jpg,,,,,,,,,,,https://www.amazon.eg/dp/B0F1ZCZNS9,2026-06-04T06:02:27.054685
amazon,B0F8PGTJK2,"Decorative Table Lamp with Premium Solid Brass Gazelle Base, Black Rectangular Shade Height 62 cm width 35 cm (Gold Base)",,Lighting,"EGP 4,635.00",,,5.0,,,,,,,https://m.media-amazon.com/images/I/51zPYuT+O0L._AC_UL320_.jpg,https://m.media-amazon.com/images/I/51zPYuT+O0L._AC_UL320_.jpg,,,,,,,,,,,https://www.amazon.eg/dp/B0F8PGTJK2,2026-06-04T06:02:27.056152
amazon,B0FHF5QT9V,Rustic Woven Bamboo Hanging Lamp - Natural Finish - by Mishkah Lighting,,Lighting,"EGP 2,500.00",,,,,,,,,,https://m.media-amazon.com/images/I/61UEJlZjN+L._AC_UL320_.jpg,https://m.media-amazon.com/images/I/61UEJlZjN+L._AC_UL320_.jpg,,,,,,,,,,,https://www.amazon.eg/dp/B0FHF5QT9V,2026-06-04T06:02:27.060380
amazon,B0D14DJC8L,"Rechargeable Lantern,20 Hours Runtime,Power Outage, Night Light, 2 Level Brightness Intensity, Pantry/Cabinet Lighting, Camp Light, Desk Lamp,Table Lamp, Reading Light, Gray",,Lighting,EGP 400.00,,,3.0,,,,,,,https://m.media-amazon.com/images/I/51VBfFVz2sL._AC_UL320_.jpg,https://m.media-amazon.com/images/I/51VBfFVz2sL._AC_UL320_.jpg,,,,,,,,,,,https://www.amazon.eg/dp/B0D14DJC8L,2026-06-04T06:02:27.060945
amazon,B0F8K8L83G,"Traditional Table Lamp with Hand-Carved Base, Off-White Bell Shade, Decoupage Wood Finish 71cm x 30 cm",,Lighting,"EGP 3,990.00",,,,,,,,,,https://m.media-amazon.com/images/I/51i6HPO8cEL._AC_UL320_.jpg,https://m.media-amazon.com/images/I/51i6HPO8cEL._AC_UL320_.jpg,,,,,,,,,,,https://www.amazon.eg/dp/B0F8K8L83G,2026-06-04T06:02:27.061393
amazon,B0F8KQ2PG7,"Vintage Style Table Lamp, Hand Carved Wood Base, Grey Shade, Decorative Decoupage Design 73cm Height X 33cm Width",,Lighting,"EGP 3,795.00",,,,,,,,,,https://m.media-amazon.com/images/I/41ZJb58cT-L._AC_UL320_.jpg,https://m.media-amazon.com/images/I/41ZJb58cT-L._AC_UL320_.jpg,,,,,,,,,,,https://www.amazon.eg/dp/B0F8KQ2PG7,2026-06-04T06:02:27.061861
amazon,B0FRY4562N,Desk Lamp/Clamp/Engineering/LED 3 Lighting Levels/Flexible Arm Rotatable in All Directions,,Lighting,EGP 481.75,,,1.0,,,,,,,https://m.media-amazon.com/images/I/21nryDan7vL._AC_UL320_.jpg,https://m.media-amazon.com/images/I/21nryDan7vL._AC_UL320_.jpg,,,,,,,,,,,https://www.amazon.eg/dp/B0FRY4562N,2026-06-04T06:02:27.062375
amazon,B0FLKN8X9B,(Fiber Glass Hanging Lamp) __ 60cm__ by Mushkah Lighting,,Lighting,"EGP 3,800.00",,,,,,,,,,https://m.media-amazon.com/images/I/717K53ZGQ8L._AC_UL320_.jpg,https://m.media-amazon.com/images/I/717K53ZGQ8L._AC_UL320_.jpg,,,,,,,,,,,https://www.amazon.eg/dp/B0FLKN8X9B,2026-06-04T06:02:30.603078
amazon,B0D6YVTBG3,AUGE LIGHT Minimalist Tabe Lamp Mini Cordless and Rechargeable Desk Lamps with Breathing Effect 3 Levels Brightness Touch Control Ambient Light Unique Gifts Ideal for Men/Dad/Him 2 Packs (Gray+White),,Lighting,"EGP 1,445.39",,,4.4,,,,,,,https://m.media-amazon.com/images/I/61P+-PZ4KfL._AC_UL320_.jpg,https://m.media-amazon.com/images/I/61P+-PZ4KfL._AC_UL320_.jpg,,,,,,,,,,,https://www.amazon.eg/dp/B0D6YVTBG3,2026-06-04T06:02:30.604763
amazon,B0F1ZDZSYW,El Rawda Lighting - Elegant Gold Metal Table Lamp with Unique Fabric Shade - RL-TL-B-064,,Lighting,EGP 366.18,,,4.0,,,,,,,https://m.media-amazon.com/images/I/518cI7ihWaL._AC_UL320_.jpg,https://m.media-amazon.com/images/I/518cI7ihWaL._AC_UL320_.jpg,,,,,,,,,,,https://www.amazon.eg/dp/B0F1ZDZSYW,2026-06-04T06:02:30.607296
amazon,B0FLYLY53L,Mushkah Lighting Fiber Glass Cloud Hanging Lamp__ 60cm__,,Lighting,"EGP 4,250.00",,,,,,,,,,https://m.media-amazon.com/images/I/71vwrtQ3YsL._AC_UL320_.jpg,https://m.media-amazon.com/images/I/71vwrtQ3YsL._AC_UL320_.jpg,,,,,,,,,,,https://www.amazon.eg/dp/B0FLYLY53L,2026-06-04T06:02:30.608684
amazon,B0B1MQGGH5,LED Letter Lights Alphabet Lamp Letter Lighting Lamp Illuminated Night Lights Decoration for Birthday Christmas Wedding Party Valentine's Day with 2AA Battery Traceless Hooks,,Lighting,EGP 139.50,,,4.8,,,,,,,https://m.media-amazon.com/images/I/61tFmHwryaL._AC_UL320_.jpg,https://m.media-amazon.com/images/I/61tFmHwryaL._AC_UL320_.jpg,,,,,,,,,,,https://www.amazon.eg/dp/B0B1MQGGH5,2026-06-04T06:02:30.610118
amazon,B09C3PPCKF,"Philips Hue Signe White and Colour Ambiance Gradient Table Lamp [Black] Smart Lighting With Bluetooth. Works with Alexa, Google Assistant and Apple Homekit.",,Lighting,"EGP 21,394.00",,,4.5,,,,,,,https://m.media-amazon.com/images/I/61YQn-RNQyL._AC_UL320_.jpg,https://m.media-amazon.com/images/I/61YQn-RNQyL._AC_UL320_.jpg,,,,,,,,,,,https://www.amazon.eg/dp/B09C3PPCKF,2026-06-04T06:02:30.611179
amazon,B0G2JRJKXH,Touch Rechargeable LED Desk Table Lamp – Eye Protection Study Lamp with Pen Holder & Phone Holder – 3 USB Lighting Modes for Reading and Working (dz-67),,Lighting,EGP 375.00,,,3.8,,,,,,,https://m.media-amazon.com/images/I/41Nj1j1OqNL._AC_UL320_.jpg,https://m.media-amazon.com/images/I/41Nj1j1OqNL._AC_UL320_.jpg,,,,,,,,,,,https://www.amazon.eg/dp/B0G2JRJKXH,2026-06-04T06:02:30.612241
amazon,B0F1ZCVBQY,El Rawda Lighting - Elegant White Metal Table Lamp with Unique Fabric Shade - RL-TL-B-044,,Lighting,EGP 335.91,,,,,,,,,,https://m.media-amazon.com/images/I/51ENGWGj4zL._AC_UL320_.jpg,https://m.media-amazon.com/images/I/51ENGWGj4zL._AC_UL320_.jpg,,,,,,,,,,,https://www.amazon.eg/dp/B0F1ZCVBQY,2026-06-04T06:02:30.613141
amazon,B08P22GKJR,"3 Pack Sonic Hedgehog Night Light, 3D Anime Table Lamp with Remote Control Kids Bedroom Decoration, Creative Lighting for Kids and Sonic Hedgehog Fans",,Lighting,"EGP 1,199.00",,,4.5,,,,,,,https://m.media-amazon.com/images/I/71juhJRwu3L._AC_UL320_.jpg,https://m.media-amazon.com/images/I/71juhJRwu3L._AC_UL320_.jpg,,,,,,,,,,,https://www.amazon.eg/dp/B08P22GKJR,2026-06-04T06:02:30.613741
amazon,B0F1M5319G,El Rawda Lighting - Distinctive Crescent-Shaped Copper Metal Table Lamp - Suitable for All Tastes,,Lighting,EGP 366.18,,,,,,,,,,https://m.media-amazon.com/images/I/71JGUaae6OL._AC_UL320_.jpg,https://m.media-amazon.com/images/I/71JGUaae6OL._AC_UL320_.jpg,,,,,,,,,,,https://www.amazon.eg/dp/B0F1M5319G,2026-06-04T06:02:30.615182
amazon,B0DGD4788S,"Small Cordless Desk Lamp, Rechargeable Flashlight, Dimmable, Bright LED Light for Home, Office, Dorm, Camping, Emergency Use, Indoor & Outdoor Lighting, Portable Lamp with USB Charging Port, White",,Lighting,EGP 250.00,,,3.0,,,,,,,https://m.media-amazon.com/images/I/71R1dd4VSLL._AC_UL320_.jpg,https://m.media-amazon.com/images/I/71R1dd4VSLL._AC_UL320_.jpg,,,,,,,,,,,https://www.amazon.eg/dp/B0DGD4788S,2026-06-04T06:02:30.616241
amazon,B0BYXLSF6B,El rawda rl-na-017 naomi triple ceiling lamp golden,,Lighting,EGP 421.00,EGP 597.00,,3.9,Get it faster,,,,,,https://m.media-amazon.com/images/I/61SG4yYk5qL._AC_UL320_.jpg,https://m.media-amazon.com/images/I/61SG4yYk5qL._AC_UL320_.jpg,,,,,,,,,,,https://www.amazon.eg/dp/B0BYXLSF6B,2026-06-04T06:02:30.617610
amazon,B0CHZ1J57J,El Rawda RL-FL-M-018 Floor Lamp Metal Base Modern And Elegant High Quality For Living Room Or Bedroom - White,,Lighting,"EGP 1,220.59",,,3.5,,,,,,,https://m.media-amazon.com/images/I/814DXjRoWKL._AC_UL320_.jpg,https://m.media-amazon.com/images/I/814DXjRoWKL._AC_UL320_.jpg,,,,,,,,,,,https://www.amazon.eg/dp/B0CHZ1J57J,2026-06-04T06:02:30.618232
amazon,B0FL16VRQM,"Table Lamp, Led Light for studying – Night Light, and Flood Lighting, USB Powered (Pink)",,Lighting,EGP 189.90,,,,,,,,,,https://m.media-amazon.com/images/I/311LJqskF9L._AC_UL320_.jpg,https://m.media-amazon.com/images/I/311LJqskF9L._AC_UL320_.jpg,,,,,,,,,,,https://www.amazon.eg/dp/B0FL16VRQM,2026-06-04T06:02:30.618780
amazon,B0CW8VSWF8,"OkiyiD F1 Gifts for Boys Men, Formula 1 Racing Car 3D Illusion lamp Roadster Night Light for Kids Boys Bedroom Decor,16 Colors Changing Lighting Lamp with Remote Control",,Lighting,EGP 748.75,,,4.6,,,,,,,https://m.media-amazon.com/images/I/815nJ-JGv3L._AC_UL320_.jpg,https://m.media-amazon.com/images/I/815nJ-JGv3L._AC_UL320_.jpg,,,,,,,,,,,https://www.amazon.eg/dp/B0CW8VSWF8,2026-06-04T06:02:30.620015
amazon,B0GJN5YYBG,"Eye Comfort Rechargeable LED Desk Lamp – Flicker-Free Lighting – Touch Control – 3 Light Colors – USB Powered – Ideal for Studying, Working, Reading",,Lighting,EGP 275.00,,,,,,,,,,https://m.media-amazon.com/images/I/512f7gQFm6L._AC_UL320_.jpg,https://m.media-amazon.com/images/I/512f7gQFm6L._AC_UL320_.jpg,,,,,,,,,,,https://www.amazon.eg/dp/B0GJN5YYBG,2026-06-04T06:02:30.620469
amazon,B0FS844NKL,"Modern LED Desk Lamp, Black Matte Finish, Plastic Construction, Touch Control, Battery Powered, Indoor Lighting for Bedroom",,Lighting,EGP 359.00,,,,,,,,,,https://m.media-amazon.com/images/I/71sdm+cqvxL._AC_UL320_.jpg,https://m.media-amazon.com/images/I/71sdm+cqvxL._AC_UL320_.jpg,,,,,,,,,,,https://www.amazon.eg/dp/B0FS844NKL,2026-06-04T06:02:30.620929
amazon,B0BYXJDBLR,Hoka Floor Lamp With 2 Light,,Lighting,"EGP 1,710.00",,,3.0,,,,,,,https://m.media-amazon.com/images/I/71nZiAK-K2L._AC_UL320_.jpg,https://m.media-amazon.com/images/I/71nZiAK-K2L._AC_UL320_.jpg,,,,,,,,,,,https://www.amazon.eg/dp/B0BYXJDBLR,2026-06-04T06:02:30.621502
amazon,B0CHZ2FZGD,El Rawda RL-FL-A-020 Modern and Elegant Dark Wood Floor Lamp High Quality for Living Room or Bedroom - Silver,,Lighting,"EGP 1,660.00",,,1.0,,,,,,,https://m.media-amazon.com/images/I/81AborRcjdL._AC_UL320_.jpg,https://m.media-amazon.com/images/I/81AborRcjdL._AC_UL320_.jpg,,,,,,,,,,,https://www.amazon.eg/dp/B0CHZ2FZGD,2026-06-04T06:02:30.622107
amazon,B0FWCYMY8J,"Foldable Desk Lamp with Touch Control and Phone Stand, 3-Level Adjustable Brightness Table Light with Flexible Head for Reading and Sleeping, Eye-Caring Lighting for Study or Bedside Use, White",,Lighting,EGP 160.00,,,,,,,,,,https://m.media-amazon.com/images/I/31w-4XpElEL._AC_UL320_.jpg,https://m.media-amazon.com/images/I/31w-4XpElEL._AC_UL320_.jpg,,,,,,,,,,,https://www.amazon.eg/dp/B0FWCYMY8J,2026-06-04T06:02:30.622558
amazon,B0GRJY74P4,"Oops Adjustable Desk Lamp with Clip – Flexible Arm for Convenient Lighting – Perfect for Study, Reading, and Work – Sleek and Modern Design – Black",,Lighting,EGP 790.00,,,1.0,,,,,,,https://m.media-amazon.com/images/I/51jPKQOTQ6L._AC_UL320_.jpg,https://m.media-amazon.com/images/I/51jPKQOTQ6L._AC_UL320_.jpg,,,,,,,,,,,https://www.amazon.eg/dp/B0GRJY74P4,2026-06-04T06:02:30.623081
amazon,B0BYXHQS7H,El rawda rl-tl-a-003 table lamp with wood base - beige,,Lighting,EGP 671.81,,,,,,,,,,https://m.media-amazon.com/images/I/81s6J2IloBL._AC_UL320_.jpg,https://m.media-amazon.com/images/I/81s6J2IloBL._AC_UL320_.jpg,,,,,,,,,,,https://www.amazon.eg/dp/B0BYXHQS7H,2026-06-04T06:02:30.624133
amazon,B0DD464Y8G,"Desidiya® 3D Cloud Rain Crystal Ball Night Lamp - Creative Engraved LED Table Light with USB and Wooden Base, Perfect for Home Office Decor and Birthdays- Warm White",,Lighting,EGP 249.00,,,4.0,,,,,,,https://m.media-amazon.com/images/I/611-LYbS63L._AC_UL320_.jpg,https://m.media-amazon.com/images/I/611-LYbS63L._AC_UL320_.jpg,,,,,,,,,,,https://www.amazon.eg/dp/B0DD464Y8G,2026-06-04T06:02:30.624743
amazon,B0GK1VRST8,"Oops, Tripod Floor Lamp Suitable for Home and Living Spaces Dark Brown Beech Wood Base Linen Shade - Modern Style for Living Room Soft Lighting - Off-White - Modern Style 2",,Lighting,"EGP 1,500.00",,,,,,,,,,https://m.media-amazon.com/images/I/316InGUT4ML._AC_UL320_.jpg,https://m.media-amazon.com/images/I/316InGUT4ML._AC_UL320_.jpg,,,,,,,,,,,https://www.amazon.eg/dp/B0GK1VRST8,2026-06-04T06:02:30.625282
amazon,B0DKJW79WJ,"Sneaker Gifts, Sport Shoes, Sneaker Gifts, 3D Illusion Night Light Lamp, 16 Colors Changing, Timer, 4 Flash Modes and Dimmable, Kids Room Decoration, Xmas Gifts",,Lighting,EGP 748.75,,,4.6,,,,,,,https://m.media-amazon.com/images/I/8132XvE8MiL._AC_UL320_.jpg,https://m.media-amazon.com/images/I/8132XvE8MiL._AC_UL320_.jpg,,,,,,,,,,,https://www.amazon.eg/dp/B0DKJW79WJ,2026-06-04T06:02:30.625773
amazon,B0F1M3N8P2,El Rawda Lighting - Elegant Black Metal Table Lamp,,Lighting,EGP 243.14,,,,,,,,,,https://m.media-amazon.com/images/I/61rs8p6NL-L._AC_UL320_.jpg,https://m.media-amazon.com/images/I/61rs8p6NL-L._AC_UL320_.jpg,,,,,,,,,,,https://www.amazon.eg/dp/B0F1M3N8P2,2026-06-04T06:02:33.761152
amazon,B0FP5SV1G3,Mushkah Lighting Table Lamp__ Beige,,Lighting,EGP 350.00,,,,,,,,,,https://m.media-amazon.com/images/I/61fbmy3xFiL._AC_UL320_.jpg,https://m.media-amazon.com/images/I/61fbmy3xFiL._AC_UL320_.jpg,,,,,,,,,,,https://www.amazon.eg/dp/B0FP5SV1G3,2026-06-04T06:02:33.762082
amazon,B0BMNZFRK5,Gift To My Mom from Daughter Son 3D Night Light Mum Birthday Gifts Illusion LED Night Lamp with 16 Colors Change Remote Control Keepsake Sign Lighting Gift for Mother,,Lighting,EGP 589.00,,,5.0,,,,,,,https://m.media-amazon.com/images/I/81h+joj8MrL._AC_UL320_.jpg,https://m.media-amazon.com/images/I/81h+joj8MrL._AC_UL320_.jpg,,,,,,,,,,,https://www.amazon.eg/dp/B0BMNZFRK5,2026-06-04T06:02:33.762591
amazon,B0FXGKYQQ8,"Next Store Animal Shaped Desk Lamp – 2 Tone Powerful LED Lighting, Color Changing, Flexible Multi-Motion Stand with USB Charger Connector, Ideal for Offices, Kids Rooms (Green)",,Lighting,EGP 208.75,,,,,,,,,,https://m.media-amazon.com/images/I/316XIdZXCpL._AC_UL320_.jpg,https://m.media-amazon.com/images/I/316XIdZXCpL._AC_UL320_.jpg,,,,,,,,,,,https://www.amazon.eg/dp/B0FXGKYQQ8,2026-06-04T06:02:33.763136
amazon,B0F1ZCXQY8,El Rawda Lighting - Elegant Black Metal Table Lamp with Unique Fabric Shade - RL-TL-B-047,,Lighting,EGP 341.76,,,,,,,,,,https://m.media-amazon.com/images/I/71kSGhKGCwL._AC_UL320_.jpg,https://m.media-amazon.com/images/I/71kSGhKGCwL._AC_UL320_.jpg,,,,,,,,,,,https://www.amazon.eg/dp/B0F1ZCXQY8,2026-06-04T06:02:33.764417
amazon,B0FKHMRJB8,silver floor lamp 165 * 40 cm with black hat 40 cm round shape for home decoration and lighting,,Lighting,"EGP 2,100.00",,,,,,,,,,https://m.media-amazon.com/images/I/31seg9RgPtL._AC_UL320_.jpg,https://m.media-amazon.com/images/I/31seg9RgPtL._AC_UL320_.jpg,,,,,,,,,,,https://www.amazon.eg/dp/B0FKHMRJB8,2026-06-04T06:02:33.764881
amazon,B0FYHVMZC1,"Modern LED Wall Lamp, Indoor and Outdoor Lighting, Black, 6W, Upper and Lower Dual Lighting Effect, Modern Design for Home Decoration",,Lighting,,,,3.5,,,,,,,https://m.media-amazon.com/images/I/21pNCC24VlL._AC_UL320_.jpg,https://m.media-amazon.com/images/I/21pNCC24VlL._AC_UL320_.jpg,,,,,,,,,,,https://www.amazon.eg/dp/B0FYHVMZC1,2026-06-04T06:02:33.766628
amazon,B0F1ZGM791,El Rawda Lighting - Elegant Gray Metal Table Lamp with Unique Fabric Shade - RL-TL-B-042,,Lighting,EGP 335.91,,,,,,,,,,https://m.media-amazon.com/images/I/819uDNIv6EL._AC_UL320_.jpg,https://m.media-amazon.com/images/I/819uDNIv6EL._AC_UL320_.jpg,,,,,,,,,,,https://www.amazon.eg/dp/B0F1ZGM791,2026-06-04T06:02:33.767572
amazon,B0FRY53D27,"Metal Desk Lamp with Flexible Arm, Modern Design, Red, Black, Blue, Adjustable Lighting",,Lighting,EGP 218.00,,,,,,,,,,https://m.media-amazon.com/images/I/21SZZggl99L._AC_UL320_.jpg,https://m.media-amazon.com/images/I/21SZZggl99L._AC_UL320_.jpg,,,,,,,,,,,https://www.amazon.eg/dp/B0FRY53D27,2026-06-04T06:02:33.770100
amazon,B0GK1ZP4PV,"Oops, LED Night Light – Stylish Decorative for Ambient Lighting in Bedrooms, Bedside Tables, Desks, and Home Décor Spaces - Square Lamp",,Lighting,EGP 350.00,,,3.5,,,,,,,https://m.media-amazon.com/images/I/41klUS5IRAL._AC_UL320_.jpg,https://m.media-amazon.com/images/I/41klUS5IRAL._AC_UL320_.jpg,,,,,,,,,,,https://www.amazon.eg/dp/B0GK1ZP4PV,2026-06-04T06:02:33.771147
amazon,B091C3Y7DK,Other Table Lamp - Book Light - Black - Mixed Material - Modern Style - Touch Control - LED Lighting - High Efficiency - Freestanding - Reading,,Lighting,EGP 294.99,,,3.1,,,,,,,https://m.media-amazon.com/images/I/61yiIIKkKtL._AC_UL320_.jpg,https://m.media-amazon.com/images/I/61yiIIKkKtL._AC_UL320_.jpg,,,,,,,,,,,https://www.amazon.eg/dp/B091C3Y7DK,2026-06-04T06:02:33.773248
amazon,B0BYD74TFQ,LED Ambient Lighting Night Light for Bedroom Rechargeable Bluetooth Speakers Table Lamp for Living Room Decor Battery Operated Dorm Bedside Lamps with 10W Wireless Charging(White) Child Gift,,Lighting,EGP 424.99,,,3.3,,,,,,,https://m.media-amazon.com/images/I/71S3UTXJgWL._AC_UL320_.jpg,https://m.media-amazon.com/images/I/71S3UTXJgWL._AC_UL320_.jpg,,,,,,,,,,,https://www.amazon.eg/dp/B0BYD74TFQ,2026-06-04T06:02:33.773737
amazon,B0FS21CLYQ,LED Light with Motion Sensor USB Rechargeable Magnetic Stick On Warm White Induction Lamp For Closet Kitchen Bathroom Wardrobe Stairs Soft Quiet Lighting,,Lighting,EGP 520.93,,,3.6,,,,,,,https://m.media-amazon.com/images/I/31HGBT7cpSL._AC_UL320_.jpg,https://m.media-amazon.com/images/I/31HGBT7cpSL._AC_UL320_.jpg,,,,,,,,,,,https://www.amazon.eg/dp/B0FS21CLYQ,2026-06-04T06:02:33.774260
amazon,B0GK1Z2TSQ,"Oops, Indoor Table & Floor Lamp with Fabric Shade – Decorative Lighting Solution for Home Décor, Soft Ambient Light, Easy Style Upgrade - White - Fabric - Simple conical lampshade",,Lighting,EGP 225.00,,,,,,,,,,https://m.media-amazon.com/images/I/41GIWwpWZeL._AC_UL320_.jpg,https://m.media-amazon.com/images/I/41GIWwpWZeL._AC_UL320_.jpg,,,,,,,,,,,https://www.amazon.eg/dp/B0GK1Z2TSQ,2026-06-04T06:02:33.775878
amazon,B0BYXKS9QH,El rawda rl-cu-029 cup wall lamp with wood - blue,,Lighting,EGP 386.00,EGP 400.00,,4.0,List:,,,,,,https://m.media-amazon.com/images/I/7173tKUEc7L._AC_UL320_.jpg,https://m.media-amazon.com/images/I/7173tKUEc7L._AC_UL320_.jpg,,,,,,,,,,,https://www.amazon.eg/dp/B0BYXKS9QH,2026-06-04T06:02:33.777073
amazon,B0BYXK92SK,El-Rawda Lighting El rawda rl-sp-m-019 fabric ceiling lamp - beige,,Lighting,EGP 347.62,,,3.4,,,,,,,https://m.media-amazon.com/images/I/61pi5ushSfL._AC_UL320_.jpg,https://m.media-amazon.com/images/I/61pi5ushSfL._AC_UL320_.jpg,,,,,,,,,,,https://www.amazon.eg/dp/B0BYXK92SK,2026-06-04T06:02:33.779279
amazon,B08YNQ897Q,Romantic Dream Rotating Projection Lamp USB LED Night Light Sky Moon Star Master Projector for Kids Baby Sleep Lighting - Purple,,Lighting,EGP 166.60,,,4.0,,,,,,,https://m.media-amazon.com/images/I/61ECGWMiMvL._AC_UL320_.jpg,https://m.media-amazon.com/images/I/61ECGWMiMvL._AC_UL320_.jpg,,,,,,,,,,,https://www.amazon.eg/dp/B08YNQ897Q,2026-06-04T06:02:33.780375
amazon,B0F9L3BP4L,"El Rawda LED Desk Table Lamp, Modern High-Quality Design for Home & Office Lighting",,Lighting,EGP 488.24,,,,,,,,,,https://m.media-amazon.com/images/I/51IN99vh1hL._AC_UL320_.jpg,https://m.media-amazon.com/images/I/51IN99vh1hL._AC_UL320_.jpg,,,,,,,,,,,https://www.amazon.eg/dp/B0F9L3BP4L,2026-06-04T06:02:33.780903
amazon,B0BYXKTFGN,El rawda rl-tl-b-008 table lamp with wood base - beige,,Lighting,EGP 396.45,,,3.7,,,,,,,https://m.media-amazon.com/images/I/61S+o15blaL._AC_UL320_.jpg,https://m.media-amazon.com/images/I/61S+o15blaL._AC_UL320_.jpg,,,,,,,,,,,https://www.amazon.eg/dp/B0BYXKTFGN,2026-06-04T06:02:33.782662
amazon,B07MWG8H9N,Other LED Star Master Rotating Night Light Projector Spin Starry Sky Star Master Children Kids Baby Sleep Romantic Led USB Lamp Projection Night Lighting Projector Kids Children Baby Sleeping - Pink,,Lighting,EGP 163.00,,,2.9,,,,,,,https://m.media-amazon.com/images/I/51UmrvM8WLL._AC_UL320_.jpg,https://m.media-amazon.com/images/I/51UmrvM8WLL._AC_UL320_.jpg,,,,,,,,,,,https://www.amazon.eg/dp/B07MWG8H9N,2026-06-04T06:02:33.783779
amazon,B08B1LV723,"Linkind Pack Of 2 Metal Lamp Hangers, E27 Lamp Holders With Cable, 100 Cm Cord Pendant, Pendant Light Cable, Ideal For Ceiling Lighting, Black",,Lighting,EGP 124.00,,,4.6,,,,,,,https://m.media-amazon.com/images/I/61o0rptIowL._AC_UL320_.jpg,https://m.media-amazon.com/images/I/61o0rptIowL._AC_UL320_.jpg,,,,,,,,,,,https://www.amazon.eg/dp/B08B1LV723,2026-06-04T06:02:33.785501
amazon,B0DYYRDP82,"Lamp Socket Adapter with On/Off Switch – E27 Plug Converter for Lamp Holder, Child Safety Design, Easy Installation for Lighting Solutions (White, 3PCS)",,Lighting,EGP 204.00,EGP 68.00,,2.7,(,,,,,,https://m.media-amazon.com/images/I/41ktp3unxfL._AC_UL320_.jpg,https://m.media-amazon.com/images/I/41ktp3unxfL._AC_UL320_.jpg,,,,,,,,,,,https://www.amazon.eg/dp/B0DYYRDP82,2026-06-04T06:02:33.786176
amazon,B096R2BCJH,LED Rotating Projector Starry Night Light Children Room Star Sky Lighting Lamp Pink,,Lighting,EGP 174.90,,,3.0,Another way to buy,,,,,,https://m.media-amazon.com/images/I/613oGLt8AQL._AC_UL320_.jpg,https://m.media-amazon.com/images/I/613oGLt8AQL._AC_UL320_.jpg,,,,,,,,,,,https://www.amazon.eg/dp/B096R2BCJH,2026-06-04T06:02:36.818465
amazon,B0D9H2HX5M,"Desidiya Deer 3D Crystal Ball Night Light with Wooden Base - LED USB Table Lamp for Kids, Teens, and Home Decor",,Lighting,EGP 225.00,EGP 427.00,,4.0,List:,,,,,,https://m.media-amazon.com/images/I/61maHkHCTXL._AC_UL320_.jpg,https://m.media-amazon.com/images/I/61maHkHCTXL._AC_UL320_.jpg,,,,,,,,,,,https://www.amazon.eg/dp/B0D9H2HX5M,2026-06-04T06:02:36.819914
amazon,B0GYZ48DM4,"Light Socket Adapter E27 with Switch, 2 Pin Plug Converter, Lamp Holder Power Extension Socket for Bulb Lighting, Home Office Travel Use (1 Pcs)",,Lighting,EGP 110.00,EGP 230.00,,,List:,,,,,,https://m.media-amazon.com/images/I/21eGk4qYnoL._AC_UL320_.jpg,https://m.media-amazon.com/images/I/21eGk4qYnoL._AC_UL320_.jpg,,,,,,,,,,,https://www.amazon.eg/dp/B0GYZ48DM4,2026-06-04T06:02:36.821615
amazon,B09NGQ5JPG,Coup Button Down Shirt For Men Blue M,,Lighting,EGP 389.00,,,,,,,,,,https://m.media-amazon.com/images/I/61CMCT1sOJL._AC_UL320_.jpg,https://m.media-amazon.com/images/I/61CMCT1sOJL._AC_UL320_.jpg,,,,,,,,,,,https://www.amazon.eg/dp/B09NGQ5JPG,2026-06-04T06:02:36.822083
amazon,B092M3CW9B,DeFacto Regular Fit Regular Long Sleeve Woven Top Long Sleeve B4479AX SHIRT for Man Green (GN919) XS,,Lighting,EGP 860.00,,,5.0,,,,,,,https://m.media-amazon.com/images/I/81c-VvCLVML._AC_UL320_.jpg,https://m.media-amazon.com/images/I/81c-VvCLVML._AC_UL320_.jpg,,,,,,,,,,,https://www.amazon.eg/dp/B092M3CW9B,2026-06-04T06:02:36.822588
amazon,B0GK1QKKVG,"Oops, Modern Tall Wall Light Fixture – Wall Mounted Decorative Indoor Lamp for Living Rooms, Bedrooms & Hallways – Contemporary Interior Lighting - Double vertical cylinder - Stainless steel - Gold",,Lighting,EGP 800.00,,,,,,,,,,https://m.media-amazon.com/images/I/31lv9leZh+L._AC_UL320_.jpg,https://m.media-amazon.com/images/I/31lv9leZh+L._AC_UL320_.jpg,,,,,,,,,,,https://www.amazon.eg/dp/B0GK1QKKVG,2026-06-04T06:02:36.823111
amazon,B0GVVS8K9K,"Long LED Wall Lamp, Black, Modern Indoor Lighting, Three Lighting Colors (White - Yellow - Natural), Suitable for Bedroom, Corridor, Living Rooms (White, 40cm)",,Lighting,"EGP 1,300.00",,,,,,,,,,https://m.media-amazon.com/images/I/61826u6fYgL._AC_UL320_.jpg,https://m.media-amazon.com/images/I/61826u6fYgL._AC_UL320_.jpg,,,,,,,,,,,https://www.amazon.eg/dp/B0GVVS8K9K,2026-06-04T06:02:36.823552
amazon,B0F6KMYNS3,El Rawda - Metal Floor Lamp,,Lighting,"EGP 1,181.84",,,,,,,,,,https://m.media-amazon.com/images/I/61XC6QPzTsL._AC_UL320_.jpg,https://m.media-amazon.com/images/I/61XC6QPzTsL._AC_UL320_.jpg,,,,,,,,,,,https://www.amazon.eg/dp/B0F6KMYNS3,2026-06-04T06:02:36.825714
amazon,B0CHYZMFGW,El Rawda RL-FL-M-008 Floor Lamp Metal Base Modern And Elegant High Quality For Living Room Or Bedroom - Silver,,Lighting,"EGP 1,242.36",,,4.5,,,,,,,https://m.media-amazon.com/images/I/71HC6TiWgpL._AC_UL320_.jpg,https://m.media-amazon.com/images/I/71HC6TiWgpL._AC_UL320_.jpg,,,,,,,,,,,https://www.amazon.eg/dp/B0CHYZMFGW,2026-06-04T06:02:36.826318
amazon,B0CJQHMFVJ,"NAARI VILLA LED Star Shaped Crystal Table Decorative Night Light Lamp with Touch Sensor 3 Adjustable Color Shades Indoor Lighting for Home, Office, Bedroom, Living Room, Gift Item",,Lighting,EGP 250.00,,,4.4,,,,,,,https://m.media-amazon.com/images/I/8144SDiVKmL._AC_UL320_.jpg,https://m.media-amazon.com/images/I/8144SDiVKmL._AC_UL320_.jpg,,,,,,,,,,,https://www.amazon.eg/dp/B0CJQHMFVJ,2026-06-04T06:02:36.826920
amazon,B0GRK59FG2,"Oops Indoor Table & Floor Fabric Lampshade Classic – Decorative Lighting Solution for Home Décor, Soft Ambient Light, Easy Style Upgrade – Beige",,Lighting,EGP 225.00,,,,,,,,,,https://m.media-amazon.com/images/I/71M0dr1LtBL._AC_UL320_.jpg,https://m.media-amazon.com/images/I/71M0dr1LtBL._AC_UL320_.jpg,,,,,,,,,,,https://www.amazon.eg/dp/B0GRK59FG2,2026-06-04T06:02:36.827380
amazon,B0FGGVYDL4,"Vintage Outdoor Wall Lamp, Fog Glass, Antique Brass Finish, Porch and Entrance Lighting",,Lighting,"EGP 1,199.00",,,,,,,,,,https://m.media-amazon.com/images/I/41rb+wtTwCL._AC_UL320_.jpg,https://m.media-amazon.com/images/I/41rb+wtTwCL._AC_UL320_.jpg,,,,,,,,,,,https://www.amazon.eg/dp/B0FGGVYDL4,2026-06-04T06:02:36.827813
amazon,B0FNNDWZHJ,Mushkah Lighting Nordic Minimalist Pendant Lamp__,,Lighting,EGP 900.00,,,,,,,,,,https://m.media-amazon.com/images/I/31+eZ+MiqJL._AC_UL320_.jpg,https://m.media-amazon.com/images/I/31+eZ+MiqJL._AC_UL320_.jpg,,,,,,,,,,,https://www.amazon.eg/dp/B0FNNDWZHJ,2026-06-04T06:02:36.828284
amazon,B0FXGGZ26Z,"Next Store Animal Shaped Desk Lamp – 2 Tone Powerful LED Lighting, Color Changing, Flexible Multi-Motion Stand, USB Charger Connector, Ideal for Offices, Kids Rooms (Lavender)",,Lighting,EGP 208.75,,,,,,,,,,https://m.media-amazon.com/images/I/31BaEnCFiFL._AC_UL320_.jpg,https://m.media-amazon.com/images/I/31BaEnCFiFL._AC_UL320_.jpg,,,,,,,,,,,https://www.amazon.eg/dp/B0FXGGZ26Z,2026-06-04T06:02:36.828766
amazon,B0F9YKTCLY,"Lamp - Warm lighting for multiple uses in entrances, stairs, kitchens, cupboards, bedrooms and emergencies (Model3)",,Lighting,EGP 270.62,,,,,,,,,,https://m.media-amazon.com/images/I/41WkupyJYGL._AC_UL320_.jpg,https://m.media-amazon.com/images/I/41WkupyJYGL._AC_UL320_.jpg,,,,,,,,,,,https://www.amazon.eg/dp/B0F9YKTCLY,2026-06-04T06:02:36.830434
amazon,B0C6BWG3Y5,Modern hemp pendant rope 1 lamp,,Lighting,EGP 248.79,,,4.8,,,,,,,https://m.media-amazon.com/images/I/41BsrZozqUL._AC_UL320_.jpg,https://m.media-amazon.com/images/I/41BsrZozqUL._AC_UL320_.jpg,,,,,,,,,,,https://www.amazon.eg/dp/B0C6BWG3Y5,2026-06-04T06:02:36.831072
amazon,B0GKPC989Z,3D Moon Lamp with Base 3D Printing Warm Night Light Geometric Design Modern Home Decor,,Lighting,EGP 699.00,,,,,,,,,,https://m.media-amazon.com/images/I/41m93eawbIL._AC_UL320_.jpg,https://m.media-amazon.com/images/I/41m93eawbIL._AC_UL320_.jpg,,,,,,,,,,,https://www.amazon.eg/dp/B0GKPC989Z,2026-06-04T06:02:36.831520
amazon,B0GXL7V7CF,"USB Rechargeable Portable Reading Light with 3 Lighting Modes, 5 Levels Adjustable Brightness, Battery Level Display, Large Capacity Battery, LED Clip Book Light, Foldable.",,Lighting,EGP 599.00,EGP 699.00,,,List:,,,,,,https://m.media-amazon.com/images/I/51ASW8cBkDL._AC_UL320_.jpg,https://m.media-amazon.com/images/I/51ASW8cBkDL._AC_UL320_.jpg,,,,,,,,,,,https://www.amazon.eg/dp/B0GXL7V7CF,2026-06-04T06:02:36.832122
amazon,B0GVVT11ZQ,"LED Feather Wall Lamp, Gold, Clear Acrylic, Indoor Lighting (White-Yellow) Modern for Rooms and Corridors",,Lighting,EGP 850.00,,,,,,,,,,https://m.media-amazon.com/images/I/41oKslqJxaL._AC_UL320_.jpg,https://m.media-amazon.com/images/I/41oKslqJxaL._AC_UL320_.jpg,,,,,,,,,,,https://www.amazon.eg/dp/B0GVVT11ZQ,2026-06-04T06:02:36.833662
amazon,B0BV6GBQWM,"LED Projector Lamp, Portable Roof Lamp with USB Interface Plug and Play, Starry Sky Lighting Pattern, Adjustable Night Light, Multiple Light Effects for Car/Home/Party (Red)",,Lighting,EGP 60.00,,,3.1,,,,,,,https://m.media-amazon.com/images/I/71ZdPQhbZBL._AC_UL320_.jpg,https://m.media-amazon.com/images/I/71ZdPQhbZBL._AC_UL320_.jpg,,,,,,,,,,,https://www.amazon.eg/dp/B0BV6GBQWM,2026-06-04T06:02:36.834225
amazon,B0FM5FPL7W,Mushkah Lighting Rustic Wall Lamp with Woven Shade__,,Lighting,EGP 650.00,,,,,,,,,,https://m.media-amazon.com/images/I/61PzqEOYUxL._AC_UL320_.jpg,https://m.media-amazon.com/images/I/61PzqEOYUxL._AC_UL320_.jpg,,,,,,,,,,,https://www.amazon.eg/dp/B0FM5FPL7W,2026-06-04T06:02:36.835191
amazon,B0FMY9ZQN7,Mushkah Lighting Wall Lamp__,,Lighting,EGP 750.00,,,,,,,,,,https://m.media-amazon.com/images/I/41thgPjQDfL._AC_UL320_.jpg,https://m.media-amazon.com/images/I/41thgPjQDfL._AC_UL320_.jpg,,,,,,,,,,,https://www.amazon.eg/dp/B0FMY9ZQN7,2026-06-04T06:02:36.835776
amazon,B0GVKC71C5,"Sunset Projection Lamp USB with Rotating Head 360°, HD Lens Warm Ambient Light, Room Decor Lighting for Bedroom, Photography, Video Recording, Gaming Setup, Portable Mood Light",,Lighting,EGP 435.00,,,,,,,,,,https://m.media-amazon.com/images/I/51bT1iY40LL._AC_UL320_.jpg,https://m.media-amazon.com/images/I/51bT1iY40LL._AC_UL320_.jpg,,,,,,,,,,,https://www.amazon.eg/dp/B0GVKC71C5,2026-06-04T06:02:36.836245
amazon,B0FP99FDTS,"Mishkah Lighting Shade Lampshades, Beige",,Lighting,EGP 250.00,,,,,,,,,,https://m.media-amazon.com/images/I/718N4iaQx-L._AC_UL320_.jpg,https://m.media-amazon.com/images/I/718N4iaQx-L._AC_UL320_.jpg,,,,,,,,,,,https://www.amazon.eg/dp/B0FP99FDTS,2026-06-04T06:02:36.836686
amazon,B0BYXK1KQD,El rawda rl-rs-008 ceiling lamp - black,,Lighting,EGP 91.79,,,3.2,,,,,,,https://m.media-amazon.com/images/I/615iFh-wVML._AC_UL320_.jpg,https://m.media-amazon.com/images/I/615iFh-wVML._AC_UL320_.jpg,,,,,,,,,,,https://www.amazon.eg/dp/B0BYXK1KQD,2026-06-04T06:02:36.837306
amazon,B0B56W94F8,FEELING MALL Hinge Lights 4 PCS Under Cabinet Hydraulic Cupboard Closet Wardrobe Inner LED Sensor Motion Light Home Kitchen Night Lighting for Modern Kitchen Home Lamp Door Bulb Warm Cool White,,Lighting,EGP 114.00,EGP 120.00,,3.0,List:,,,,,,https://m.media-amazon.com/images/I/51drGvWv06L._AC_UL320_.jpg,https://m.media-amazon.com/images/I/51drGvWv06L._AC_UL320_.jpg,,,,,,,,,,,https://www.amazon.eg/dp/B0B56W94F8,2026-06-04T06:02:36.837922
amazon,B0CHZ1TQZM,Modern and Elegant Ceiling Lamp for Living Room or Bedroom - White,,Lighting,EGP 660.01,,,4.8,,,,,,,https://m.media-amazon.com/images/I/719BSVvjReL._AC_UL320_.jpg,https://m.media-amazon.com/images/I/719BSVvjReL._AC_UL320_.jpg,,,,,,,,,,,https://www.amazon.eg/dp/B0CHZ1TQZM,2026-06-04T06:02:36.838514
amazon,B0CHZ11BQN,Up Down Wall Lamp,,Lighting,EGP 130.00,,,4.5,,,,,,,https://m.media-amazon.com/images/I/61GcndZfukL._AC_UL320_.jpg,https://m.media-amazon.com/images/I/61GcndZfukL._AC_UL320_.jpg,,,,,,,,,,,https://www.amazon.eg/dp/B0CHZ11BQN,2026-06-04T06:02:36.839086
amazon,B0FP98KPG3,"Mushkah Lighting Gold Wall Lamp, Metal__",,Lighting,EGP 400.00,,,5.0,,,,,,,https://m.media-amazon.com/images/I/51w018zY8sL._AC_UL320_.jpg,https://m.media-amazon.com/images/I/51w018zY8sL._AC_UL320_.jpg,,,,,,,,,,,https://www.amazon.eg/dp/B0FP98KPG3,2026-06-04T06:02:36.839577
amazon,B0F9YJWV9L,"Lamp - Warm, reusable lighting anywhere, ideal for entrances, stairs, kitchens, cupboards and bedrooms, and in cases of power outages (Model7)",,Lighting,EGP 176.47,,,1.0,,,,,,,https://m.media-amazon.com/images/I/51urCtpCVLL._AC_UL320_.jpg,https://m.media-amazon.com/images/I/51urCtpCVLL._AC_UL320_.jpg,,,,,,,,,,,https://www.amazon.eg/dp/B0F9YJWV9L,2026-06-04T06:02:36.840095
amazon,B0FJZKG1WX,Lamp (Gold Foil Lamp with Three Lighting Modes),,Lighting,EGP 455.00,,,,,,,,,,https://m.media-amazon.com/images/I/61Vr01La2KL._AC_UL320_.jpg,https://m.media-amazon.com/images/I/61Vr01La2KL._AC_UL320_.jpg,,,,,,,,,,,https://www.amazon.eg/dp/B0FJZKG1WX,2026-06-04T06:02:36.840645
amazon,B09VKXRS72,KIYARI Sky Star Master Night Projector Lamp with USB 9 Colour 4 LED Rotation Baby Sleep Lighting USB Lamp LED Projection (Multicolor),,Lighting,EGP 190.00,,,3.8,Another way to buy,,,,,,https://m.media-amazon.com/images/I/61QehxatMSS._AC_UL320_.jpg,https://m.media-amazon.com/images/I/61QehxatMSS._AC_UL320_.jpg,,,,,,,,,,,https://www.amazon.eg/dp/B09VKXRS72,2026-06-04T06:02:36.841339
amazon,B0BMB17N1W,Modern Fashion Lighting Bathroom Indoor Round Light Fixture Living Room Metal Wall Lamp Bedside Table Glass Wall Lamp Black,,Lighting,EGP 550.00,,,3.2,,,,,,,https://m.media-amazon.com/images/I/41LajE4eWCL._AC_UL320_.jpg,https://m.media-amazon.com/images/I/41LajE4eWCL._AC_UL320_.jpg,,,,,,,,,,,https://www.amazon.eg/dp/B0BMB17N1W,2026-06-04T06:02:36.841878
amazon,B072316FKZ,"Vimlits Battery Operated LED Letters Light Sign, Alphabet Plastic Marquee Lamps, Lighting up Words, Birthday Wedding Party Bar Bedroom Wall Decor-K",,Lighting,EGP 90.00,,,4.2,,,,,,,https://m.media-amazon.com/images/I/71iWH3+70UL._AC_UL320_.jpg,https://m.media-amazon.com/images/I/71iWH3+70UL._AC_UL320_.jpg,,,,,,,,,,,https://www.amazon.eg/dp/B072316FKZ,2026-06-04T06:02:36.842839
amazon,B0BQVC9NYW,Modern Roof Chandelier Imported Black Studio Pendant Light 1 Lamp,,Lighting,"EGP 1,400.00",,,,,,,,,,https://m.media-amazon.com/images/I/51GAce6yz4L._AC_UL320_.jpg,https://m.media-amazon.com/images/I/51GAce6yz4L._AC_UL320_.jpg,,,,,,,,,,,https://www.amazon.eg/dp/B0BQVC9NYW,2026-06-04T06:02:41.585216
amazon,B0FJYT8BY7,Lamp (Gold Foil Lamp with Three Lighting Modes),,Lighting,EGP 410.00,,,,,,,,,,https://m.media-amazon.com/images/I/61Vr01La2KL._AC_UL320_.jpg,https://m.media-amazon.com/images/I/61Vr01La2KL._AC_UL320_.jpg,,,,,,,,,,,https://www.amazon.eg/dp/B0FJYT8BY7,2026-06-04T06:02:41.587360
amazon,B0CHZ3DVVW,El Rawda RL-BC-011 Modern Wall Lamp for Living Room or Bedroom - Black,,Lighting,EGP 392.54,,,3.8,,,,,,,https://m.media-amazon.com/images/I/61M2Zm2omeL._AC_UL320_.jpg,https://m.media-amazon.com/images/I/61M2Zm2omeL._AC_UL320_.jpg,,,,,,,,,,,https://www.amazon.eg/dp/B0CHZ3DVVW,2026-06-04T06:02:41.589186
amazon,B0FK3SRJVC,Night Light Table and Desk LED Ambient Lamp 2-Level Brightness Portable Bedside Lighting for Home Office Camping Sleep Modern Design (White),,Lighting,EGP 571.00,,,5.0,,,,,,,https://m.media-amazon.com/images/I/31HRMwDn2KL._AC_UL320_.jpg,https://m.media-amazon.com/images/I/31HRMwDn2KL._AC_UL320_.jpg,,,,,,,,,,,https://www.amazon.eg/dp/B0FK3SRJVC,2026-06-04T06:02:41.590924
amazon,B092N15Y8X,V2COM Modern Table Lamp Cordless Lighting 3W Dimmable Touch Switch LED Rechargeable Wireless Aluminium Desk Lamp for Restaurant Reading Bar Coffee Shop (Gold),,Lighting,,,,3.2,,,,,,,https://m.media-amazon.com/images/I/41t-r0vEWzL._AC_UL320_.jpg,https://m.media-amazon.com/images/I/41t-r0vEWzL._AC_UL320_.jpg,,,,,,,,,,,https://www.amazon.eg/dp/B092N15Y8X,2026-06-04T06:02:41.591416
amazon,B0FRQGDSG7,"Lamps Modern LED Chandelier - Gold and White 5-Light Pendant Lighting Fixture for Living Room, Dining Room, Entryway",,Lighting,"EGP 5,210.03",,,,,,,,,,https://m.media-amazon.com/images/I/614ebxrmVPL._AC_UL320_.jpg,https://m.media-amazon.com/images/I/614ebxrmVPL._AC_UL320_.jpg,,,,,,,,,,,https://www.amazon.eg/dp/B0FRQGDSG7,2026-06-04T06:02:41.591905
amazon,B0CKTT7C9K,2 Lamps Metal Double Wall Lighting Unit (Silver),,Lighting,EGP 300.00,,,5.0,,,,,,,https://m.media-amazon.com/images/I/21CwPAo1TEL._AC_UL320_.jpg,https://m.media-amazon.com/images/I/21CwPAo1TEL._AC_UL320_.jpg,,,,,,,,,,,https://www.amazon.eg/dp/B0CKTT7C9K,2026-06-04T06:02:41.592484
amazon,B0GRJX8Z6L,Oops Adjustable Spotlights – Modern Design for Focused & Ambient Lighting - 1 Bulb - Black and Silver,,Lighting,EGP 450.00,,,,,,,,,,https://m.media-amazon.com/images/I/61JC4SdfEIL._AC_UL320_.jpg,https://m.media-amazon.com/images/I/61JC4SdfEIL._AC_UL320_.jpg,,,,,,,,,,,https://www.amazon.eg/dp/B0GRJX8Z6L,2026-06-04T06:02:41.593008
amazon,B092NMD75W,V2COM Modern Table Lamp Cordless Wireless Lighting 2.4W Dimmable Touch Switch LED Rechargeable Cordless Aluminium Desk Lamp for Restaurant Reading Bar Coffee Shop (Silver),,Lighting,,,,4.1,,,,,,,https://m.media-amazon.com/images/I/415ZIDRQsQL._AC_UL320_.jpg,https://m.media-amazon.com/images/I/415ZIDRQsQL._AC_UL320_.jpg,,,,,,,,,,,https://www.amazon.eg/dp/B092NMD75W,2026-06-04T06:02:41.593495
amazon,B0BHTR3XZV,shahinlight Shaheen Light Saqara Wooden Decorative Lamp - E27 - Excellent for All Indoor Lighting Uses (3 Pack),,Lighting,EGP 109.00,,,3.9,,,,,,,https://m.media-amazon.com/images/I/61mjwxFiQsL._AC_UL320_.jpg,https://m.media-amazon.com/images/I/61mjwxFiQsL._AC_UL320_.jpg,,,,,,,,,,,https://www.amazon.eg/dp/B0BHTR3XZV,2026-06-04T06:02:41.594039
amazon,B0FNX27FPB,Mushkah Lighting Hanging Lamps Black Finish__,,Lighting,EGP 146.00,,,,,,,,,,https://m.media-amazon.com/images/I/31PbmrMI4iL._AC_UL320_.jpg,https://m.media-amazon.com/images/I/31PbmrMI4iL._AC_UL320_.jpg,,,,,,,,,,,https://www.amazon.eg/dp/B0FNX27FPB,2026-06-04T06:02:41.596933
amazon,B0F6KNVGB4,El Rawda - Metal Floor Lamp,,Lighting,"EGP 1,125.00",,,5.0,,,,,,,https://m.media-amazon.com/images/I/6176pJR3jBL._AC_UL320_.jpg,https://m.media-amazon.com/images/I/6176pJR3jBL._AC_UL320_.jpg,,,,,,,,,,,https://www.amazon.eg/dp/B0F6KNVGB4,2026-06-04T06:02:41.597453
amazon,B0GP7B5L76,"Desk Lamp, Table Lamp, Led Lights, Led Lamp Golden Acrylic Crystal Table Lamp with 3 Lighting Modes and Touch Dimming (Desk Lamp, EL-79)",,Lighting,EGP 300.00,,,4.2,,,,,,,https://m.media-amazon.com/images/I/51oQmS+GK2L._AC_UL320_.jpg,https://m.media-amazon.com/images/I/51oQmS+GK2L._AC_UL320_.jpg,,,,,,,,,,,https://www.amazon.eg/dp/B0GP7B5L76,2026-06-04T06:02:41.599918
amazon,B0DMNRSH8C,"ROUNY Solar Ground Lights, 8 LED Garden Lights Solar Powered,Disk Lights Waterproof In-Ground Outdoor Landscape Lighting for Patio Pathway Lawn Yard Deck Driveway Walkway,Warm White 8 Packs",,Garden,EGP 899.00,,,3.1,,,,,,,https://m.media-amazon.com/images/I/713AVmTGcDL._AC_UL320_.jpg,https://m.media-amazon.com/images/I/713AVmTGcDL._AC_UL320_.jpg,,,,,,,,,,,https://www.amazon.eg/dp/B0DMNRSH8C,2026-06-04T06:02:24.064650
amazon,B0C9J89L35,"Solar Outdoor Lights, 172LED 3Modes Split Motion Sensor Outdoor Lights with Remote Control, IP65 Waterproof Outdoor Solar Lights, Solar Flood Lights Outdoor for Yard, Patio, Garden, Garage (2 Pack)",,Garden,"EGP 3,500.00",,,4.3,,,,,,,https://m.media-amazon.com/images/I/71Fl7J0tmmL._AC_UL320_.jpg,https://m.media-amazon.com/images/I/71Fl7J0tmmL._AC_UL320_.jpg,,,,,,,,,,,https://www.amazon.eg/dp/B0C9J89L35,2026-06-04T06:02:24.065281
amazon,B0BB6XW58W,"Firefly Solar Pathway Lights, Pack of 2 Outdoor Lighting Firefly Light LED, IP65 Waterproof Garden Art Fairy Lighting for Walkway, Yard, Patio, Walkway Decor, 8 LED",,Garden,EGP 490.00,,,4.1,,,,,,,https://m.media-amazon.com/images/I/71g4LAdDzdL._AC_UL320_.jpg,https://m.media-amazon.com/images/I/71g4LAdDzdL._AC_UL320_.jpg,,,,,,,,,,,https://www.amazon.eg/dp/B0BB6XW58W,2026-06-04T06:02:24.065884
amazon,B0CPM6SF9L,SWEET FURNITURE Rattan Swing Iron Chassis Single Garden Leeving Roof Balcony,,Garden,"EGP 3,999.00",,,4.2,,,,,,,https://m.media-amazon.com/images/I/61aG6y0vSGL._AC_UL320_.jpg,https://m.media-amazon.com/images/I/61aG6y0vSGL._AC_UL320_.jpg,,,,,,,,,,,https://www.amazon.eg/dp/B0CPM6SF9L,2026-06-04T06:02:24.066452
amazon,B09YR95ZR2,Geemoo 12 Pack Solar Flickering Dancing Flame Lights Waterproof Solar Torch Lights for Outdoor Garden Patio Pathway Yard Driveway Decorative,,Garden,"EGP 1,529.11","EGP 1,699.00",,4.4,Was:,,,,,,https://m.media-amazon.com/images/I/812jk0ZKeLL._AC_UL320_.jpg,https://m.media-amazon.com/images/I/812jk0ZKeLL._AC_UL320_.jpg,,,,,,,,,,,https://www.amazon.eg/dp/B09YR95ZR2,2026-06-04T06:02:24.067102
amazon,B09V153TYL,"Ivy Leaf Screening Roll, Privacy Fence Screen, Artificial ivy Hedge Fence, Artificial Ivy Vine Leaf Decoration for Outdoor Decor, Garden screen (3m x 0.5m)",,Garden,EGP 244.00,,,4.2,,,,,,,https://m.media-amazon.com/images/I/81u7aKaWCaL._AC_UL320_.jpg,https://m.media-amazon.com/images/I/81u7aKaWCaL._AC_UL320_.jpg,,,,,,,,,,,https://www.amazon.eg/dp/B09V153TYL,2026-06-04T06:02:24.067760
amazon,B0DVJ3RYX8,"Outdoor Patio Furniture Set, 4 Chairs, 1 Table, plastic, Black",,Garden,"EGP 2,050.00",,,5.0,,,,,,,https://m.media-amazon.com/images/I/31Ko+VE+QbL._AC_UL320_.jpg,https://m.media-amazon.com/images/I/31Ko+VE+QbL._AC_UL320_.jpg,,,,,,,,,,,https://www.amazon.eg/dp/B0DVJ3RYX8,2026-06-04T06:02:24.068305
amazon,B0BPBPR8J4,"Tangkula 3 Pieces Patio Furniture Set, Outdoor PE Rattan Conversation Chair Set with Tempered Glass Side Table and Removable Cushions, PE Wicker Chairs and Table Set for Porch, Balcony and Garden",,Garden,"EGP 4,199.00",,,4.4,,,,,,,https://m.media-amazon.com/images/I/719oZ8CfYhL._AC_UL320_.jpg,https://m.media-amazon.com/images/I/719oZ8CfYhL._AC_UL320_.jpg,,,,,,,,,,,https://www.amazon.eg/dp/B0BPBPR8J4,2026-06-04T06:02:24.068838
amazon,B07TYLL6RP,"DearHouse 118x39.4in Artificial Ivy Privacy Fence Wall Screen, Artificial Hedges Fence and Faux Ivy Vine Leaf Decoration for Outdoor Garden Decor",,Garden,EGP 439.00,,,4.2,,,,,,,https://m.media-amazon.com/images/I/812cG8JRL9L._AC_UL320_.jpg,https://m.media-amazon.com/images/I/812cG8JRL9L._AC_UL320_.jpg,,,,,,,,,,,https://www.amazon.eg/dp/B07TYLL6RP,2026-06-04T06:02:24.069393
amazon,B0GG6YRWQZ,Outdoor Furniture Set 5 Pieces (4 Chairs + Table) – Garden Furniture Set for Balcony and Terrace by Natural Palm Garden & Terrace – Waterproof & Sun Resistant – Garden & Chalet – Handmade,,Garden,"EGP 3,749.00",,,5.0,,,,,,,https://m.media-amazon.com/images/I/61u2haZqCfL._AC_UL320_.jpg,https://m.media-amazon.com/images/I/61u2haZqCfL._AC_UL320_.jpg,,,,,,,,,,,https://www.amazon.eg/dp/B0GG6YRWQZ,2026-06-04T06:02:24.069896
amazon,B0G34JB7GS,"LED Solar Garden Light, Waterproof Outdoor Lighting, Classic Pole Design, Black, with Built-in Solar Panel for Pathway Patio",,Garden,EGP 850.00,,,5.0,,,,,,,https://m.media-amazon.com/images/I/51ecFi9EECL._AC_UL320_.jpg,https://m.media-amazon.com/images/I/51ecFi9EECL._AC_UL320_.jpg,,,,,,,,,,,https://www.amazon.eg/dp/B0G34JB7GS,2026-06-04T06:02:24.070466
amazon,B0CVY21V66,Syria LED Solar Panel Outdoor String Lights 8 Modes 3V (Patio-Garden-Gate-Yard-Wedding-Christmas) (20m),,Garden,EGP 395.00,,,3.0,,,,,,,https://m.media-amazon.com/images/I/61L4BonRrgL._AC_UL320_.jpg,https://m.media-amazon.com/images/I/61L4BonRrgL._AC_UL320_.jpg,,,,,,,,,,,https://www.amazon.eg/dp/B0CVY21V66,2026-06-04T06:02:24.070990
amazon,B09N78QVT7,"T4U Large Vertical Garden Tower Planter 5 Tier - Plastic Stackable Strawberry Planter Tiered Herb Pot, Stacking Grow Tower Gardening Pot for Indoor Outdoor Balcony Lettuce, Vegetables and Flower Plant",,Garden,EGP 699.00,,,4.0,,,,,,,https://m.media-amazon.com/images/I/71ADawE9mOL._AC_UL320_.jpg,https://m.media-amazon.com/images/I/71ADawE9mOL._AC_UL320_.jpg,,,,,,,,,,,https://www.amazon.eg/dp/B09N78QVT7,2026-06-04T06:02:24.071580
amazon,B07Q4DFPT2,"Pots4Nature 5 Tier Stacking Vertical Flowers Garden Vegetables Strawberries Herbs Plastic Planter Pots For Indoor/Outdoor, Terrace, Balcony, Patios And Backyards Gardening Tower - White - 37 Cm",,Garden,EGP 698.00,,,4.2,,,,,,,https://m.media-amazon.com/images/I/71vQY2y+r5L._AC_UL320_.jpg,https://m.media-amazon.com/images/I/71vQY2y+r5L._AC_UL320_.jpg,,,,,,,,,,,https://www.amazon.eg/dp/B07Q4DFPT2,2026-06-04T06:02:24.072143
amazon,B0BXY2KTNK,"Solar Outdoor Floor Lights, IP65 Waterproof Solar Garden Lights LED Solar Lights Landscape Lighting Garden Yard Path 8 LED (White) (8)",,Garden,EGP 330.00,EGP 490.00,,1.4,List:,,,,,,https://m.media-amazon.com/images/I/61UUK0dD46L._AC_UL320_.jpg,https://m.media-amazon.com/images/I/61UUK0dD46L._AC_UL320_.jpg,,,,,,,,,,,https://www.amazon.eg/dp/B0BXY2KTNK,2026-06-04T06:02:24.072779
amazon,B08M6JXHX7,CUQOO Solar Garden Stake Lights - 10pcs LED Lights - Waterproof Rechargeable Stainless Steel Garden Lights for Pathway Lighting - Outdoor Solar Lights for Garden (White),,Garden,EGP 900.00,,,4.0,,,,,,,https://m.media-amazon.com/images/I/814weo2JR6L._AC_UL320_.jpg,https://m.media-amazon.com/images/I/814weo2JR6L._AC_UL320_.jpg,,,,,,,,,,,https://www.amazon.eg/dp/B08M6JXHX7,2026-06-04T06:02:24.073318
amazon,B0FS221L7M,"APT Wall Mounted Garden Hose Reel, Retractable Auto Rewind Pipe, 15m, 180 Swivel, Compact Blue Design, Durable PVC Hose, Outdoor Patio Watering Equipment, Lawn Plants Cleaning, Easy Storage",,Garden,"EGP 2,481.00",,,2.8,Another way to buy,,,,,,https://m.media-amazon.com/images/I/41HkGBtbr0L._AC_UL320_.jpg,https://m.media-amazon.com/images/I/41HkGBtbr0L._AC_UL320_.jpg,,,,,,,,,,,https://www.amazon.eg/dp/B0FS221L7M,2026-06-04T06:02:24.073930
amazon,B09MVX8HLY,"Geemoo 6 Pack Solar Flickering Dancing Flame Lights Waterproof Solar Torch Lights for Outdoor Garden Patio Pathway Yard Driveway Decorative, Warm White",,Garden,EGP 885.00,,,4.4,,,,,,,https://m.media-amazon.com/images/I/81yn6cR6AgL._AC_UL320_.jpg,https://m.media-amazon.com/images/I/81yn6cR6AgL._AC_UL320_.jpg,,,,,,,,,,,https://www.amazon.eg/dp/B09MVX8HLY,2026-06-04T06:02:24.074471
amazon,B0GC78CQFG,"Watering Pot 4L Long Nozzle for Precision Watering – Plant Watering Can for Garden, Balcony, Home Farming – Handy Watering Gallon for Flowers, Herbs, Seedlings, Indoor & Outdoor Plants (Yellow)",,Garden,EGP 207.00,,,3.6,,,,,,,https://m.media-amazon.com/images/I/41ym0G3IU7L._AC_UL320_.jpg,https://m.media-amazon.com/images/I/41ym0G3IU7L._AC_UL320_.jpg,,,,,,,,,,,https://www.amazon.eg/dp/B0GC78CQFG,2026-06-04T06:02:24.074985
amazon,B0FQCSMDPP,"Hydroponic Tower Growing System – Vertical Indoor & Outdoor Garden Kit for Fruits, Herbs, and Vegetables – Easy Self-Watering Smart Planter",,Garden,"EGP 3,990.00",,,5.0,,,,,,,https://m.media-amazon.com/images/I/41KJ5dpO-BL._AC_UL320_.jpg,https://m.media-amazon.com/images/I/41KJ5dpO-BL._AC_UL320_.jpg,,,,,,,,,,,https://www.amazon.eg/dp/B0FQCSMDPP,2026-06-04T06:02:24.075590
amazon,B07YC8PVF1,"SOLPEX Solar Deck Lights Outdoor 16 Pack, Solar Step Lights Waterproof Led Solar Lights for Outdoor Stairs, Step, Fence, Yard, Patio, and Pathway",,Garden,"EGP 2,669.00",,,4.2,,,,,,,https://m.media-amazon.com/images/I/713D2SSYyVL._AC_UL320_.jpg,https://m.media-amazon.com/images/I/713D2SSYyVL._AC_UL320_.jpg,,,,,,,,,,,https://www.amazon.eg/dp/B07YC8PVF1,2026-06-04T06:02:24.076124
amazon,B0CT94JFC2,"ZOPPER 5 Litre Garden Pressure Spray Bottle – Pump Action Water Sprayer For Outdoor Plants, Cleaning, Garden, Fertilisers, Pesticides & Weed Killers",,Garden,EGP 650.00,,,4.3,,,,,,,https://m.media-amazon.com/images/I/61VtuytAlRL._AC_UL320_.jpg,https://m.media-amazon.com/images/I/61VtuytAlRL._AC_UL320_.jpg,,,,,,,,,,,https://www.amazon.eg/dp/B0CT94JFC2,2026-06-04T06:02:24.076712
amazon,B0B31JTLKV,1 x 3 m Artificial Leaf Garden Protection Fence Artificial Hedge Plant Wall Balcony Fence Decoration Indoor Outdoor Ivy,,Garden,EGP 415.48,,,3.8,,,,,,,https://m.media-amazon.com/images/I/81skVWI-8gL._AC_UL320_.jpg,https://m.media-amazon.com/images/I/81skVWI-8gL._AC_UL320_.jpg,,,,,,,,,,,https://www.amazon.eg/dp/B0B31JTLKV,2026-06-04T06:02:24.077272
amazon,B07GVD9MYH,"Solar Lights Outdoor, 270º Four-Angle Lighting-2 Pack 100 LED Solar Security Light with Motion Sensor Solar Waterproof Wall Light Solar Powered Light with 3 Modes for Garden,Outside, Black",,Garden,EGP 380.00,,,4.1,,,,,,,https://m.media-amazon.com/images/I/71vp9G02APL._AC_UL320_.jpg,https://m.media-amazon.com/images/I/71vp9G02APL._AC_UL320_.jpg,,,,,,,,,,,https://www.amazon.eg/dp/B07GVD9MYH,2026-06-04T06:02:24.077846
amazon,B0BJL54VBL,adidas,adidas,Men's Shoes,"EGP 1,931.00","EGP 4,129.00",,4.5,List:,,,,,,https://m.media-amazon.com/images/I/414qSj+6m4L._AC_UL320_.jpg,https://m.media-amazon.com/images/I/414qSj+6m4L._AC_UL320_.jpg,,,,,,,,,,,https://www.amazon.eg/dp/B0BJL54VBL,2026-06-04T06:02:23.402766
amazon,B0CDQDHM6T,adidas,adidas,Men's Shoes,"EGP 2,053.00","EGP 4,169.00",,4.4,List:,,,,,,https://m.media-amazon.com/images/I/61mdoLkP5+L._AC_UL320_.jpg,https://m.media-amazon.com/images/I/61mdoLkP5+L._AC_UL320_.jpg,,,,,,,,,,,https://www.amazon.eg/dp/B0CDQDHM6T,2026-06-04T06:02:23.403584
amazon,B0BYJVKMY5,Mintra,Mintra,Men's Shoes,EGP 690.00,,,4.2,,,,,,,https://m.media-amazon.com/images/I/71ADOCn41hL._AC_UL320_.jpg,https://m.media-amazon.com/images/I/71ADOCn41hL._AC_UL320_.jpg,,,,,,,,,,,https://www.amazon.eg/dp/B0BYJVKMY5,2026-06-04T06:02:23.404389
amazon,B0BYJWTB5C,Mintra,Mintra,Men's Shoes,EGP 690.00,,,4.1,,,,,,,https://m.media-amazon.com/images/I/81RKWVgY4UL._AC_UL320_.jpg,https://m.media-amazon.com/images/I/81RKWVgY4UL._AC_UL320_.jpg,,,,,,,,,,,https://www.amazon.eg/dp/B0BYJWTB5C,2026-06-04T06:02:23.405051
amazon,B0CDQBP577,adidas,adidas,Men's Shoes,"EGP 2,011.00","EGP 3,579.00",,4.2,List:,,,,,,https://m.media-amazon.com/images/I/618ADXCe8pL._AC_UL320_.jpg,https://m.media-amazon.com/images/I/618ADXCe8pL._AC_UL320_.jpg,,,,,,,,,,,https://www.amazon.eg/dp/B0CDQBP577,2026-06-04T06:02:23.405749
amazon,B0CKS1L5KY,adidas,adidas,Men's Shoes,"EGP 2,223.00","EGP 3,739.00",,4.3,List:,,,,,,https://m.media-amazon.com/images/I/61toPgiSJWL._AC_UL320_.jpg,https://m.media-amazon.com/images/I/61toPgiSJWL._AC_UL320_.jpg,,,,,,,,,,,https://www.amazon.eg/dp/B0CKS1L5KY,2026-06-04T06:02:23.406499
amazon,B0FHKNRC6S,Activ,Activ,Men's Shoes,"EGP 1,024.00","EGP 1,199.00",,4.4,List:,,,,,,https://m.media-amazon.com/images/I/419MRDI9QwL._AC_UL320_.jpg,https://m.media-amazon.com/images/I/419MRDI9QwL._AC_UL320_.jpg,,,,,,,,,,,https://www.amazon.eg/dp/B0FHKNRC6S,2026-06-04T06:02:23.407191
amazon,B0GYZSMCJG,LC WAIKIKI,LC WAIKIKI,Men's Shoes,EGP 659.00,,,,,,,,,,https://m.media-amazon.com/images/I/61t7dJdgCUL._AC_UL320_.jpg,https://m.media-amazon.com/images/I/61t7dJdgCUL._AC_UL320_.jpg,,,,,,,,,,,https://www.amazon.eg/dp/B0GYZSMCJG,2026-06-04T06:02:23.407650
amazon,B0F2GKYCLS,adidas,adidas,Men's Shoes,"EGP 1,829.06",,,5.0,,,,,,,https://m.media-amazon.com/images/I/71FcRpxgC7L._AC_UL320_.jpg,https://m.media-amazon.com/images/I/71FcRpxgC7L._AC_UL320_.jpg,,,,,,,,,,,https://www.amazon.eg/dp/B0F2GKYCLS,2026-06-04T06:02:23.408205
amazon,B0FHHZTHSG,adidas,adidas,Men's Shoes,"EGP 1,917.00","EGP 2,749.00",,3.9,List:,,,,,,https://m.media-amazon.com/images/I/61JCan8eLfL._AC_UL320_.jpg,https://m.media-amazon.com/images/I/61JCan8eLfL._AC_UL320_.jpg,,,,,,,,,,,https://www.amazon.eg/dp/B0FHHZTHSG,2026-06-04T06:02:23.408937
amazon,B0DHZS7J12,adidas,adidas,Men's Shoes,"EGP 3,198.00","EGP 4,214.00",,4.4,List:,,,,,,https://m.media-amazon.com/images/I/614l27rFBGL._AC_UL320_.jpg,https://m.media-amazon.com/images/I/614l27rFBGL._AC_UL320_.jpg,,,,,,,,,,,https://www.amazon.eg/dp/B0DHZS7J12,2026-06-04T06:02:23.409596
amazon,B0GSGP64FP,Men's Casual Sneakers - Special Sizes (Big Size 46 & 47 & 48) - Premium Quality Materials Fully Imported - Very Comfortable - Lightweight - With Professional Design For Superior Foot Breathability,,Men's Shoes,EGP 699.00,EGP 800.00,,3.7,List:,,,,,,https://m.media-amazon.com/images/I/61CA9I3xihL._AC_UL320_.jpg,https://m.media-amazon.com/images/I/61CA9I3xihL._AC_UL320_.jpg,,,,,,,,,,,https://www.amazon.eg/dp/B0GSGP64FP,2026-06-04T06:02:23.410448
amazon,B0CKXSVFQR,adidas,adidas,Men's Shoes,"EGP 2,518.75","EGP 3,739.00",,4.3,List:,,,,,,https://m.media-amazon.com/images/I/71niZnxVrYL._AC_UL320_.jpg,https://m.media-amazon.com/images/I/71niZnxVrYL._AC_UL320_.jpg,,,,,,,,,,,https://www.amazon.eg/dp/B0CKXSVFQR,2026-06-04T06:02:23.411187
amazon,B0DHXD8SWN,adidas,adidas,Men's Shoes,"EGP 1,921.00","EGP 3,612.00",,4.0,List:,,,,,,https://m.media-amazon.com/images/I/61PyLFhKpQL._AC_UL320_.jpg,https://m.media-amazon.com/images/I/61PyLFhKpQL._AC_UL320_.jpg,,,,,,,,,,,https://www.amazon.eg/dp/B0DHXD8SWN,2026-06-04T06:02:23.411942
amazon,B0CJTZMNP5,adidas,adidas,Men's Shoes,"EGP 2,788.00","EGP 3,959.00",,3.8,List:,,,,,,https://m.media-amazon.com/images/I/614yHp-DW5L._AC_UL320_.jpg,https://m.media-amazon.com/images/I/614yHp-DW5L._AC_UL320_.jpg,,,,,,,,,,,https://www.amazon.eg/dp/B0CJTZMNP5,2026-06-04T06:02:23.412646
amazon,B0DHXGFNX5,adidas,adidas,Men's Shoes,"EGP 2,474.10","EGP 2,749.00",,3.8,List:,,,,,,https://m.media-amazon.com/images/I/61k6pM8xe4L._AC_UL320_.jpg,https://m.media-amazon.com/images/I/61k6pM8xe4L._AC_UL320_.jpg,,,,,,,,,,,https://www.amazon.eg/dp/B0DHXGFNX5,2026-06-04T06:02:23.413378
amazon,B0BYJX8LTT,Mintra,Mintra,Men's Shoes,EGP 592.90,EGP 690.00,,4.1,List:,,,,,,https://m.media-amazon.com/images/I/8184Uprpi1L._AC_UL320_.jpg,https://m.media-amazon.com/images/I/8184Uprpi1L._AC_UL320_.jpg,,,,,,,,,,,https://www.amazon.eg/dp/B0BYJX8LTT,2026-06-04T06:02:23.414107
amazon,B0BN6JQR3K,adidas,adidas,Men's Shoes,"EGP 3,359.00","EGP 4,129.00",,4.5,List:,,,,,,https://m.media-amazon.com/images/I/414qSj+6m4L._AC_UL320_.jpg,https://m.media-amazon.com/images/I/414qSj+6m4L._AC_UL320_.jpg,,,,,,,,,,,https://www.amazon.eg/dp/B0BN6JQR3K,2026-06-04T06:02:23.414806
amazon,B0BYJWKMXM,Mintra,Mintra,Men's Shoes,EGP 690.00,,,4.1,,,,,,,https://m.media-amazon.com/images/I/810BFy4JAYL._AC_UL320_.jpg,https://m.media-amazon.com/images/I/810BFy4JAYL._AC_UL320_.jpg,,,,,,,,,,,https://www.amazon.eg/dp/B0BYJWKMXM,2026-06-04T06:02:23.415446
amazon,B0CQLJRKVJ,adidas,adidas,Men's Shoes,"EGP 2,666.00",,,4.6,,,,,,,https://m.media-amazon.com/images/I/61+6eGGy22L._AC_UL320_.jpg,https://m.media-amazon.com/images/I/61+6eGGy22L._AC_UL320_.jpg,,,,,,,,,,,https://www.amazon.eg/dp/B0CQLJRKVJ,2026-06-04T06:02:23.416005
amazon,B0BYJYW1L5,Mintra,Mintra,Men's Shoes,EGP 690.00,,,4.2,,,,,,,https://m.media-amazon.com/images/I/71eQ62cDAhL._AC_UL320_.jpg,https://m.media-amazon.com/images/I/71eQ62cDAhL._AC_UL320_.jpg,,,,,,,,,,,https://www.amazon.eg/dp/B0BYJYW1L5,2026-06-04T06:02:23.416654
amazon,B0CYH7W6LG,Activ,Activ,Men's Shoes,EGP 999.00,"EGP 1,199.00",,3.9,List:,,,,,,https://m.media-amazon.com/images/I/51B49qgxoaL._AC_UL320_.jpg,https://m.media-amazon.com/images/I/51B49qgxoaL._AC_UL320_.jpg,,,,,,,,,,,https://www.amazon.eg/dp/B0CYH7W6LG,2026-06-04T06:02:23.417473
amazon,B0C3JGC1P1,adidas,adidas,Men's Shoes,"EGP 3,249.00","EGP 3,889.00",,4.2,List:,,,,,,https://m.media-amazon.com/images/I/41ZGTlmzs8L._AC_UL320_.jpg,https://m.media-amazon.com/images/I/41ZGTlmzs8L._AC_UL320_.jpg,,,,,,,,,,,https://www.amazon.eg/dp/B0C3JGC1P1,2026-06-04T06:02:23.418200
amazon,B0DL7GPYLD,adidas,adidas,Men's Shoes,"EGP 2,530.00","EGP 4,049.00",,4.4,List:,,,,,,https://m.media-amazon.com/images/I/618zOtQ46WL._AC_UL320_.jpg,https://m.media-amazon.com/images/I/618zOtQ46WL._AC_UL320_.jpg,,,,,,,,,,,https://www.amazon.eg/dp/B0DL7GPYLD,2026-06-04T06:02:23.418832
amazon,B0GYZQ2BZ9,LC WAIKIKI,LC WAIKIKI,Men's Shoes,EGP 659.00,,,4.0,,,,,,,https://m.media-amazon.com/images/I/61ojReKFqxL._AC_UL320_.jpg,https://m.media-amazon.com/images/I/61ojReKFqxL._AC_UL320_.jpg,,,,,,,,,,,https://www.amazon.eg/dp/B0GYZQ2BZ9,2026-06-04T06:02:23.419372
amazon,B0CKXRLW6K,adidas,adidas,Men's Shoes,"EGP 2,456.00","EGP 4,166.00",,4.0,List:,,,,,,https://m.media-amazon.com/images/I/61O8XYd9plL._AC_UL320_.jpg,https://m.media-amazon.com/images/I/61O8XYd9plL._AC_UL320_.jpg,,,,,,,,,,,https://www.amazon.eg/dp/B0CKXRLW6K,2026-06-04T06:02:23.420094
amazon,B0DHXHCDQH,adidas,adidas,Men's Shoes,"EGP 2,262.42","EGP 2,749.00",,3.9,List:,,,,,,https://m.media-amazon.com/images/I/61V+XNDOi6L._AC_UL320_.jpg,https://m.media-amazon.com/images/I/61V+XNDOi6L._AC_UL320_.jpg,,,,,,,,,,,https://www.amazon.eg/dp/B0DHXHCDQH,2026-06-04T06:02:23.420784
amazon,B0CJTZY9GK,adidas,adidas,Men's Shoes,"EGP 2,883.00",,,4.1,,,,,,,https://m.media-amazon.com/images/I/619DqbjMYAL._AC_UL320_.jpg,https://m.media-amazon.com/images/I/619DqbjMYAL._AC_UL320_.jpg,,,,,,,,,,,https://www.amazon.eg/dp/B0CJTZY9GK,2026-06-04T06:02:23.421376
amazon,B0BYJXZFVS,Mintra,Mintra,Men's Shoes,EGP 690.00,,,4.2,,,,,,,https://m.media-amazon.com/images/I/71N5Dkjb+JL._AC_UL320_.jpg,https://m.media-amazon.com/images/I/71N5Dkjb+JL._AC_UL320_.jpg,,,,,,,,,,,https://www.amazon.eg/dp/B0BYJXZFVS,2026-06-04T06:02:23.422046
amazon,B0CKXRV98K,adidas,adidas,Men's Shoes,"EGP 2,441.00","EGP 3,539.00",,4.0,List:,,,,,,https://m.media-amazon.com/images/I/616NHUPyIxL._AC_UL320_.jpg,https://m.media-amazon.com/images/I/616NHUPyIxL._AC_UL320_.jpg,,,,,,,,,,,https://www.amazon.eg/dp/B0CKXRV98K,2026-06-04T06:02:23.422735
amazon,B0BPDVHSWT,adidas,adidas,Men's Shoes,"EGP 2,152.00","EGP 4,129.00",,4.5,List:,,,,,,https://m.media-amazon.com/images/I/414qSj+6m4L._AC_UL320_.jpg,https://m.media-amazon.com/images/I/414qSj+6m4L._AC_UL320_.jpg,,,,,,,,,,,https://www.amazon.eg/dp/B0BPDVHSWT,2026-06-04T06:02:23.423462
amazon,B0CYT931JL,adidas,adidas,Men's Shoes,"EGP 3,229.00","EGP 4,999.00",,4.2,List:,,,,,,https://m.media-amazon.com/images/I/61PhpVY5RtL._AC_UL320_.jpg,https://m.media-amazon.com/images/I/61PhpVY5RtL._AC_UL320_.jpg,,,,,,,,,,,https://www.amazon.eg/dp/B0CYT931JL,2026-06-04T06:02:23.424171
amazon,B0CKS2CBF3,adidas,adidas,Men's Shoes,"EGP 2,320.00","EGP 3,155.00",,4.3,Was:,,,,,,https://m.media-amazon.com/images/I/61Xr7hAvUgL._AC_UL320_.jpg,https://m.media-amazon.com/images/I/61Xr7hAvUgL._AC_UL320_.jpg,,,,,,,,,,,https://www.amazon.eg/dp/B0CKS2CBF3,2026-06-04T06:02:23.424891
amazon,B0DHVTBMQL,adidas,adidas,Men's Shoes,"EGP 2,992.00","EGP 5,259.00",,4.6,List:,,,,,,https://m.media-amazon.com/images/I/61CchoyQHtL._AC_UL320_.jpg,https://m.media-amazon.com/images/I/61CchoyQHtL._AC_UL320_.jpg,,,,,,,,,,,https://www.amazon.eg/dp/B0DHVTBMQL,2026-06-04T06:02:23.425579
amazon,B0CYT96LV8,adidas,adidas,Men's Shoes,"EGP 2,288.00","EGP 2,557.00",,4.4,Was:,,,,,,https://m.media-amazon.com/images/I/71e-vvBqcHL._AC_UL320_.jpg,https://m.media-amazon.com/images/I/71e-vvBqcHL._AC_UL320_.jpg,,,,,,,,,,,https://www.amazon.eg/dp/B0CYT96LV8,2026-06-04T06:02:23.426307
amazon,B0FKH86DDX,adidas,adidas,Men's Shoes,"EGP 1,696.00","EGP 2,749.00",,3.9,List:,,,,,,https://m.media-amazon.com/images/I/61oKkyyWkuL._AC_UL320_.jpg,https://m.media-amazon.com/images/I/61oKkyyWkuL._AC_UL320_.jpg,,,,,,,,,,,https://www.amazon.eg/dp/B0FKH86DDX,2026-06-04T06:02:23.427026
amazon,B0FKH89QK6,adidas,adidas,Men's Shoes,"EGP 2,116.00","EGP 3,399.00",,4.9,List:,,,,,,https://m.media-amazon.com/images/I/61f9y3JVbOL._AC_UL320_.jpg,https://m.media-amazon.com/images/I/61f9y3JVbOL._AC_UL320_.jpg,,,,,,,,,,,https://www.amazon.eg/dp/B0FKH89QK6,2026-06-04T06:02:23.427632
amazon,B0F25GHKB5,Now Shoes,Now Shoes,Men's Shoes,EGP 350.00,,,3.5,,,,,,,https://m.media-amazon.com/images/I/51TbtIdDT0L._AC_UL320_.jpg,https://m.media-amazon.com/images/I/51TbtIdDT0L._AC_UL320_.jpg,,,,,,,,,,,https://www.amazon.eg/dp/B0F25GHKB5,2026-06-04T06:02:23.428224
amazon,B0CKXQTNNQ,adidas,adidas,Men's Shoes,"EGP 2,053.00",,,4.2,,,,,,,https://m.media-amazon.com/images/I/71XV0XTSHXL._AC_UL320_.jpg,https://m.media-amazon.com/images/I/71XV0XTSHXL._AC_UL320_.jpg,,,,,,,,,,,https://www.amazon.eg/dp/B0CKXQTNNQ,2026-06-04T06:02:23.428807
amazon,B0CJTY4PCR,adidas,adidas,Men's Shoes,"EGP 2,309.00","EGP 3,889.00",,4.4,List:,,,,,,https://m.media-amazon.com/images/I/61lHgYwWRxL._AC_UL320_.jpg,https://m.media-amazon.com/images/I/61lHgYwWRxL._AC_UL320_.jpg,,,,,,,,,,,https://www.amazon.eg/dp/B0CJTY4PCR,2026-06-04T06:02:23.429421
amazon,B0BYJXYL3R,Mintra,Mintra,Men's Shoes,EGP 586.50,EGP 690.00,,4.0,List:,,,,,,https://m.media-amazon.com/images/I/81OIrKcmu6L._AC_UL320_.jpg,https://m.media-amazon.com/images/I/81OIrKcmu6L._AC_UL320_.jpg,,,,,,,,,,,https://www.amazon.eg/dp/B0BYJXYL3R,2026-06-04T06:02:23.430128
amazon,B0DHZSH7D3,adidas,adidas,Men's Shoes,"EGP 2,611.55","EGP 2,749.00",,4.4,Was:,,,,,,https://m.media-amazon.com/images/I/61qg4bwpiZL._AC_UL320_.jpg,https://m.media-amazon.com/images/I/61qg4bwpiZL._AC_UL320_.jpg,,,,,,,,,,,https://www.amazon.eg/dp/B0DHZSH7D3,2026-06-04T06:02:23.430822
amazon,B0CQHBPHQJ,New Balance,New Balance,Men's Shoes,"EGP 1,700.58",,,4.3,,,,,,,https://m.media-amazon.com/images/I/519oWwtd0RL._AC_UL320_.jpg,https://m.media-amazon.com/images/I/519oWwtd0RL._AC_UL320_.jpg,,,,,,,,,,,https://www.amazon.eg/dp/B0CQHBPHQJ,2026-06-04T06:02:23.431475
amazon,B0CZ1162Y8,adidas,adidas,Men's Shoes,"EGP 1,889.00","EGP 3,999.00",,4.1,List:,,,,,,https://m.media-amazon.com/images/I/71NnSuGbR4L._AC_UL320_.jpg,https://m.media-amazon.com/images/I/71NnSuGbR4L._AC_UL320_.jpg,,,,,,,,,,,https://www.amazon.eg/dp/B0CZ1162Y8,2026-06-04T06:02:23.432122
amazon,B0F339S64P,adidas,adidas,Men's Shoes,"EGP 2,404.00","EGP 2,749.00",,3.9,List:,,,,,,https://m.media-amazon.com/images/I/71DdFvjcJZL._AC_UL320_.jpg,https://m.media-amazon.com/images/I/71DdFvjcJZL._AC_UL320_.jpg,,,,,,,,,,,https://www.amazon.eg/dp/B0F339S64P,2026-06-04T06:02:23.432811
amazon,B0DW9J3XXZ,"Men's Casual Running Shoes - Grey - 20257ORASPR22 SHOES - Lightweight, Comfortable, Water Resistant - Master Design3",,Men's Shoes,EGP 399.00,,,3.1,,,,,,,https://m.media-amazon.com/images/I/71DureVWn5L._AC_UL320_.jpg,https://m.media-amazon.com/images/I/71DureVWn5L._AC_UL320_.jpg,,,,,,,,,,,https://www.amazon.eg/dp/B0DW9J3XXZ,2026-06-04T06:02:23.433416
amazon,B0FHHYXCV4,adidas,adidas,Men's Shoes,"EGP 3,639.00","EGP 6,069.00",,4.6,List:,,,,,,https://m.media-amazon.com/images/I/41yN8ybLEKL._AC_UL320_.jpg,https://m.media-amazon.com/images/I/41yN8ybLEKL._AC_UL320_.jpg,,,,,,,,,,,https://www.amazon.eg/dp/B0FHHYXCV4,2026-06-04T06:02:23.434152
amazon,B0D98PKW1S,Now Shoes,Now Shoes,Men's Shoes,EGP 299.00,,,4.0,,,,,,,https://m.media-amazon.com/images/I/41EQoQVBOCL._AC_UL320_.jpg,https://m.media-amazon.com/images/I/41EQoQVBOCL._AC_UL320_.jpg,,,,,,,,,,,https://www.amazon.eg/dp/B0D98PKW1S,2026-06-04T06:02:23.434729
amazon,B0DHX9PL9P,adidas,adidas,Women's Shoes,"EGP 1,869.00",,,4.2,,,,,,,https://m.media-amazon.com/images/I/61DUonSPWdL._AC_UL320_.jpg,https://m.media-amazon.com/images/I/61DUonSPWdL._AC_UL320_.jpg,,,,,,,,,,,https://www.amazon.eg/dp/B0DHX9PL9P,2026-06-04T06:02:12.860768
amazon,B0CYTBN47P,adidas,adidas,Women's Shoes,"EGP 2,866.00",,,4.4,,,,,,,https://m.media-amazon.com/images/I/712t1DExedL._AC_UL320_.jpg,https://m.media-amazon.com/images/I/712t1DExedL._AC_UL320_.jpg,,,,,,,,,,,https://www.amazon.eg/dp/B0CYTBN47P,2026-06-04T06:02:12.861394
amazon,B0DHX7THDC,adidas,adidas,Women's Shoes,"EGP 3,359.00",,,4.4,,,,,,,https://m.media-amazon.com/images/I/61750k66iFL._AC_UL320_.jpg,https://m.media-amazon.com/images/I/61750k66iFL._AC_UL320_.jpg,,,,,,,,,,,https://www.amazon.eg/dp/B0DHX7THDC,2026-06-04T06:02:12.862005
amazon,B0DHX9DZSH,adidas,adidas,Women's Shoes,"EGP 2,352.00",,,4.2,,,,,,,https://m.media-amazon.com/images/I/6160dx3mzUL._AC_UL320_.jpg,https://m.media-amazon.com/images/I/6160dx3mzUL._AC_UL320_.jpg,,,,,,,,,,,https://www.amazon.eg/dp/B0DHX9DZSH,2026-06-04T06:02:12.862607
amazon,B0BYJWDF76,Mintra,Mintra,Women's Shoes,EGP 690.00,,,4.1,,,,,,,https://m.media-amazon.com/images/I/71lUSZAuAgL._AC_UL320_.jpg,https://m.media-amazon.com/images/I/71lUSZAuAgL._AC_UL320_.jpg,,,,,,,,,,,https://www.amazon.eg/dp/B0BYJWDF76,2026-06-04T06:02:12.863192
amazon,B0C3JTS5RK,adidas,adidas,Women's Shoes,"EGP 2,372.00","EGP 3,069.00",,4.6,List:,,,,,,https://m.media-amazon.com/images/I/71JPqZZdCcL._AC_UL320_.jpg,https://m.media-amazon.com/images/I/71JPqZZdCcL._AC_UL320_.jpg,,,,,,,,,,,https://www.amazon.eg/dp/B0C3JTS5RK,2026-06-04T06:02:12.863790
amazon,B0C3JJ7HF2,adidas,adidas,Women's Shoes,"EGP 2,389.00","EGP 3,069.00",,4.6,List:,,,,,,https://m.media-amazon.com/images/I/71JPqZZdCcL._AC_UL320_.jpg,https://m.media-amazon.com/images/I/71JPqZZdCcL._AC_UL320_.jpg,,,,,,,,,,,https://www.amazon.eg/dp/B0C3JJ7HF2,2026-06-04T06:02:12.864360
amazon,B0CKS28F4B,adidas,adidas,Women's Shoes,"EGP 3,030.00","EGP 4,559.00",,4.5,List:,,,,,,https://m.media-amazon.com/images/I/71+ohPb2a+L._AC_UL320_.jpg,https://m.media-amazon.com/images/I/71+ohPb2a+L._AC_UL320_.jpg,,,,,,,,,,,https://www.amazon.eg/dp/B0CKS28F4B,2026-06-04T06:02:12.864972
amazon,B0CYQ44XYB,adidas,adidas,Women's Shoes,"EGP 2,316.00","EGP 4,999.00",,4.6,List:,,,,,,https://m.media-amazon.com/images/I/615X4ZnNwJL._AC_UL320_.jpg,https://m.media-amazon.com/images/I/615X4ZnNwJL._AC_UL320_.jpg,,,,,,,,,,,https://www.amazon.eg/dp/B0CYQ44XYB,2026-06-04T06:02:12.865608
amazon,B0C3JH25RP,adidas,adidas,Women's Shoes,"EGP 2,469.00","EGP 3,069.00",,4.6,List:,,,,,,https://m.media-amazon.com/images/I/71JPqZZdCcL._AC_UL320_.jpg,https://m.media-amazon.com/images/I/71JPqZZdCcL._AC_UL320_.jpg,,,,,,,,,,,https://www.amazon.eg/dp/B0C3JH25RP,2026-06-04T06:02:12.866203
amazon,B0DK519WS8,adidas,adidas,Women's Shoes,"EGP 2,666.53",,,4.6,,,,,,,https://m.media-amazon.com/images/I/617dJRL29IL._AC_UL320_.jpg,https://m.media-amazon.com/images/I/617dJRL29IL._AC_UL320_.jpg,,,,,,,,,,,https://www.amazon.eg/dp/B0DK519WS8,2026-06-04T06:02:12.866732
amazon,B0D31YZ6N3,adidas,adidas,Women's Shoes,"EGP 2,792.00",,,4.2,,,,,,,https://m.media-amazon.com/images/I/4109-l4SwvL._AC_UL320_.jpg,https://m.media-amazon.com/images/I/4109-l4SwvL._AC_UL320_.jpg,,,,,,,,,,,https://www.amazon.eg/dp/B0D31YZ6N3,2026-06-04T06:02:12.867156
amazon,B0CKXS7L18,adidas,adidas,Women's Shoes,"EGP 2,939.00","EGP 3,499.00",,4.4,List:,,,,,,https://m.media-amazon.com/images/I/61GIYQ0OtPL._AC_UL320_.jpg,https://m.media-amazon.com/images/I/61GIYQ0OtPL._AC_UL320_.jpg,,,,,,,,,,,https://www.amazon.eg/dp/B0CKXS7L18,2026-06-04T06:02:12.867762
amazon,B0BYJWVP76,Mintra,Mintra,Women's Shoes,EGP 586.50,EGP 690.00,,3.9,List:,,,,,,https://m.media-amazon.com/images/I/61m2qB6-RXL._AC_UL320_.jpg,https://m.media-amazon.com/images/I/61m2qB6-RXL._AC_UL320_.jpg,,,,,,,,,,,https://www.amazon.eg/dp/B0BYJWVP76,2026-06-04T06:02:12.868361
amazon,B0CKXY2HS7,adidas,adidas,Women's Shoes,"EGP 2,603.00","EGP 5,449.00",,4.3,List:,,,,,,https://m.media-amazon.com/images/I/61bQuN9RzyL._AC_UL320_.jpg,https://m.media-amazon.com/images/I/61bQuN9RzyL._AC_UL320_.jpg,,,,,,,,,,,https://www.amazon.eg/dp/B0CKXY2HS7,2026-06-04T06:02:12.868951
amazon,B0BYJWHSP8,Mintra,Mintra,Women's Shoes,EGP 586.50,EGP 690.00,,3.9,List:,,,,,,https://m.media-amazon.com/images/I/71KlZnrCCiL._AC_UL320_.jpg,https://m.media-amazon.com/images/I/71KlZnrCCiL._AC_UL320_.jpg,,,,,,,,,,,https://www.amazon.eg/dp/B0BYJWHSP8,2026-06-04T06:02:12.869551
amazon,B0DHX9GJRW,adidas,adidas,Women's Shoes,"EGP 2,599.00",,,4.4,,,,,,,https://m.media-amazon.com/images/I/71Qx2hlYdHL._AC_UL320_.jpg,https://m.media-amazon.com/images/I/71Qx2hlYdHL._AC_UL320_.jpg,,,,,,,,,,,https://www.amazon.eg/dp/B0DHX9GJRW,2026-06-04T06:02:12.870088
amazon,B0BYJWDTXP,Mintra,Mintra,Women's Shoes,EGP 586.50,EGP 690.00,,3.9,List:,,,,,,https://m.media-amazon.com/images/I/81YPIsleWaL._AC_UL320_.jpg,https://m.media-amazon.com/images/I/81YPIsleWaL._AC_UL320_.jpg,,,,,,,,,,,https://www.amazon.eg/dp/B0BYJWDTXP,2026-06-04T06:02:12.870722
amazon,B0CYTD3MT8,adidas,adidas,Women's Shoes,"EGP 2,939.00",,,4.7,,,,,,,https://m.media-amazon.com/images/I/51v4p+AYz3L._AC_UL320_.jpg,https://m.media-amazon.com/images/I/51v4p+AYz3L._AC_UL320_.jpg,,,,,,,,,,,https://www.amazon.eg/dp/B0CYTD3MT8,2026-06-04T06:02:12.871186
amazon,B0DHX6H9H4,adidas,adidas,Women's Shoes,"EGP 3,282.00","EGP 3,399.00",,4.3,List:,,,,,,https://m.media-amazon.com/images/I/710+I86pPML._AC_UL320_.jpg,https://m.media-amazon.com/images/I/710+I86pPML._AC_UL320_.jpg,,,,,,,,,,,https://www.amazon.eg/dp/B0DHX6H9H4,2026-06-04T06:02:12.871809
amazon,B0CKRYZYT5,adidas,adidas,Women's Shoes,"EGP 2,614.00","EGP 3,499.00",,4.6,List:,,,,,,https://m.media-amazon.com/images/I/41Uq3ymn2zL._AC_UL320_.jpg,https://m.media-amazon.com/images/I/41Uq3ymn2zL._AC_UL320_.jpg,,,,,,,,,,,https://www.amazon.eg/dp/B0CKRYZYT5,2026-06-04T06:02:12.872338
amazon,B0FCHVHBHT,adidas,adidas,Women's Shoes,"EGP 3,139.00","EGP 5,259.00",,5.0,List:,,,,,,https://m.media-amazon.com/images/I/71DKX347gML._AC_UL320_.jpg,https://m.media-amazon.com/images/I/71DKX347gML._AC_UL320_.jpg,,,,,,,,,,,https://www.amazon.eg/dp/B0FCHVHBHT,2026-06-04T06:02:12.872903
amazon,B0CKS1Y8SN,adidas,adidas,Women's Shoes,"EGP 1,969.00","EGP 3,999.00",,3.6,List:,,,,,,https://m.media-amazon.com/images/I/71KO48-EO2L._AC_UL320_.jpg,https://m.media-amazon.com/images/I/71KO48-EO2L._AC_UL320_.jpg,,,,,,,,,,,https://www.amazon.eg/dp/B0CKS1Y8SN,2026-06-04T06:02:12.873498
amazon,B0DL6WYW6J,adidas,adidas,Women's Shoes,"EGP 2,519.00","EGP 4,049.00",,5.0,List:,,,,,,https://m.media-amazon.com/images/I/61qTQGLaV-L._AC_UL320_.jpg,https://m.media-amazon.com/images/I/61qTQGLaV-L._AC_UL320_.jpg,,,,,,,,,,,https://www.amazon.eg/dp/B0DL6WYW6J,2026-06-04T06:02:12.874036
amazon,B0CQRQD58J,Reebok,Reebok,Women's Shoes,"EGP 1,825.83",,,4.4,,,,,,,https://m.media-amazon.com/images/I/611poqN4v8L._AC_UL320_.jpg,https://m.media-amazon.com/images/I/611poqN4v8L._AC_UL320_.jpg,,,,,,,,,,,https://www.amazon.eg/dp/B0CQRQD58J,2026-06-04T06:02:12.874517
amazon,B07SBW1DDP,PUMA,PUMA,Women's Shoes,"EGP 2,813.00",,,4.4,,,,,,,https://m.media-amazon.com/images/I/418bIdYKuSL._AC_UL320_.jpg,https://m.media-amazon.com/images/I/418bIdYKuSL._AC_UL320_.jpg,,,,,,,,,,,https://www.amazon.eg/dp/B07SBW1DDP,2026-06-04T06:02:12.875066
amazon,B0CPVMZGTH,adidas,adidas,Women's Shoes,"EGP 4,118.03",,,4.0,,,,,,,https://m.media-amazon.com/images/I/610D-5zQ1xL._AC_UL320_.jpg,https://m.media-amazon.com/images/I/610D-5zQ1xL._AC_UL320_.jpg,,,,,,,,,,,https://www.amazon.eg/dp/B0CPVMZGTH,2026-06-04T06:02:12.875486
amazon,B0BYJSDCZP,Mintra,Mintra,Women's Shoes,EGP 690.00,,,4.1,,,,,,,https://m.media-amazon.com/images/I/61tYiGnZnHL._AC_UL320_.jpg,https://m.media-amazon.com/images/I/61tYiGnZnHL._AC_UL320_.jpg,,,,,,,,,,,https://www.amazon.eg/dp/B0BYJSDCZP,2026-06-04T06:02:12.876082
amazon,B0DL7JQGCP,adidas,adidas,Women's Shoes,"EGP 2,706.55","EGP 4,049.00",,4.4,List:,,,,,,https://m.media-amazon.com/images/I/41cvz2dopDL._AC_UL320_.jpg,https://m.media-amazon.com/images/I/41cvz2dopDL._AC_UL320_.jpg,,,,,,,,,,,https://www.amazon.eg/dp/B0DL7JQGCP,2026-06-04T06:02:12.876650
amazon,B0DLVCGGNC,New Balance,New Balance,Women's Shoes,"EGP 2,827.06",,,5.0,,,,,,,https://m.media-amazon.com/images/I/81BBnwkbvOL._AC_UL320_.jpg,https://m.media-amazon.com/images/I/81BBnwkbvOL._AC_UL320_.jpg,,,,,,,,,,,https://www.amazon.eg/dp/B0DLVCGGNC,2026-06-04T06:02:12.877067
amazon,B0CYTCZZGN,adidas,adidas,Women's Shoes,"EGP 2,631.61","EGP 5,017.00",,4.2,List:,,,,,,https://m.media-amazon.com/images/I/61ZnkyfkojL._AC_UL320_.jpg,https://m.media-amazon.com/images/I/61ZnkyfkojL._AC_UL320_.jpg,,,,,,,,,,,https://www.amazon.eg/dp/B0CYTCZZGN,2026-06-04T06:02:12.877686
amazon,B081VW2HY3,Reebok,Reebok,Women's Shoes,"EGP 3,352.71",,,4.1,,,,,,,https://m.media-amazon.com/images/I/51PxeOtSB6L._AC_UL320_.jpg,https://m.media-amazon.com/images/I/51PxeOtSB6L._AC_UL320_.jpg,,,,,,,,,,,https://www.amazon.eg/dp/B081VW2HY3,2026-06-04T06:02:12.878157
amazon,B0CKS1JPW4,adidas,adidas,Women's Shoes,"EGP 2,001.00","EGP 3,999.00",,4.0,List:,,,,,,https://m.media-amazon.com/images/I/61ihFlEX1EL._AC_UL320_.jpg,https://m.media-amazon.com/images/I/61ihFlEX1EL._AC_UL320_.jpg,,,,,,,,,,,https://www.amazon.eg/dp/B0CKS1JPW4,2026-06-04T06:02:12.878766
amazon,B0DHXBJ997,adidas,adidas,Women's Shoes,"EGP 4,874.35",,,4.5,,,,,,,https://m.media-amazon.com/images/I/61U+9Z6cF5L._AC_UL320_.jpg,https://m.media-amazon.com/images/I/61U+9Z6cF5L._AC_UL320_.jpg,,,,,,,,,,,https://www.amazon.eg/dp/B0DHXBJ997,2026-06-04T06:02:12.879313
amazon,B0D3H5TF9M,Mintra,Mintra,Women's Shoes,EGP 586.50,EGP 690.00,,4.3,List:,,,,,,https://m.media-amazon.com/images/I/71LSswUnbDL._AC_UL320_.jpg,https://m.media-amazon.com/images/I/71LSswUnbDL._AC_UL320_.jpg,,,,,,,,,,,https://www.amazon.eg/dp/B0D3H5TF9M,2026-06-04T06:02:12.879936
amazon,B0F2G3MVSK,adidas,adidas,Women's Shoes,"EGP 2,754.00",,,4.6,,,,,,,https://m.media-amazon.com/images/I/41vYg9+i20L._AC_UL320_.jpg,https://m.media-amazon.com/images/I/41vYg9+i20L._AC_UL320_.jpg,,,,,,,,,,,https://www.amazon.eg/dp/B0F2G3MVSK,2026-06-04T06:02:12.880365
amazon,B0BYJT7KJP,Mintra,Mintra,Women's Shoes,EGP 586.50,EGP 690.00,,4.0,List:,,,,,,https://m.media-amazon.com/images/I/81OIrKcmu6L._AC_UL320_.jpg,https://m.media-amazon.com/images/I/81OIrKcmu6L._AC_UL320_.jpg,,,,,,,,,,,https://www.amazon.eg/dp/B0BYJT7KJP,2026-06-04T06:02:12.880924
amazon,B0F8Z3MF8X,Now Shoes,Now Shoes,Women's Shoes,EGP 299.00,,,4.0,,,,,,,https://m.media-amazon.com/images/I/81DG9l4FZmL._AC_UL320_.jpg,https://m.media-amazon.com/images/I/81DG9l4FZmL._AC_UL320_.jpg,,,,,,,,,,,https://www.amazon.eg/dp/B0F8Z3MF8X,2026-06-04T06:02:12.881350
amazon,B0GGKDYLGH,Now Shoes,Now Shoes,Women's Shoes,EGP 650.00,,,3.6,,,,,,,https://m.media-amazon.com/images/I/81FuaHCG-uL._AC_UL320_.jpg,https://m.media-amazon.com/images/I/81FuaHCG-uL._AC_UL320_.jpg,,,,,,,,,,,https://www.amazon.eg/dp/B0GGKDYLGH,2026-06-04T06:02:12.881850
amazon,B0D6B61CQH,adidas,adidas,Women's Shoes,"EGP 3,044.00",,,3.8,,,,,,,https://m.media-amazon.com/images/I/71ea6SC1ziL._AC_UL320_.jpg,https://m.media-amazon.com/images/I/71ea6SC1ziL._AC_UL320_.jpg,,,,,,,,,,,https://www.amazon.eg/dp/B0D6B61CQH,2026-06-04T06:02:12.882317
amazon,B0D31ZNW3S,adidas,adidas,Women's Shoes,"EGP 1,637.00",,,3.5,,,,,,,https://m.media-amazon.com/images/I/71CvwoGl03L._AC_UL320_.jpg,https://m.media-amazon.com/images/I/71CvwoGl03L._AC_UL320_.jpg,,,,,,,,,,,https://www.amazon.eg/dp/B0D31ZNW3S,2026-06-04T06:02:12.882797
amazon,B0D3H5JWWG,Mintra,Mintra,Women's Shoes,EGP 690.00,,,4.3,,,,,,,https://m.media-amazon.com/images/I/71KrGEMQQPL._AC_UL320_.jpg,https://m.media-amazon.com/images/I/71KrGEMQQPL._AC_UL320_.jpg,,,,,,,,,,,https://www.amazon.eg/dp/B0D3H5JWWG,2026-06-04T06:02:12.883355
amazon,B0CNX94F6F,Reebok,Reebok,Women's Shoes,"EGP 2,664.62",,,4.0,,,,,,,https://m.media-amazon.com/images/I/517Iv6w3z-L._AC_UL320_.jpg,https://m.media-amazon.com/images/I/517Iv6w3z-L._AC_UL320_.jpg,,,,,,,,,,,https://www.amazon.eg/dp/B0CNX94F6F,2026-06-04T06:02:12.883849
amazon,B0FDL7YL5L,Anta,Anta,Women's Shoes,"EGP 3,051.00",,,5.0,,,,,,,https://m.media-amazon.com/images/I/61WBxgTO+LL._AC_UL320_.jpg,https://m.media-amazon.com/images/I/61WBxgTO+LL._AC_UL320_.jpg,,,,,,,,,,,https://www.amazon.eg/dp/B0FDL7YL5L,2026-06-04T06:02:12.884340
amazon,B0G1NC54FY,Women's Comfortable Faux Leather Shoes – Fashion Practical Design with Strap Upper and Flexible Sole,,Women's Shoes,EGP 529.00,,,4.1,,,,,,,https://m.media-amazon.com/images/I/51TeYa5WbqL._AC_UL320_.jpg,https://m.media-amazon.com/images/I/51TeYa5WbqL._AC_UL320_.jpg,,,,,,,,,,,https://www.amazon.eg/dp/B0G1NC54FY,2026-06-04T06:02:12.885061
amazon,B08S45Z6S5,Reebok,Reebok,Women's Shoes,"EGP 2,337.00",,,4.5,,,,,,,https://m.media-amazon.com/images/I/71Z6YVpVsEL._AC_UL320_.jpg,https://m.media-amazon.com/images/I/71Z6YVpVsEL._AC_UL320_.jpg,,,,,,,,,,,https://www.amazon.eg/dp/B08S45Z6S5,2026-06-04T06:02:12.885523
amazon,B0DHXCS76V,adidas,adidas,Women's Shoes,"EGP 3,454.00",,,4.4,,,,,,,https://m.media-amazon.com/images/I/61A5uERwD2L._AC_UL320_.jpg,https://m.media-amazon.com/images/I/61A5uERwD2L._AC_UL320_.jpg,,,,,,,,,,,https://www.amazon.eg/dp/B0DHXCS76V,2026-06-04T06:02:12.886088
amazon,B0FKHCJGBM,adidas,adidas,Women's Shoes,"EGP 2,414.00","EGP 4,049.00",,5.0,List:,,,,,,https://m.media-amazon.com/images/I/61qp7tWx5ZL._AC_UL320_.jpg,https://m.media-amazon.com/images/I/61qp7tWx5ZL._AC_UL320_.jpg,,,,,,,,,,,https://www.amazon.eg/dp/B0FKHCJGBM,2026-06-04T06:02:12.886669
amazon,B0CQVV1VHR,Reebok,Reebok,Women's Shoes,"EGP 2,670.50",,,,,,,,,,https://m.media-amazon.com/images/I/41yAdNbRxRL._AC_UL320_.jpg,https://m.media-amazon.com/images/I/41yAdNbRxRL._AC_UL320_.jpg,,,,,,,,,,,https://www.amazon.eg/dp/B0CQVV1VHR,2026-06-04T06:02:15.808453
amazon,B0B725DGMC,ICE CLUB,ICE CLUB,Women's Shoes,EGP 299.00,,,3.0,,,,,,,https://m.media-amazon.com/images/I/51oK716PqFL._AC_UL320_.jpg,https://m.media-amazon.com/images/I/51oK716PqFL._AC_UL320_.jpg,,,,,,,,,,,https://www.amazon.eg/dp/B0B725DGMC,2026-06-04T06:02:15.808940
amazon,B0CKXSHN95,adidas,adidas,Women's Shoes,"EGP 2,992.00","EGP 6,522.00",,4.4,List:,,,,,,https://m.media-amazon.com/images/I/61uQgcsxW0L._AC_UL320_.jpg,https://m.media-amazon.com/images/I/61uQgcsxW0L._AC_UL320_.jpg,,,,,,,,,,,https://www.amazon.eg/dp/B0CKXSHN95,2026-06-04T06:02:15.809569
amazon,B0DL6KS389,adidas,adidas,Women's Shoes,"EGP 2,414.00","EGP 4,049.00",,3.8,List:,,,,,,https://m.media-amazon.com/images/I/61X8F2lKLAL._AC_UL320_.jpg,https://m.media-amazon.com/images/I/61X8F2lKLAL._AC_UL320_.jpg,,,,,,,,,,,https://www.amazon.eg/dp/B0DL6KS389,2026-06-04T06:02:15.810056
amazon,B0DLV961LC,New Balance,New Balance,Women's Shoes,"EGP 3,917.81",,,,,,,,,,https://m.media-amazon.com/images/I/71c7GWjGL3L._AC_UL320_.jpg,https://m.media-amazon.com/images/I/71c7GWjGL3L._AC_UL320_.jpg,,,,,,,,,,,https://www.amazon.eg/dp/B0DLV961LC,2026-06-04T06:02:15.810432
amazon,B0H1GWQSNR,BODO,BODO,Women's Shoes,EGP 499.00,EGP 850.00,,5.0,List:,,,,,,https://m.media-amazon.com/images/I/611-uTGeQzL._AC_UL320_.jpg,https://m.media-amazon.com/images/I/611-uTGeQzL._AC_UL320_.jpg,,,,,,,,,,,https://www.amazon.eg/dp/B0H1GWQSNR,2026-06-04T06:02:15.810948
amazon,B0BYJZ52PQ,Mintra,Mintra,Women's Shoes,EGP 586.50,EGP 690.00,,4.0,List:,,,,,,https://m.media-amazon.com/images/I/81OIrKcmu6L._AC_UL320_.jpg,https://m.media-amazon.com/images/I/81OIrKcmu6L._AC_UL320_.jpg,,,,,,,,,,,https://www.amazon.eg/dp/B0BYJZ52PQ,2026-06-04T06:02:15.811471
amazon,B0H1DL8BQX,BODO,BODO,Women's Shoes,EGP 449.10,EGP 499.00,,,Was:,,,,,,https://m.media-amazon.com/images/I/71lVqV8nVcL._AC_UL320_.jpg,https://m.media-amazon.com/images/I/71lVqV8nVcL._AC_UL320_.jpg,,,,,,,,,,,https://www.amazon.eg/dp/B0H1DL8BQX,2026-06-04T06:02:15.811945
amazon,B0FCHY47VH,adidas,adidas,Women's Shoes,"EGP 2,036.03","EGP 3,399.00",,2.3,List:,,,,,,https://m.media-amazon.com/images/I/71MicCCHGpL._AC_UL320_.jpg,https://m.media-amazon.com/images/I/71MicCCHGpL._AC_UL320_.jpg,,,,,,,,,,,https://www.amazon.eg/dp/B0FCHY47VH,2026-06-04T06:02:15.812459
amazon,B0FDKNHBHD,adidas,adidas,Women's Shoes,"EGP 3,622.00",,,4.7,,,,,,,https://m.media-amazon.com/images/I/71W35pszSDL._AC_UL320_.jpg,https://m.media-amazon.com/images/I/71W35pszSDL._AC_UL320_.jpg,,,,,,,,,,,https://www.amazon.eg/dp/B0FDKNHBHD,2026-06-04T06:02:15.812951
amazon,B0GY1YQLM9,Elegant and comfortable women’s ballerina shoes—classic design with a pointed toe and lightweight sole—suitable for work and everyday errands. Size - BKT1,,Women's Shoes,EGP 550.00,,,,,,,,,,https://m.media-amazon.com/images/I/61F7YTNdacL._AC_UL320_.jpg,https://m.media-amazon.com/images/I/61F7YTNdacL._AC_UL320_.jpg,,,,,,,,,,,https://www.amazon.eg/dp/B0GY1YQLM9,2026-06-04T06:02:15.813381
amazon,B0FCJ2LWXL,adidas,adidas,Women's Shoes,"EGP 4,416.00",,,5.0,,,,,,,https://m.media-amazon.com/images/I/61QZT+B8w6L._AC_UL320_.jpg,https://m.media-amazon.com/images/I/61QZT+B8w6L._AC_UL320_.jpg,,,,,,,,,,,https://www.amazon.eg/dp/B0FCJ2LWXL,2026-06-04T06:02:15.813819
amazon,B0FDL68465,Anta,Anta,Women's Shoes,"EGP 2,536.00",,,5.0,,,,,,,https://m.media-amazon.com/images/I/61eUV+NFYDL._AC_UL320_.jpg,https://m.media-amazon.com/images/I/61eUV+NFYDL._AC_UL320_.jpg,,,,,,,,,,,https://www.amazon.eg/dp/B0FDL68465,2026-06-04T06:02:15.814354
amazon,B0CKWJW3ZR,New Balance,New Balance,Women's Shoes,"EGP 3,587.54",,,4.4,,,,,,,https://m.media-amazon.com/images/I/519MiEiQk2L._AC_UL320_.jpg,https://m.media-amazon.com/images/I/519MiEiQk2L._AC_UL320_.jpg,,,,,,,,,,,https://www.amazon.eg/dp/B0CKWJW3ZR,2026-06-04T06:02:15.814908
amazon,B0CQS5TTK6,Reebok,Reebok,Women's Shoes,"EGP 2,659.04",,,4.4,,,,,,,https://m.media-amazon.com/images/I/514HQ3+8bWL._AC_UL320_.jpg,https://m.media-amazon.com/images/I/514HQ3+8bWL._AC_UL320_.jpg,,,,,,,,,,,https://www.amazon.eg/dp/B0CQS5TTK6,2026-06-04T06:02:15.815370
amazon,B0DCWDVLPZ,Now Shoes,Now Shoes,Women's Shoes,EGP 299.99,,,3.9,,,,,,,https://m.media-amazon.com/images/I/41MbkopkmjL._AC_UL320_.jpg,https://m.media-amazon.com/images/I/41MbkopkmjL._AC_UL320_.jpg,,,,,,,,,,,https://www.amazon.eg/dp/B0DCWDVLPZ,2026-06-04T06:02:15.815905
amazon,B0DL7J4YSX,adidas,adidas,Women's Shoes,"EGP 3,622.00","EGP 6,069.00",,4.8,List:,,,,,,https://m.media-amazon.com/images/I/71Jrbe+oVRL._AC_UL320_.jpg,https://m.media-amazon.com/images/I/71Jrbe+oVRL._AC_UL320_.jpg,,,,,,,,,,,https://www.amazon.eg/dp/B0DL7J4YSX,2026-06-04T06:02:15.816473
amazon,B0CQHDB7VK,New Balance,New Balance,Women's Shoes,"EGP 3,607.00",,,4.3,,,,,,,https://m.media-amazon.com/images/I/61BuxAjAz5L._AC_UL320_.jpg,https://m.media-amazon.com/images/I/61BuxAjAz5L._AC_UL320_.jpg,,,,,,,,,,,https://www.amazon.eg/dp/B0CQHDB7VK,2026-06-04T06:02:15.817038
amazon,B0FCJH9T3Y,adidas,adidas,Women's Shoes,"EGP 3,139.00",,,,,,,,,,https://m.media-amazon.com/images/I/714pazBLiML._AC_UL320_.jpg,https://m.media-amazon.com/images/I/714pazBLiML._AC_UL320_.jpg,,,,,,,,,,,https://www.amazon.eg/dp/B0FCJH9T3Y,2026-06-04T06:02:15.817414
amazon,B0GSMXQJFS,Comfortable Slip On Shoes for Women and Men 2026 Everyday Shoes,,Women's Shoes,EGP 220.50,,,5.0,,,,,,,https://m.media-amazon.com/images/I/515ExVnLU9L._AC_UL320_.jpg,https://m.media-amazon.com/images/I/515ExVnLU9L._AC_UL320_.jpg,,,,,,,,,,,https://www.amazon.eg/dp/B0GSMXQJFS,2026-06-04T06:02:15.817857
amazon,B0GKJFS18X,Now Shoes,Now Shoes,Women's Shoes,EGP 499.00,,,,,,,,,,https://m.media-amazon.com/images/I/718VjIzW5EL._AC_UL320_.jpg,https://m.media-amazon.com/images/I/718VjIzW5EL._AC_UL320_.jpg,,,,,,,,,,,https://www.amazon.eg/dp/B0GKJFS18X,2026-06-04T06:02:15.818291
amazon,B0D5BR3T1W,Reebok,Reebok,Women's Shoes,"EGP 2,925.00",,,4.5,,,,,,,https://m.media-amazon.com/images/I/71FCRJJ+o1L._AC_UL320_.jpg,https://m.media-amazon.com/images/I/71FCRJJ+o1L._AC_UL320_.jpg,,,,,,,,,,,https://www.amazon.eg/dp/B0D5BR3T1W,2026-06-04T06:02:15.818801
amazon,B0D98PC6H5,Now Shoes,Now Shoes,Women's Shoes,EGP 299.99,,,3.9,,,,,,,https://m.media-amazon.com/images/I/31HpL+K9xWL._AC_UL320_.jpg,https://m.media-amazon.com/images/I/31HpL+K9xWL._AC_UL320_.jpg,,,,,,,,,,,https://www.amazon.eg/dp/B0D98PC6H5,2026-06-04T06:02:15.819296
amazon,B0D5BP8YMG,Reebok,Reebok,Women's Shoes,"EGP 2,704.00",,,4.3,,,,,,,https://m.media-amazon.com/images/I/610vzwpIfNL._AC_UL320_.jpg,https://m.media-amazon.com/images/I/610vzwpIfNL._AC_UL320_.jpg,,,,,,,,,,,https://www.amazon.eg/dp/B0D5BP8YMG,2026-06-04T06:02:15.819872
amazon,B0FKHB1WK1,adidas,adidas,Women's Shoes,"EGP 5,259.00",,,4.4,,,,,,,https://m.media-amazon.com/images/I/41zXQHifTdL._AC_UL320_.jpg,https://m.media-amazon.com/images/I/41zXQHifTdL._AC_UL320_.jpg,,,,,,,,,,,https://www.amazon.eg/dp/B0FKHB1WK1,2026-06-04T06:02:15.820344
amazon,B0FDL3NDCD,Anta,Anta,Women's Shoes,"EGP 2,746.00",,,5.0,,,,,,,https://m.media-amazon.com/images/I/61J7qTOkRhL._AC_UL320_.jpg,https://m.media-amazon.com/images/I/61J7qTOkRhL._AC_UL320_.jpg,,,,,,,,,,,https://www.amazon.eg/dp/B0FDL3NDCD,2026-06-04T06:02:15.820794
amazon,B0GG5J4M16,Now Shoes,Now Shoes,Women's Shoes,EGP 499.99,,,5.0,,,,,,,https://m.media-amazon.com/images/I/81qEY3G1mcL._AC_UL320_.jpg,https://m.media-amazon.com/images/I/81qEY3G1mcL._AC_UL320_.jpg,,,,,,,,,,,https://www.amazon.eg/dp/B0GG5J4M16,2026-06-04T06:02:15.821281
amazon,B0CNX8GFXV,Reebok,Reebok,Women's Shoes,"EGP 2,368.93",,,3.9,,,,,,,https://m.media-amazon.com/images/I/81Q4ztgI53L._AC_UL320_.jpg,https://m.media-amazon.com/images/I/81Q4ztgI53L._AC_UL320_.jpg,,,,,,,,,,,https://www.amazon.eg/dp/B0CNX8GFXV,2026-06-04T06:02:15.821768
amazon,B0FDL61ZZ3,Anta,Anta,Women's Shoes,"EGP 2,616.22","EGP 4,671.83",,2.5,Was:,,,,,,https://m.media-amazon.com/images/I/613KBkXoDBL._AC_UL320_.jpg,https://m.media-amazon.com/images/I/613KBkXoDBL._AC_UL320_.jpg,,,,,,,,,,,https://www.amazon.eg/dp/B0FDL61ZZ3,2026-06-04T06:02:15.822331
amazon,B0D5BRWCMW,Reebok,Reebok,Women's Shoes,"EGP 3,104.95",,,4.4,,,,,,,https://m.media-amazon.com/images/I/51GKrTIj7aL._AC_UL320_.jpg,https://m.media-amazon.com/images/I/51GKrTIj7aL._AC_UL320_.jpg,,,,,,,,,,,https://www.amazon.eg/dp/B0D5BRWCMW,2026-06-04T06:02:15.822787
amazon,B0FDL2WK2J,Anta,Anta,Women's Shoes,"EGP 1,857.55",,,3.3,,,,,,,https://m.media-amazon.com/images/I/51jhcBg5SEL._AC_UL320_.jpg,https://m.media-amazon.com/images/I/51jhcBg5SEL._AC_UL320_.jpg,,,,,,,,,,,https://www.amazon.eg/dp/B0FDL2WK2J,2026-06-04T06:02:15.823217
amazon,B0DLVB7Z5V,New Balance,New Balance,Women's Shoes,"EGP 5,353.68",,,4.8,,,,,,,https://m.media-amazon.com/images/I/41P3kSywnvL._AC_UL320_.jpg,https://m.media-amazon.com/images/I/41P3kSywnvL._AC_UL320_.jpg,,,,,,,,,,,https://www.amazon.eg/dp/B0DLVB7Z5V,2026-06-04T06:02:15.823665
amazon,B0FDXB4NHF,dejAVU,dejAVU,Women's Shoes,EGP 925.54,,,5.0,,,,,,,https://m.media-amazon.com/images/I/613IZilOGnL._AC_UL320_.jpg,https://m.media-amazon.com/images/I/613IZilOGnL._AC_UL320_.jpg,,,,,,,,,,,https://www.amazon.eg/dp/B0FDXB4NHF,2026-06-04T06:02:15.824132
amazon,B0D3XZDSV5,New Balance,New Balance,Women's Shoes,"EGP 2,574.14",,,2.9,,,,,,,https://m.media-amazon.com/images/I/71iFWMPsWpL._AC_UL320_.jpg,https://m.media-amazon.com/images/I/71iFWMPsWpL._AC_UL320_.jpg,,,,,,,,,,,https://www.amazon.eg/dp/B0D3XZDSV5,2026-06-04T06:02:15.824617
amazon,B0C9W21MBW,New Balance,New Balance,Women's Shoes,"EGP 5,985.34",,,4.5,,,,,,,https://m.media-amazon.com/images/I/71HWGpK8SpL._AC_UL320_.jpg,https://m.media-amazon.com/images/I/71HWGpK8SpL._AC_UL320_.jpg,,,,,,,,,,,https://www.amazon.eg/dp/B0C9W21MBW,2026-06-04T06:02:15.825164
amazon,B0F8PK8XMV,knitted women shoes flexible comfortable with medical sole - handmade finish,,Women's Shoes,EGP 777.00,,,4.8,,,,,,,https://m.media-amazon.com/images/I/61FzFi9HlJL._AC_UL320_.jpg,https://m.media-amazon.com/images/I/61FzFi9HlJL._AC_UL320_.jpg,,,,,,,,,,,https://www.amazon.eg/dp/B0F8PK8XMV,2026-06-04T06:02:15.825690
amazon,B0G4MX8121,Women's Casual Sneakers Walking Running Sneakers Ultra Light with Untold Comfort Breathable Mesh Upper Chunky Sole,,Women's Shoes,EGP 599.00,,,4.1,,,,,,,https://m.media-amazon.com/images/I/41ETI1zAEeL._AC_UL320_.jpg,https://m.media-amazon.com/images/I/41ETI1zAEeL._AC_UL320_.jpg,,,,,,,,,,,https://www.amazon.eg/dp/B0G4MX8121,2026-06-04T06:02:15.826221
amazon,B0D6ZKHHX3,Reebok,Reebok,Women's Shoes,"EGP 3,870.00",,,4.0,,,,,,,https://m.media-amazon.com/images/I/61vrQv8d8eL._AC_UL320_.jpg,https://m.media-amazon.com/images/I/61vrQv8d8eL._AC_UL320_.jpg,,,,,,,,,,,https://www.amazon.eg/dp/B0D6ZKHHX3,2026-06-04T06:02:15.826700
amazon,B0FDL45X6Y,Anta,Anta,Women's Shoes,"EGP 3,475.00",,,4.2,,,,,,,https://m.media-amazon.com/images/I/61Z2Wm7yqrL._AC_UL320_.jpg,https://m.media-amazon.com/images/I/61Z2Wm7yqrL._AC_UL320_.jpg,,,,,,,,,,,https://www.amazon.eg/dp/B0FDL45X6Y,2026-06-04T06:02:15.827245
amazon,B0G8TK39L2,Stellar Shoe Women's – Stylish and Breathable Sports Shoes for Daily Trips New Fashion Design Luxury Comfort,,Women's Shoes,EGP 499.00,,,5.0,,,,,,,https://m.media-amazon.com/images/I/51bt8x0SMdL._AC_UL320_.jpg,https://m.media-amazon.com/images/I/51bt8x0SMdL._AC_UL320_.jpg,,,,,,,,,,,https://www.amazon.eg/dp/B0G8TK39L2,2026-06-04T06:02:15.827752
amazon,B0FGBH24H2,Now Shoes,Now Shoes,Women's Shoes,EGP 299.00,,,4.2,,,,,,,https://m.media-amazon.com/images/I/81J8rJiwpNL._AC_UL320_.jpg,https://m.media-amazon.com/images/I/81J8rJiwpNL._AC_UL320_.jpg,,,,,,,,,,,https://www.amazon.eg/dp/B0FGBH24H2,2026-06-04T06:02:15.828225
amazon,B0FFZF3PRF,Flat Shoes For Women,,Women's Shoes,EGP 275.00,,,3.2,,,,,,,https://m.media-amazon.com/images/I/61+ijDNFVwL._AC_UL320_.jpg,https://m.media-amazon.com/images/I/61+ijDNFVwL._AC_UL320_.jpg,,,,,,,,,,,https://www.amazon.eg/dp/B0FFZF3PRF,2026-06-04T06:02:15.828665
amazon,B0GG5FKYXR,Now Shoes,Now Shoes,Women's Shoes,EGP 650.00,,,,,,,,,,https://m.media-amazon.com/images/I/81MnQRvHHEL._AC_UL320_.jpg,https://m.media-amazon.com/images/I/81MnQRvHHEL._AC_UL320_.jpg,,,,,,,,,,,https://www.amazon.eg/dp/B0GG5FKYXR,2026-06-04T06:02:15.829107
amazon,B0CYH9W673,Mintra,Mintra,Women's Shoes,EGP 818.00,"EGP 1,299.00",,4.0,List:,,,,,,https://m.media-amazon.com/images/I/61j3QCVHmgL._AC_UL320_.jpg,https://m.media-amazon.com/images/I/61j3QCVHmgL._AC_UL320_.jpg,,,,,,,,,,,https://www.amazon.eg/dp/B0CYH9W673,2026-06-04T06:02:15.829733
amazon,B0FM8JCZ65,B&W,B&W,Women's Shoes,EGP 247.00,,,,,,,,,,https://m.media-amazon.com/images/I/817qYfznyAL._AC_UL320_.jpg,https://m.media-amazon.com/images/I/817qYfznyAL._AC_UL320_.jpg,,,,,,,,,,,https://www.amazon.eg/dp/B0FM8JCZ65,2026-06-04T06:02:15.830146
amazon,B0CJ9SL7Y8,Jellies,Jellies,Women's Shoes,EGP 400.00,,,3.3,,,,,,,https://m.media-amazon.com/images/I/61giKXxSRcL._AC_UL320_.jpg,https://m.media-amazon.com/images/I/61giKXxSRcL._AC_UL320_.jpg,,,,,,,,,,,https://www.amazon.eg/dp/B0CJ9SL7Y8,2026-06-04T06:02:15.830663
amazon,B0DVQGMQMN,Now Shoes,Now Shoes,Women's Shoes,EGP 349.99,,,3.2,,,,,,,https://m.media-amazon.com/images/I/61IVYMhGjrL._AC_UL320_.jpg,https://m.media-amazon.com/images/I/61IVYMhGjrL._AC_UL320_.jpg,,,,,,,,,,,https://www.amazon.eg/dp/B0DVQGMQMN,2026-06-04T06:02:15.831129
amazon,B0FSZYXLGW,BASTET,BASTET,Women's Shoes,EGP 550.00,,,5.0,,,,,,,https://m.media-amazon.com/images/I/416cERKn3eL._AC_UL320_.jpg,https://m.media-amazon.com/images/I/416cERKn3eL._AC_UL320_.jpg,,,,,,,,,,,https://www.amazon.eg/dp/B0FSZYXLGW,2026-06-04T06:02:15.831639
amazon,B0CYTB9PM3,adidas,adidas,Women's Shoes,"EGP 4,111.00","EGP 5,849.00",,4.4,List:,,,,,,https://m.media-amazon.com/images/I/61PJK0PK0xL._AC_UL320_.jpg,https://m.media-amazon.com/images/I/61PJK0PK0xL._AC_UL320_.jpg,,,,,,,,,,,https://www.amazon.eg/dp/B0CYTB9PM3,2026-06-04T06:02:19.063689
amazon,B0F1WZZQ2M,adidas,adidas,Women's Shoes,"EGP 3,055.00","EGP 6,522.00",,4.1,List:,,,,,,https://m.media-amazon.com/images/I/61o-hSCcpJL._AC_UL320_.jpg,https://m.media-amazon.com/images/I/61o-hSCcpJL._AC_UL320_.jpg,,,,,,,,,,,https://www.amazon.eg/dp/B0F1WZZQ2M,2026-06-04T06:02:19.064274
amazon,B0D5BRLPNH,Reebok,Reebok,Women's Shoes,"EGP 2,925.00",,,4.6,,,,,,,https://m.media-amazon.com/images/I/51w+gxQNKaL._AC_UL320_.jpg,https://m.media-amazon.com/images/I/51w+gxQNKaL._AC_UL320_.jpg,,,,,,,,,,,https://www.amazon.eg/dp/B0D5BRLPNH,2026-06-04T06:02:19.064815
amazon,B0FDL4NTPM,Anta,Anta,Women's Shoes,"EGP 2,326.00",,,5.0,,,,,,,https://m.media-amazon.com/images/I/61l4XwNRBfL._AC_UL320_.jpg,https://m.media-amazon.com/images/I/61l4XwNRBfL._AC_UL320_.jpg,,,,,,,,,,,https://www.amazon.eg/dp/B0FDL4NTPM,2026-06-04T06:02:19.066342
amazon,B0FDL4XKCH,Anta,Anta,Women's Shoes,"EGP 2,746.00",,,5.0,,,,,,,https://m.media-amazon.com/images/I/51OAHA+ppdL._AC_UL320_.jpg,https://m.media-amazon.com/images/I/51OAHA+ppdL._AC_UL320_.jpg,,,,,,,,,,,https://www.amazon.eg/dp/B0FDL4XKCH,2026-06-04T06:02:19.067997
amazon,B0GY1ZHX8V,Elegant and comfortable women’s ballerina shoes—classic design with a pointed toe and lightweight sole—suitable for work and everyday errands. Size - T2,,Women's Shoes,EGP 550.00,,,,,,,,,,https://m.media-amazon.com/images/I/61kvzzd7ZEL._AC_UL320_.jpg,https://m.media-amazon.com/images/I/61kvzzd7ZEL._AC_UL320_.jpg,,,,,,,,,,,https://www.amazon.eg/dp/B0GY1ZHX8V,2026-06-04T06:02:19.068970
amazon,B0D5BRYJQC,Reebok,Reebok,Women's Shoes,"EGP 3,212.00",,,4.4,,,,,,,https://m.media-amazon.com/images/I/61o8elwI6XL._AC_UL320_.jpg,https://m.media-amazon.com/images/I/61o8elwI6XL._AC_UL320_.jpg,,,,,,,,,,,https://www.amazon.eg/dp/B0D5BRYJQC,2026-06-04T06:02:19.071272
amazon,B0FKH856MV,adidas,adidas,Women's Shoes,"EGP 3,863.00","EGP 6,469.00",,5.0,List:,,,,,,https://m.media-amazon.com/images/I/71Ef2cyqxcL._AC_UL320_.jpg,https://m.media-amazon.com/images/I/71Ef2cyqxcL._AC_UL320_.jpg,,,,,,,,,,,https://www.amazon.eg/dp/B0FKH856MV,2026-06-04T06:02:19.071795
amazon,B0DN23C5SC,adidas,adidas,Women's Shoes,"EGP 3,082.00",,,4.4,,,,,,,https://m.media-amazon.com/images/I/51KSq3n0e0L._AC_UL320_.jpg,https://m.media-amazon.com/images/I/51KSq3n0e0L._AC_UL320_.jpg,,,,,,,,,,,https://www.amazon.eg/dp/B0DN23C5SC,2026-06-04T06:02:19.072911
amazon,B0D5J4K36H,adidas,adidas,Women's Shoes,"EGP 2,299.00",,,4.3,,,,,,,https://m.media-amazon.com/images/I/41GF3zW4YKL._AC_UL320_.jpg,https://m.media-amazon.com/images/I/41GF3zW4YKL._AC_UL320_.jpg,,,,,,,,,,,https://www.amazon.eg/dp/B0D5J4K36H,2026-06-04T06:02:19.074022
amazon,B0GX6N7J3Q,Jamaal,Jamaal,Women's Shoes,EGP 950.00,,,5.0,,,,,,,https://m.media-amazon.com/images/I/41eBhaKz8RL._AC_UL320_.jpg,https://m.media-amazon.com/images/I/41eBhaKz8RL._AC_UL320_.jpg,,,,,,,,,,,https://www.amazon.eg/dp/B0GX6N7J3Q,2026-06-04T06:02:19.075591
amazon,B0BTDVG2ZQ,Tobaco Women's Casual Shoes Leather 403,,Women's Shoes,EGP 255.00,,,3.7,,,,,,,https://m.media-amazon.com/images/I/4147HqVoqyL._AC_UL320_.jpg,https://m.media-amazon.com/images/I/4147HqVoqyL._AC_UL320_.jpg,,,,,,,,,,,https://www.amazon.eg/dp/B0BTDVG2ZQ,2026-06-04T06:02:19.078179
amazon,B0D5BPZTWD,Reebok,Reebok,Women's Shoes,"EGP 3,139.00",,,5.0,,,,,,,https://m.media-amazon.com/images/I/61GLbF2ADqL._AC_UL320_.jpg,https://m.media-amazon.com/images/I/61GLbF2ADqL._AC_UL320_.jpg,,,,,,,,,,,https://www.amazon.eg/dp/B0D5BPZTWD,2026-06-04T06:02:19.079193
amazon,B0D5BRPY8D,Reebok,Reebok,Women's Shoes,"EGP 3,139.00",,,4.0,,,,,,,https://m.media-amazon.com/images/I/61Qii6Yz0kL._AC_UL320_.jpg,https://m.media-amazon.com/images/I/61Qii6Yz0kL._AC_UL320_.jpg,,,,,,,,,,,https://www.amazon.eg/dp/B0D5BRPY8D,2026-06-04T06:02:19.079692
amazon,B0F6L36VLG,Women's Tricot Flat Shoes,,Women's Shoes,EGP 275.00,,,3.3,,,,,,,https://m.media-amazon.com/images/I/7126gV2EbBL._AC_UL320_.jpg,https://m.media-amazon.com/images/I/7126gV2EbBL._AC_UL320_.jpg,,,,,,,,,,,https://www.amazon.eg/dp/B0F6L36VLG,2026-06-04T06:02:19.080196
amazon,B0F63JRVC2,dejAVU,dejAVU,Women's Shoes,EGP 657.00,,,5.0,,,,,,,https://m.media-amazon.com/images/I/611ssQJBGzL._AC_UL320_.jpg,https://m.media-amazon.com/images/I/611ssQJBGzL._AC_UL320_.jpg,,,,,,,,,,,https://www.amazon.eg/dp/B0F63JRVC2,2026-06-04T06:02:19.081181
amazon,B0CJ9SFVZS,Jellies,Jellies,Women's Shoes,EGP 400.00,,,3.8,,,,,,,https://m.media-amazon.com/images/I/51TsdIAWi9L._AC_UL320_.jpg,https://m.media-amazon.com/images/I/51TsdIAWi9L._AC_UL320_.jpg,,,,,,,,,,,https://www.amazon.eg/dp/B0CJ9SFVZS,2026-06-04T06:02:19.081687
amazon,B0G1MP3STM,Comfortable and fashionable women's shoes with flexible sole - floral design embossed with high quality materials,,Women's Shoes,EGP 429.00,,,2.8,,,,,,,https://m.media-amazon.com/images/I/513rA53s9PL._AC_UL320_.jpg,https://m.media-amazon.com/images/I/513rA53s9PL._AC_UL320_.jpg,,,,,,,,,,,https://www.amazon.eg/dp/B0G1MP3STM,2026-06-04T06:02:19.082198
amazon,B0C4TZD4Q4,Lacoste,Lacoste,Women's Shoes,"EGP 6,326.05",,,3.9,,,,,,,https://m.media-amazon.com/images/I/61+mVzUyppL._AC_UL320_.jpg,https://m.media-amazon.com/images/I/61+mVzUyppL._AC_UL320_.jpg,,,,,,,,,,,https://www.amazon.eg/dp/B0C4TZD4Q4,2026-06-04T06:02:19.082678
amazon,B0D3XZP79V,New Balance,New Balance,Women's Shoes,"EGP 8,899.00",,,3.5,,,,,,,https://m.media-amazon.com/images/I/616f8IVQLyL._AC_UL320_.jpg,https://m.media-amazon.com/images/I/616f8IVQLyL._AC_UL320_.jpg,,,,,,,,,,,https://www.amazon.eg/dp/B0D3XZP79V,2026-06-04T06:02:19.086108
amazon,B0FCJQCWXG,adidas,adidas,Women's Shoes,"EGP 5,259.00",,,1.0,,,,,,,https://m.media-amazon.com/images/I/71uc92mOR0L._AC_UL320_.jpg,https://m.media-amazon.com/images/I/71uc92mOR0L._AC_UL320_.jpg,,,,,,,,,,,https://www.amazon.eg/dp/B0FCJQCWXG,2026-06-04T06:02:19.086562
amazon,B0FZVBCCDV,Women's Shoes with Bright Color Stripes – Comfortable and Light Casual Sneakers | Elegant Feminine Design with Suede Toe and Non-Slip Rubber Sole,,Women's Shoes,EGP 350.00,,,4.1,,,,,,,https://m.media-amazon.com/images/I/51f+1yxOMcL._AC_UL320_.jpg,https://m.media-amazon.com/images/I/51f+1yxOMcL._AC_UL320_.jpg,,,,,,,,,,,https://www.amazon.eg/dp/B0FZVBCCDV,2026-06-04T06:02:19.087099
amazon,B0FK41Q7XF,grinta,grinta,Women's Shoes,EGP 405.00,,,4.0,,,,,,,https://m.media-amazon.com/images/I/61LWz1VX33L._AC_UL320_.jpg,https://m.media-amazon.com/images/I/61LWz1VX33L._AC_UL320_.jpg,,,,,,,,,,,https://www.amazon.eg/dp/B0FK41Q7XF,2026-06-04T06:02:19.088036
amazon,B0FTRJRJC3,Now Shoes,Now Shoes,Women's Shoes,EGP 499.99,EGP 599.00,,3.2,List:,,,,,,https://m.media-amazon.com/images/I/71zanOdyHcL._AC_UL320_.jpg,https://m.media-amazon.com/images/I/71zanOdyHcL._AC_UL320_.jpg,,,,,,,,,,,https://www.amazon.eg/dp/B0FTRJRJC3,2026-06-04T06:02:19.089149
amazon,B0GG5CVN88,Now Shoes,Now Shoes,Women's Shoes,EGP 499.99,,,1.4,,,,,,,https://m.media-amazon.com/images/I/81a1P9H2J6L._AC_UL320_.jpg,https://m.media-amazon.com/images/I/81a1P9H2J6L._AC_UL320_.jpg,,,,,,,,,,,https://www.amazon.eg/dp/B0GG5CVN88,2026-06-04T06:02:19.089715
amazon,B0FM8L22P6,B&W,B&W,Women's Shoes,EGP 342.00,,,,,,,,,,https://m.media-amazon.com/images/I/81yIDcYQJ3L._AC_UL320_.jpg,https://m.media-amazon.com/images/I/81yIDcYQJ3L._AC_UL320_.jpg,,,,,,,,,,,https://www.amazon.eg/dp/B0FM8L22P6,2026-06-04T06:02:19.090122
amazon,B0FHS33WV3,grinta,grinta,Women's Shoes,EGP 419.00,,,,,,,,,,https://m.media-amazon.com/images/I/41QKYcOSb8L._AC_UL320_.jpg,https://m.media-amazon.com/images/I/41QKYcOSb8L._AC_UL320_.jpg,,,,,,,,,,,https://www.amazon.eg/dp/B0FHS33WV3,2026-06-04T06:02:19.090502
amazon,B0CKXZ64RZ,adidas,adidas,Women's Shoes,"EGP 2,509.00","EGP 5,449.00",,4.3,List:,,,,,,https://m.media-amazon.com/images/I/61bQuN9RzyL._AC_UL320_.jpg,https://m.media-amazon.com/images/I/61bQuN9RzyL._AC_UL320_.jpg,,,,,,,,,,,https://www.amazon.eg/dp/B0CKXZ64RZ,2026-06-04T06:02:19.091100
amazon,B0DL6SZV41,adidas,adidas,Women's Shoes,"EGP 2,299.00",,,4.6,,,,,,,https://m.media-amazon.com/images/I/61YuHdgBYHL._AC_UL320_.jpg,https://m.media-amazon.com/images/I/61YuHdgBYHL._AC_UL320_.jpg,,,,,,,,,,,https://www.amazon.eg/dp/B0DL6SZV41,2026-06-04T06:02:19.091654
amazon,B0C3JDGVQZ,adidas,adidas,Women's Shoes,"EGP 2,646.65",,,4.2,,,,,,,https://m.media-amazon.com/images/I/412n4kFheQL._AC_UL320_.jpg,https://m.media-amazon.com/images/I/412n4kFheQL._AC_UL320_.jpg,,,,,,,,,,,https://www.amazon.eg/dp/B0C3JDGVQZ,2026-06-04T06:02:19.092180
amazon,B0C3456Y8T,Skechers,Skechers,Women's Shoes,"EGP 4,206.00",,,4.6,,,,,,,https://m.media-amazon.com/images/I/81FLd1+UtAL._AC_UL320_.jpg,https://m.media-amazon.com/images/I/81FLd1+UtAL._AC_UL320_.jpg,,,,,,,,,,,https://www.amazon.eg/dp/B0C3456Y8T,2026-06-04T06:02:22.526762
amazon,B0C715HGC1,Ballerina Flat Shoes For Women,,Women's Shoes,EGP 424.80,EGP 472.00,,3.6,Was:,,,,,,https://m.media-amazon.com/images/I/613JOs18zkL._AC_UL320_.jpg,https://m.media-amazon.com/images/I/613JOs18zkL._AC_UL320_.jpg,,,,,,,,,,,https://www.amazon.eg/dp/B0C715HGC1,2026-06-04T06:02:22.527315
amazon,B0H1DL8JML,BODO,BODO,Women's Shoes,EGP 499.00,,,,,,,,,,https://m.media-amazon.com/images/I/71FXeFj-MBL._AC_UL320_.jpg,https://m.media-amazon.com/images/I/71FXeFj-MBL._AC_UL320_.jpg,,,,,,,,,,,https://www.amazon.eg/dp/B0H1DL8JML,2026-06-04T06:02:22.527713
amazon,B0H1GZRQVS,BODO,BODO,Women's Shoes,EGP 499.00,EGP 850.00,,5.0,List:,,,,,,https://m.media-amazon.com/images/I/51WWrUrQCUL._AC_UL320_.jpg,https://m.media-amazon.com/images/I/51WWrUrQCUL._AC_UL320_.jpg,,,,,,,,,,,https://www.amazon.eg/dp/B0H1GZRQVS,2026-06-04T06:02:22.528206
amazon,B0F63LHHNH,dejAVU,dejAVU,Women's Shoes,"EGP 1,719.00",,,3.0,,,,,,,https://m.media-amazon.com/images/I/712V1nDgpIL._AC_UL320_.jpg,https://m.media-amazon.com/images/I/712V1nDgpIL._AC_UL320_.jpg,,,,,,,,,,,https://www.amazon.eg/dp/B0F63LHHNH,2026-06-04T06:02:22.529665
amazon,B0DLV9TBP4,New Balance,New Balance,Women's Shoes,"EGP 5,686.54",,,4.8,,,,,,,https://m.media-amazon.com/images/I/716P9PhfcrL._AC_UL320_.jpg,https://m.media-amazon.com/images/I/716P9PhfcrL._AC_UL320_.jpg,,,,,,,,,,,https://www.amazon.eg/dp/B0DLV9TBP4,2026-06-04T06:02:22.530150
amazon,B0D3XY9FJ1,New Balance,New Balance,Women's Shoes,"EGP 3,817.00",,,3.0,,,,,,,https://m.media-amazon.com/images/I/71i2DZuSQyL._AC_UL320_.jpg,https://m.media-amazon.com/images/I/71i2DZuSQyL._AC_UL320_.jpg,,,,,,,,,,,https://www.amazon.eg/dp/B0D3XY9FJ1,2026-06-04T06:02:22.530588
amazon,B0FDL3CMM4,Anta,Anta,Women's Shoes,"EGP 3,859.00",,,5.0,,,,,,,https://m.media-amazon.com/images/I/41iNmTP6TUL._AC_UL320_.jpg,https://m.media-amazon.com/images/I/41iNmTP6TUL._AC_UL320_.jpg,,,,,,,,,,,https://www.amazon.eg/dp/B0FDL3CMM4,2026-06-04T06:02:22.533091
amazon,B0D5BPPSMW,Reebok,Reebok,Women's Shoes,"EGP 4,945.00",,,4.0,,,,,,,https://m.media-amazon.com/images/I/51kmNMJlTIL._AC_UL320_.jpg,https://m.media-amazon.com/images/I/51kmNMJlTIL._AC_UL320_.jpg,,,,,,,,,,,https://www.amazon.eg/dp/B0D5BPPSMW,2026-06-04T06:02:22.537539
amazon,B0C2B2D3JG,New Balance,New Balance,Women's Shoes,"EGP 4,987.00",,,4.5,,,,,,,https://m.media-amazon.com/images/I/71yj92r8sGL._AC_UL320_.jpg,https://m.media-amazon.com/images/I/71yj92r8sGL._AC_UL320_.jpg,,,,,,,,,,,https://www.amazon.eg/dp/B0C2B2D3JG,2026-06-04T06:02:22.538554
amazon,B0F1X7ZML8,adidas,adidas,Women's Shoes,"EGP 5,144.00",,,4.3,,,,,,,https://m.media-amazon.com/images/I/410iAKw6shL._AC_UL320_.jpg,https://m.media-amazon.com/images/I/410iAKw6shL._AC_UL320_.jpg,,,,,,,,,,,https://www.amazon.eg/dp/B0F1X7ZML8,2026-06-04T06:02:22.539472
amazon,B0FF39S678,Mintra,Mintra,Women's Shoes,"EGP 1,014.00",,,4.6,,,,,,,https://m.media-amazon.com/images/I/81e+oh06MtL._AC_UL320_.jpg,https://m.media-amazon.com/images/I/81e+oh06MtL._AC_UL320_.jpg,,,,,,,,,,,https://www.amazon.eg/dp/B0FF39S678,2026-06-04T06:02:22.540873
amazon,B0D6ZPVTL9,Reebok,Reebok,Women's Shoes,"EGP 5,114.73",,,4.4,,,,,,,https://m.media-amazon.com/images/I/416MI2PNeNL._AC_UL320_.jpg,https://m.media-amazon.com/images/I/416MI2PNeNL._AC_UL320_.jpg,,,,,,,,,,,https://www.amazon.eg/dp/B0D6ZPVTL9,2026-06-04T06:02:22.542985
amazon,B0CZ7FLMJZ,OX,OX,Women's Shoes,EGP 409.00,,,5.0,,,,,,,https://m.media-amazon.com/images/I/71aRXy3RC6L._AC_UL320_.jpg,https://m.media-amazon.com/images/I/71aRXy3RC6L._AC_UL320_.jpg,,,,,,,,,,,https://www.amazon.eg/dp/B0CZ7FLMJZ,2026-06-04T06:02:22.543568
amazon,B0DL4TMF93,B&W,B&W,Women's Shoes,EGP 577.00,,,3.3,,,,,,,https://m.media-amazon.com/images/I/511Hwp2uMRL._AC_UL320_.jpg,https://m.media-amazon.com/images/I/511Hwp2uMRL._AC_UL320_.jpg,,,,,,,,,,,https://www.amazon.eg/dp/B0DL4TMF93,2026-06-04T06:02:22.544006
amazon,B0FS1YWHGP,Fourteen,Fourteen,Women's Shoes,EGP 525.63,EGP 750.00,,,List:,,,,,,https://m.media-amazon.com/images/I/412EasUJrmL._AC_UL320_.jpg,https://m.media-amazon.com/images/I/412EasUJrmL._AC_UL320_.jpg,,,,,,,,,,,https://www.amazon.eg/dp/B0FS1YWHGP,2026-06-04T06:02:22.544536
amazon,B0FCJZC3ZX,adidas,adidas,Women's Shoes,"EGP 6,069.00",,,1.0,,,,,,,https://m.media-amazon.com/images/I/71cKzDPtzPL._AC_UL320_.jpg,https://m.media-amazon.com/images/I/71cKzDPtzPL._AC_UL320_.jpg,,,,,,,,,,,https://www.amazon.eg/dp/B0FCJZC3ZX,2026-06-04T06:02:22.544973
amazon,B0F6V9M36D,Fourteen,Fourteen,Women's Shoes,EGP 671.00,"EGP 1,139.00",,4.7,List:,,,,,,https://m.media-amazon.com/images/I/417EAvYnpUL._AC_UL320_.jpg,https://m.media-amazon.com/images/I/417EAvYnpUL._AC_UL320_.jpg,,,,,,,,,,,https://www.amazon.eg/dp/B0F6V9M36D,2026-06-04T06:02:22.545578
amazon,B0FXXQG4GR,B&W,B&W,Women's Shoes,EGP 384.00,EGP 570.00,,,List:,,,,,,https://m.media-amazon.com/images/I/617WG9ECmRL._AC_UL320_.jpg,https://m.media-amazon.com/images/I/617WG9ECmRL._AC_UL320_.jpg,,,,,,,,,,,https://www.amazon.eg/dp/B0FXXQG4GR,2026-06-04T06:02:22.546043
amazon,B0FK43DWFM,grinta,grinta,Women's Shoes,EGP 405.00,,,,,,,,,,https://m.media-amazon.com/images/I/61LWz1VX33L._AC_UL320_.jpg,https://m.media-amazon.com/images/I/61LWz1VX33L._AC_UL320_.jpg,,,,,,,,,,,https://www.amazon.eg/dp/B0FK43DWFM,2026-06-04T06:02:22.548738
amazon,B0F8F5YKMZ,KEMT FASHION,KEMT FASHION,Women's Shoes,EGP 275.00,,,3.5,,,,,,,https://m.media-amazon.com/images/I/516UpB9TguL._AC_UL320_.jpg,https://m.media-amazon.com/images/I/516UpB9TguL._AC_UL320_.jpg,,,,,,,,,,,https://www.amazon.eg/dp/B0F8F5YKMZ,2026-06-04T06:02:22.549224
amazon,B0CKS12T1J,adidas,adidas,Women's Shoes,"EGP 2,591.46","EGP 3,999.00",,3.6,List:,,,,,,https://m.media-amazon.com/images/I/71KO48-EO2L._AC_UL320_.jpg,https://m.media-amazon.com/images/I/71KO48-EO2L._AC_UL320_.jpg,,,,,,,,,,,https://www.amazon.eg/dp/B0CKS12T1J,2026-06-04T06:02:25.620858
amazon,B0FDL5BNMM,Anta,Anta,Women's Shoes,"EGP 2,142.00",,,3.3,,,,,,,https://m.media-amazon.com/images/I/61CJ8tE0qML._AC_UL320_.jpg,https://m.media-amazon.com/images/I/61CJ8tE0qML._AC_UL320_.jpg,,,,,,,,,,,https://www.amazon.eg/dp/B0FDL5BNMM,2026-06-04T06:02:25.623390
amazon,B0FKHBHNXY,adidas,adidas,Women's Shoes,"EGP 4,996.05",,,,,,,,,,https://m.media-amazon.com/images/I/61TlT+uBFKL._AC_UL320_.jpg,https://m.media-amazon.com/images/I/61TlT+uBFKL._AC_UL320_.jpg,,,,,,,,,,,https://www.amazon.eg/dp/B0FKHBHNXY,2026-06-04T06:02:25.624757
amazon,B0DBVLH5FW,Mintra,Mintra,Women's Shoes,"EGP 1,014.00","EGP 1,499.00",,4.2,List:,,,,,,https://m.media-amazon.com/images/I/61Djhf3ftRL._AC_UL320_.jpg,https://m.media-amazon.com/images/I/61Djhf3ftRL._AC_UL320_.jpg,,,,,,,,,,,https://www.amazon.eg/dp/B0DBVLH5FW,2026-06-04T06:02:25.628187
amazon,B0FPBSYKRQ,Now Shoes,Now Shoes,Women's Shoes,EGP 650.00,,,3.6,,,,,,,https://m.media-amazon.com/images/I/81bcO-HzRCL._AC_UL320_.jpg,https://m.media-amazon.com/images/I/81bcO-HzRCL._AC_UL320_.jpg,,,,,,,,,,,https://www.amazon.eg/dp/B0FPBSYKRQ,2026-06-04T06:02:25.628706
amazon,B0F63M73XY,ICE CLUB,ICE CLUB,Women's Shoes,EGP 499.00,,,3.3,,,,,,,https://m.media-amazon.com/images/I/61xOI43AvWL._AC_UL320_.jpg,https://m.media-amazon.com/images/I/61xOI43AvWL._AC_UL320_.jpg,,,,,,,,,,,https://www.amazon.eg/dp/B0F63M73XY,2026-06-04T06:02:25.634250
amazon,B0F7QK2SJX,adidas,adidas,Women's Shoes,"EGP 6,069.00",,,1.0,,,,,,,https://m.media-amazon.com/images/I/51owG7rQn2L._AC_UL320_.jpg,https://m.media-amazon.com/images/I/51owG7rQn2L._AC_UL320_.jpg,,,,,,,,,,,https://www.amazon.eg/dp/B0F7QK2SJX,2026-06-04T06:02:25.635248
amazon,B0FXXRW8QW,B&W,B&W,Women's Shoes,EGP 377.00,EGP 560.00,,5.0,List:,,,,,,https://m.media-amazon.com/images/I/51n+KCfm-fL._AC_UL320_.jpg,https://m.media-amazon.com/images/I/51n+KCfm-fL._AC_UL320_.jpg,,,,,,,,,,,https://www.amazon.eg/dp/B0FXXRW8QW,2026-06-04T06:02:25.636216
amazon,B0G1N6KQKL,dejAVU,dejAVU,Women's Shoes,"EGP 1,020.00","EGP 1,299.00",,,List:,,,,,,https://m.media-amazon.com/images/I/61CeTjAZn2L._AC_UL320_.jpg,https://m.media-amazon.com/images/I/61CeTjAZn2L._AC_UL320_.jpg,,,,,,,,,,,https://www.amazon.eg/dp/B0G1N6KQKL,2026-06-04T06:02:25.637145
amazon,B0F7XTNT52,Women's Leather Flat Shoes,,Women's Shoes,EGP 279.00,,,3.5,,,,,,,https://m.media-amazon.com/images/I/412mI-4y6hL._AC_UL320_.jpg,https://m.media-amazon.com/images/I/412mI-4y6hL._AC_UL320_.jpg,,,,,,,,,,,https://www.amazon.eg/dp/B0F7XTNT52,2026-06-04T06:02:25.637580
amazon,B0GZ3DDC62,"Women casual sneaker - Ultra-Soft, Lightweight for Running & Walking with EVA Shock-Absorbing Sole & Breathable Mesh for Superior Comfort. High-Quality Imported Materials - Model 515.",,Women's Shoes,EGP 650.00,,,,,,,,,,https://m.media-amazon.com/images/I/710xpmSlVmL._AC_UL320_.jpg,https://m.media-amazon.com/images/I/710xpmSlVmL._AC_UL320_.jpg,,,,,,,,,,,https://www.amazon.eg/dp/B0GZ3DDC62,2026-06-04T06:02:25.638916
amazon,B0FPBVGTHN,Now Shoes,Now Shoes,Women's Shoes,EGP 599.00,,,3.2,,,,,,,https://m.media-amazon.com/images/I/81KwhwhdqDL._AC_UL320_.jpg,https://m.media-amazon.com/images/I/81KwhwhdqDL._AC_UL320_.jpg,,,,,,,,,,,https://www.amazon.eg/dp/B0FPBVGTHN,2026-06-04T06:02:25.640334
amazon,B0FXXRVD3P,B&W,B&W,Women's Shoes,EGP 560.00,,,,,,,,,,https://m.media-amazon.com/images/I/61+4U-EIuKL._AC_UL320_.jpg,https://m.media-amazon.com/images/I/61+4U-EIuKL._AC_UL320_.jpg,,,,,,,,,,,https://www.amazon.eg/dp/B0FXXRVD3P,2026-06-04T06:02:25.645323
amazon,B0CNKMKJJC,slip on shoes for women 2024,,Women's Shoes,EGP 220.50,,,3.7,,,,,,,https://m.media-amazon.com/images/I/51yjPl4UMxL._AC_UL320_.jpg,https://m.media-amazon.com/images/I/51yjPl4UMxL._AC_UL320_.jpg,,,,,,,,,,,https://www.amazon.eg/dp/B0CNKMKJJC,2026-06-04T06:02:25.645828
amazon,B0G2BGP81R,Comfortable Slip On Shoes for Women and Men 2026 Everyday Shoes,,Women's Shoes,EGP 204.75,,,4.0,,,,,,,https://m.media-amazon.com/images/I/619MQIoOqYL._AC_UL320_.jpg,https://m.media-amazon.com/images/I/619MQIoOqYL._AC_UL320_.jpg,,,,,,,,,,,https://www.amazon.eg/dp/B0G2BGP81R,2026-06-04T06:02:25.646875
amazon,B0D911XNL3,Women's Knitted Flat Shoes - From 37 to 43,,Women's Shoes,EGP 450.00,,,4.3,,,,,,,https://m.media-amazon.com/images/I/71zRVoeclZL._AC_UL320_.jpg,https://m.media-amazon.com/images/I/71zRVoeclZL._AC_UL320_.jpg,,,,,,,,,,,https://www.amazon.eg/dp/B0D911XNL3,2026-06-04T06:02:29.511812
amazon,B0DQD4DKPB,adidas,adidas,Women's Shoes,"EGP 2,267.37","EGP 3,599.00",,4.2,List:,,,,,,https://m.media-amazon.com/images/I/71L8sPQo3lL._AC_UL320_.jpg,https://m.media-amazon.com/images/I/71L8sPQo3lL._AC_UL320_.jpg,,,,,,,,,,,https://www.amazon.eg/dp/B0DQD4DKPB,2026-06-04T06:02:29.515058
amazon,B0BQJW2XHJ,adidas,adidas,Women's Shoes,"EGP 2,715.00",,,3.9,,,,,,,https://m.media-amazon.com/images/I/61Th6xEQDuL._AC_UL320_.jpg,https://m.media-amazon.com/images/I/61Th6xEQDuL._AC_UL320_.jpg,,,,,,,,,,,https://www.amazon.eg/dp/B0BQJW2XHJ,2026-06-04T06:02:29.515490
amazon,B0D5SFTP2Y,Reebok,Reebok,Women's Shoes,"EGP 2,539.31","EGP 3,619.00",,3.6,List:,,,,,,https://m.media-amazon.com/images/I/71S8erGUCjL._AC_UL320_.jpg,https://m.media-amazon.com/images/I/71S8erGUCjL._AC_UL320_.jpg,,,,,,,,,,,https://www.amazon.eg/dp/B0D5SFTP2Y,2026-06-04T06:02:29.516038
amazon,B0F63HVXF8,dejAVU,dejAVU,Women's Shoes,"EGP 1,068.04",,,4.8,,,,,,,https://m.media-amazon.com/images/I/61+k-eSSfqL._AC_UL320_.jpg,https://m.media-amazon.com/images/I/61+k-eSSfqL._AC_UL320_.jpg,,,,,,,,,,,https://www.amazon.eg/dp/B0F63HVXF8,2026-06-04T06:02:29.516497
amazon,B0FDL5HZKN,Anta,Anta,Women's Shoes,"EGP 3,051.00",,,5.0,,,,,,,https://m.media-amazon.com/images/I/61k7FUq227L._AC_UL320_.jpg,https://m.media-amazon.com/images/I/61k7FUq227L._AC_UL320_.jpg,,,,,,,,,,,https://www.amazon.eg/dp/B0FDL5HZKN,2026-06-04T06:02:29.516972
amazon,B0D6ZDJJR9,Reebok,Reebok,Women's Shoes,"EGP 2,190.00",,,4.3,,,,,,,https://m.media-amazon.com/images/I/51oVSGXdMeL._AC_UL320_.jpg,https://m.media-amazon.com/images/I/51oVSGXdMeL._AC_UL320_.jpg,,,,,,,,,,,https://www.amazon.eg/dp/B0D6ZDJJR9,2026-06-04T06:02:29.517467
amazon,B0DHGLXKHW,adidas,adidas,Women's Shoes,"EGP 3,328.00",,,4.4,,,,,,,https://m.media-amazon.com/images/I/71WKLGmXY2L._AC_UL320_.jpg,https://m.media-amazon.com/images/I/71WKLGmXY2L._AC_UL320_.jpg,,,,,,,,,,,https://www.amazon.eg/dp/B0DHGLXKHW,2026-06-04T06:02:29.517996
amazon,B0DL6LKTPJ,adidas,adidas,Women's Shoes,"EGP 5,256.00",,,4.5,,,,,,,https://m.media-amazon.com/images/I/710fKbOlySL._AC_UL320_.jpg,https://m.media-amazon.com/images/I/710fKbOlySL._AC_UL320_.jpg,,,,,,,,,,,https://www.amazon.eg/dp/B0DL6LKTPJ,2026-06-04T06:02:29.518977
amazon,B0CZ7D3QZY,OX,OX,Women's Shoes,EGP 459.00,,,1.4,,,,,,,https://m.media-amazon.com/images/I/71rJ6pucywL._AC_UL320_.jpg,https://m.media-amazon.com/images/I/71rJ6pucywL._AC_UL320_.jpg,,,,,,,,,,,https://www.amazon.eg/dp/B0CZ7D3QZY,2026-06-04T06:02:29.519532
amazon,B0DZH6H6RJ,Skechers,Skechers,Women's Shoes,"EGP 3,800.00",,,4.5,,,,,,,https://m.media-amazon.com/images/I/31jqPmYzQBL._AC_UL320_.jpg,https://m.media-amazon.com/images/I/31jqPmYzQBL._AC_UL320_.jpg,,,,,,,,,,,https://www.amazon.eg/dp/B0DZH6H6RJ,2026-06-04T06:02:29.519956
amazon,B0CKS17BVK,adidas,adidas,Women's Shoes,"EGP 2,757.00","EGP 3,599.00",,4.3,List:,,,,,,https://m.media-amazon.com/images/I/61f8eHwkPWL._AC_UL320_.jpg,https://m.media-amazon.com/images/I/61f8eHwkPWL._AC_UL320_.jpg,,,,,,,,,,,https://www.amazon.eg/dp/B0CKS17BVK,2026-06-04T06:02:29.520430
amazon,B0FHHY4516,adidas,adidas,Women's Shoes,"EGP 1,469.24",,,5.0,,,,,,,https://m.media-amazon.com/images/I/5167g76bOhL._AC_UL320_.jpg,https://m.media-amazon.com/images/I/5167g76bOhL._AC_UL320_.jpg,,,,,,,,,,,https://www.amazon.eg/dp/B0FHHY4516,2026-06-04T06:02:29.520896
amazon,B0CYTDNZ23,adidas,adidas,Women's Shoes,"EGP 2,599.87",,,2.8,,,,,,,https://m.media-amazon.com/images/I/61S6uP3SgWL._AC_UL320_.jpg,https://m.media-amazon.com/images/I/61S6uP3SgWL._AC_UL320_.jpg,,,,,,,,,,,https://www.amazon.eg/dp/B0CYTDNZ23,2026-06-04T06:02:29.521305
amazon,B0CQRS985C,Reebok,Reebok,Women's Shoes,"EGP 1,802.50",,,3.3,,,,,,,https://m.media-amazon.com/images/I/41YdaHSMNML._AC_UL320_.jpg,https://m.media-amazon.com/images/I/41YdaHSMNML._AC_UL320_.jpg,,,,,,,,,,,https://www.amazon.eg/dp/B0CQRS985C,2026-06-04T06:02:29.522342
amazon,B0F3HN1ZCR,adidas,adidas,Women's Shoes,"EGP 2,414.00","EGP 4,049.00",,4.0,List:,,,,,,https://m.media-amazon.com/images/I/71gc4xf77sL._AC_UL320_.jpg,https://m.media-amazon.com/images/I/71gc4xf77sL._AC_UL320_.jpg,,,,,,,,,,,https://www.amazon.eg/dp/B0F3HN1ZCR,2026-06-04T06:02:29.522877
amazon,B0D5SM78BT,Reebok,Reebok,Women's Shoes,"EGP 3,177.00",,,1.5,,,,,,,https://m.media-amazon.com/images/I/81Ok3YJC6UL._AC_UL320_.jpg,https://m.media-amazon.com/images/I/81Ok3YJC6UL._AC_UL320_.jpg,,,,,,,,,,,https://www.amazon.eg/dp/B0D5SM78BT,2026-06-04T06:02:29.523296
amazon,B0BG5KQPXF,Reebok,Reebok,Women's Shoes,"EGP 2,129.40","EGP 3,499.00",,4.7,List:,,,,,,https://m.media-amazon.com/images/I/411iowzHOLL._AC_UL320_.jpg,https://m.media-amazon.com/images/I/411iowzHOLL._AC_UL320_.jpg,,,,,,,,,,,https://www.amazon.eg/dp/B0BG5KQPXF,2026-06-04T06:02:29.523830
amazon,B0C5Y5383V,ASICS,ASICS,Women's Shoes,"EGP 6,988.00",,,4.6,,,,,,,https://m.media-amazon.com/images/I/614VJ8RBseL._AC_UL320_.jpg,https://m.media-amazon.com/images/I/614VJ8RBseL._AC_UL320_.jpg,,,,,,,,,,,https://www.amazon.eg/dp/B0C5Y5383V,2026-06-04T06:02:29.524386
amazon,B0DQQFQBJD,Reebok,Reebok,Women's Shoes,"EGP 2,190.00","EGP 3,899.00",,4.5,List:,,,,,,https://m.media-amazon.com/images/I/71BQpgBr+8L._AC_UL320_.jpg,https://m.media-amazon.com/images/I/71BQpgBr+8L._AC_UL320_.jpg,,,,,,,,,,,https://www.amazon.eg/dp/B0DQQFQBJD,2026-06-04T06:02:29.524931
amazon,B0D5BRFDFC,Reebok,Reebok,Women's Shoes,"EGP 3,874.00",,,4.2,,,,,,,https://m.media-amazon.com/images/I/717FaSlkBYL._AC_UL320_.jpg,https://m.media-amazon.com/images/I/717FaSlkBYL._AC_UL320_.jpg,,,,,,,,,,,https://www.amazon.eg/dp/B0D5BRFDFC,2026-06-04T06:02:29.525424
amazon,B0FXXT8TC9,B&W,B&W,Women's Shoes,EGP 377.00,,,,,,,,,,https://m.media-amazon.com/images/I/51RP22u0t8L._AC_UL320_.jpg,https://m.media-amazon.com/images/I/51RP22u0t8L._AC_UL320_.jpg,,,,,,,,,,,https://www.amazon.eg/dp/B0FXXT8TC9,2026-06-04T06:02:29.525837
amazon,B0DLV8ZTZH,New Balance,New Balance,Women's Shoes,"EGP 3,843.91",,,4.4,,,,,,,https://m.media-amazon.com/images/I/41b4aN9XELL._AC_UL320_.jpg,https://m.media-amazon.com/images/I/41b4aN9XELL._AC_UL320_.jpg,,,,,,,,,,,https://www.amazon.eg/dp/B0DLV8ZTZH,2026-06-04T06:02:29.526264
amazon,B0GYZBVB3H,Women's Slip On Casual Shoes - Comfortable Mesh Material With Flexible Sole - Black - Sizes (37-41),,Women's Shoes,EGP 249.99,,,,,,,,,,https://m.media-amazon.com/images/I/71pp8mmtAFL._AC_UL320_.jpg,https://m.media-amazon.com/images/I/71pp8mmtAFL._AC_UL320_.jpg,,,,,,,,,,,https://www.amazon.eg/dp/B0GYZBVB3H,2026-06-04T06:02:29.526640
amazon,B0DL7B56NK,adidas,adidas,Women's Shoes,"EGP 3,450.00","EGP 4,049.00",,4.2,List:,,,,,,https://m.media-amazon.com/images/I/61G2nrxv7dL._AC_UL320_.jpg,https://m.media-amazon.com/images/I/61G2nrxv7dL._AC_UL320_.jpg,,,,,,,,,,,https://www.amazon.eg/dp/B0DL7B56NK,2026-06-04T06:02:29.527119
amazon,B0DHW1V7H4,adidas,adidas,Women's Shoes,"EGP 1,780.00",,,4.4,,,,,,,https://m.media-amazon.com/images/I/61RLA5kkGWL._AC_UL320_.jpg,https://m.media-amazon.com/images/I/61RLA5kkGWL._AC_UL320_.jpg,,,,,,,,,,,https://www.amazon.eg/dp/B0DHW1V7H4,2026-06-04T06:02:29.527662
amazon,B0FBMG9ZY1,adidas,adidas,Women's Shoes,"EGP 2,992.00",,,5.0,,,,,,,https://m.media-amazon.com/images/I/61MCq3i-eyL._AC_UL320_.jpg,https://m.media-amazon.com/images/I/61MCq3i-eyL._AC_UL320_.jpg,,,,,,,,,,,https://www.amazon.eg/dp/B0FBMG9ZY1,2026-06-04T06:02:29.528119
amazon,B0DQD1Q38H,adidas,adidas,Women's Shoes,"EGP 3,278.82",,,4.5,,,,,,,https://m.media-amazon.com/images/I/61VnfxWzmTL._AC_UL320_.jpg,https://m.media-amazon.com/images/I/61VnfxWzmTL._AC_UL320_.jpg,,,,,,,,,,,https://www.amazon.eg/dp/B0DQD1Q38H,2026-06-04T06:02:29.528605
amazon,B0FDL95HN5,Anta,Anta,Women's Shoes,"EGP 2,746.00",,,1.0,,,,,,,https://m.media-amazon.com/images/I/61YZyR+cOVL._AC_UL320_.jpg,https://m.media-amazon.com/images/I/61YZyR+cOVL._AC_UL320_.jpg,,,,,,,,,,,https://www.amazon.eg/dp/B0FDL95HN5,2026-06-04T06:02:29.529067
amazon,B0DL6ZK7L7,adidas,adidas,Women's Shoes,"EGP 3,500.00","EGP 4,049.00",,3.6,List:,,,,,,https://m.media-amazon.com/images/I/61IwKlAK8iL._AC_UL320_.jpg,https://m.media-amazon.com/images/I/61IwKlAK8iL._AC_UL320_.jpg,,,,,,,,,,,https://www.amazon.eg/dp/B0DL6ZK7L7,2026-06-04T06:02:29.529555
amazon,B0CYTC2CBY,adidas,adidas,Women's Shoes,"EGP 2,274.00","EGP 3,199.00",,4.6,List:,,,,,,https://m.media-amazon.com/images/I/7143y8h2nuL._AC_UL320_.jpg,https://m.media-amazon.com/images/I/7143y8h2nuL._AC_UL320_.jpg,,,,,,,,,,,https://www.amazon.eg/dp/B0CYTC2CBY,2026-06-04T06:02:29.530118
amazon,B0FCJQJ4ND,adidas,adidas,Women's Shoes,"EGP 3,700.92",,,,,,,,,,https://m.media-amazon.com/images/I/71Vw3T4n2vL._AC_UL320_.jpg,https://m.media-amazon.com/images/I/71Vw3T4n2vL._AC_UL320_.jpg,,,,,,,,,,,https://www.amazon.eg/dp/B0FCJQJ4ND,2026-06-04T06:02:29.530491
amazon,B0CGZZWLTJ,Xo Style,Xo Style,Women's Shoes,"EGP 1,349.00",,,3.6,,,,,,,https://m.media-amazon.com/images/I/71N6uV762SL._AC_UL320_.jpg,https://m.media-amazon.com/images/I/71N6uV762SL._AC_UL320_.jpg,,,,,,,,,,,https://www.amazon.eg/dp/B0CGZZWLTJ,2026-06-04T06:02:29.530921
amazon,B0CRWLJ3SS,adidas,adidas,Women's Shoes,"EGP 3,181.00",,,4.6,,,,,,,https://m.media-amazon.com/images/I/61gbqj0AtYL._AC_UL320_.jpg,https://m.media-amazon.com/images/I/61gbqj0AtYL._AC_UL320_.jpg,,,,,,,,,,,https://www.amazon.eg/dp/B0CRWLJ3SS,2026-06-04T06:02:29.531336
amazon,B0H23Y35RT,Project Z,Project Z,Women's Shoes,EGP 249.99,,,,,,,,,,https://m.media-amazon.com/images/I/51WIh0MHtdL._AC_UL320_.jpg,https://m.media-amazon.com/images/I/51WIh0MHtdL._AC_UL320_.jpg,,,,,,,,,,,https://www.amazon.eg/dp/B0H23Y35RT,2026-06-04T06:02:29.531709
amazon,B0FCHVJF6H,adidas,adidas,Women's Shoes,"EGP 3,055.00",,,5.0,,,,,,,https://m.media-amazon.com/images/I/71qWv74TtNL._AC_UL320_.jpg,https://m.media-amazon.com/images/I/71qWv74TtNL._AC_UL320_.jpg,,,,,,,,,,,https://www.amazon.eg/dp/B0FCHVJF6H,2026-06-04T06:02:29.532120
amazon,B0DLVCNWTN,New Balance,New Balance,Women's Shoes,"EGP 3,140.82",,,5.0,,,,,,,https://m.media-amazon.com/images/I/71TV8kopn9L._AC_UL320_.jpg,https://m.media-amazon.com/images/I/71TV8kopn9L._AC_UL320_.jpg,,,,,,,,,,,https://www.amazon.eg/dp/B0DLVCNWTN,2026-06-04T06:02:29.532547
amazon,B0G2548HJ6,BASTET,BASTET,Women's Shoes,EGP 550.00,,,,,,,,,,https://m.media-amazon.com/images/I/41a9ShSuXDL._AC_UL320_.jpg,https://m.media-amazon.com/images/I/41a9ShSuXDL._AC_UL320_.jpg,,,,,,,,,,,https://www.amazon.eg/dp/B0G2548HJ6,2026-06-04T06:02:32.763435
amazon,B0D6911G3B,Reebok,Reebok,Women's Shoes,"EGP 3,139.00",,,4.5,,,,,,,https://m.media-amazon.com/images/I/81izcsjQeLL._AC_UL320_.jpg,https://m.media-amazon.com/images/I/81izcsjQeLL._AC_UL320_.jpg,,,,,,,,,,,https://www.amazon.eg/dp/B0D6911G3B,2026-06-04T06:02:32.766963
amazon,B0BTDTSH7P,Tobaco Women's Casual Shoes Leather 402,,Women's Shoes,EGP 255.00,,,3.7,,,,,,,https://m.media-amazon.com/images/I/51pDVM5tarL._AC_UL320_.jpg,https://m.media-amazon.com/images/I/51pDVM5tarL._AC_UL320_.jpg,,,,,,,,,,,https://www.amazon.eg/dp/B0BTDTSH7P,2026-06-04T06:02:32.767487
amazon,B0DL75NDQK,adidas,adidas,Women's Shoes,"EGP 2,225.00",,,3.9,,,,,,,https://m.media-amazon.com/images/I/61yycAsdqfL._AC_UL320_.jpg,https://m.media-amazon.com/images/I/61yycAsdqfL._AC_UL320_.jpg,,,,,,,,,,,https://www.amazon.eg/dp/B0DL75NDQK,2026-06-04T06:02:32.768023
amazon,B0CNX87DNH,Reebok,Reebok,Women's Shoes,"EGP 3,137.09",,,3.5,,,,,,,https://m.media-amazon.com/images/I/416jxq-S5GL._AC_UL320_.jpg,https://m.media-amazon.com/images/I/416jxq-S5GL._AC_UL320_.jpg,,,,,,,,,,,https://www.amazon.eg/dp/B0CNX87DNH,2026-06-04T06:02:32.768482
amazon,B0FHKZHC2P,adidas,adidas,Women's Shoes,"EGP 3,139.00",,,5.0,,,,,,,https://m.media-amazon.com/images/I/71LAMxHkJ7L._AC_UL320_.jpg,https://m.media-amazon.com/images/I/71LAMxHkJ7L._AC_UL320_.jpg,,,,,,,,,,,https://www.amazon.eg/dp/B0FHKZHC2P,2026-06-04T06:02:32.768971
amazon,B0BMW2N2YR,Skechers,Skechers,Women's Shoes,"EGP 3,500.00",,,4.6,,,,,,,https://m.media-amazon.com/images/I/71xYtBEaTlL._AC_UL320_.jpg,https://m.media-amazon.com/images/I/71xYtBEaTlL._AC_UL320_.jpg,,,,,,,,,,,https://www.amazon.eg/dp/B0BMW2N2YR,2026-06-04T06:02:32.769415
amazon,B0G3M9MJS4,Women's Low Heel Classic Chic Shoes - Comfortable Non-Slip Sole,,Women's Shoes,EGP 525.00,,,,,,,,,,https://m.media-amazon.com/images/I/41h+8d7kRQL._AC_UL320_.jpg,https://m.media-amazon.com/images/I/41h+8d7kRQL._AC_UL320_.jpg,,,,,,,,,,,https://www.amazon.eg/dp/B0G3M9MJS4,2026-06-04T06:02:32.769790
amazon,B0FHRDF8TC,grinta,grinta,Women's Shoes,EGP 279.00,,,5.0,,,,,,,https://m.media-amazon.com/images/I/51kmrIBsbWL._AC_UL320_.jpg,https://m.media-amazon.com/images/I/51kmrIBsbWL._AC_UL320_.jpg,,,,,,,,,,,https://www.amazon.eg/dp/B0FHRDF8TC,2026-06-04T06:02:32.770201
amazon,B0FHJVMMS9,adidas,adidas,Women's Shoes,"EGP 4,049.00",,,,,,,,,,https://m.media-amazon.com/images/I/51O+R8+hVdL._AC_UL320_.jpg,https://m.media-amazon.com/images/I/51O+R8+hVdL._AC_UL320_.jpg,,,,,,,,,,,https://www.amazon.eg/dp/B0FHJVMMS9,2026-06-04T06:02:32.770579
amazon,B0GK1FP2D3,LC WAIKIKI,LC WAIKIKI,Girls Fashion,EGP 399.00,,,5.0,,,,,,,https://m.media-amazon.com/images/I/71b-+rbhG0L._AC_UL320_.jpg,https://m.media-amazon.com/images/I/71b-+rbhG0L._AC_UL320_.jpg,,,,,,,,,,,https://www.amazon.eg/dp/B0GK1FP2D3,2026-06-04T06:02:29.449287
amazon,B0GK1K88ZQ,LC WAIKIKI,LC WAIKIKI,Girls Fashion,EGP 361.00,EGP 599.00,,3.9,List:,,,,,,https://m.media-amazon.com/images/I/716KdQv-AVL._AC_UL320_.jpg,https://m.media-amazon.com/images/I/716KdQv-AVL._AC_UL320_.jpg,,,,,,,,,,,https://www.amazon.eg/dp/B0GK1K88ZQ,2026-06-04T06:02:29.449991
amazon,B0GWY396BP,Meza,Meza,Girls Fashion,EGP 399.00,,,2.5,,,,,,,https://m.media-amazon.com/images/I/719R3xwsy0L._AC_UL320_.jpg,https://m.media-amazon.com/images/I/719R3xwsy0L._AC_UL320_.jpg,,,,,,,,,,,https://www.amazon.eg/dp/B0GWY396BP,2026-06-04T06:02:29.450665
amazon,B0F6WK5BG4,Meza,Meza,Girls Fashion,EGP 299.00,,,3.8,,,,,,,https://m.media-amazon.com/images/I/61MrsqJ9PcL._AC_UL320_.jpg,https://m.media-amazon.com/images/I/61MrsqJ9PcL._AC_UL320_.jpg,,,,,,,,,,,https://www.amazon.eg/dp/B0F6WK5BG4,2026-06-04T06:02:29.451272
amazon,B0GK228JVW,LC WAIKIKI,LC WAIKIKI,Girls Fashion,EGP 350.00,,,4.0,,,,,,,https://m.media-amazon.com/images/I/61OJe4H0RtL._AC_UL320_.jpg,https://m.media-amazon.com/images/I/61OJe4H0RtL._AC_UL320_.jpg,,,,,,,,,,,https://www.amazon.eg/dp/B0GK228JVW,2026-06-04T06:02:29.451808
amazon,B0G4X5618P,LC WAIKIKI,LC WAIKIKI,Girls Fashion,EGP 290.00,,,2.4,,,,,,,https://m.media-amazon.com/images/I/71HW3vW2uwL._AC_UL320_.jpg,https://m.media-amazon.com/images/I/71HW3vW2uwL._AC_UL320_.jpg,,,,,,,,,,,https://www.amazon.eg/dp/B0G4X5618P,2026-06-04T06:02:29.452327
amazon,B0G4X3HKVZ,LC WAIKIKI,LC WAIKIKI,Girls Fashion,EGP 384.00,EGP 699.00,,3.8,List:,,,,,,https://m.media-amazon.com/images/I/71HylLmw83L._AC_UL320_.jpg,https://m.media-amazon.com/images/I/71HylLmw83L._AC_UL320_.jpg,,,,,,,,,,,https://www.amazon.eg/dp/B0G4X3HKVZ,2026-06-04T06:02:29.453028
amazon,B0FK5L9WBC,Nileton,Nileton,Girls Fashion,EGP 395.00,,,4.6,,,,,,,https://m.media-amazon.com/images/I/51QVxI3eoKL._AC_UL320_.jpg,https://m.media-amazon.com/images/I/51QVxI3eoKL._AC_UL320_.jpg,,,,,,,,,,,https://www.amazon.eg/dp/B0FK5L9WBC,2026-06-04T06:02:29.453672
amazon,B0F9TCTSR7,AJYAL,AJYAL,Girls Fashion,EGP 200.00,,,4.2,,,,,,,https://m.media-amazon.com/images/I/31uEJ-2bRnL._AC_UL320_.jpg,https://m.media-amazon.com/images/I/31uEJ-2bRnL._AC_UL320_.jpg,,,,,,,,,,,https://www.amazon.eg/dp/B0F9TCTSR7,2026-06-04T06:02:29.454388
amazon,B0GVJV9TCP,LC WAIKIKI,LC WAIKIKI,Girls Fashion,EGP 194.00,,,,,,,,,,https://m.media-amazon.com/images/I/61I5Ghc8uTL._AC_UL320_.jpg,https://m.media-amazon.com/images/I/61I5Ghc8uTL._AC_UL320_.jpg,,,,,,,,,,,https://www.amazon.eg/dp/B0GVJV9TCP,2026-06-04T06:02:29.454940
amazon,B0B4PRLGXL,Charmaine,Charmaine,Girls Fashion,EGP 182.00,,,4.4,,,,,,,https://m.media-amazon.com/images/I/51rP1GGGBTL._AC_UL320_.jpg,https://m.media-amazon.com/images/I/51rP1GGGBTL._AC_UL320_.jpg,,,,,,,,,,,https://www.amazon.eg/dp/B0B4PRLGXL,2026-06-04T06:02:29.455571
amazon,B0F55VMQQN,Meza,Meza,Girls Fashion,EGP 389.00,,,3.1,,,,,,,https://m.media-amazon.com/images/I/61NjF+rONjL._AC_UL320_.jpg,https://m.media-amazon.com/images/I/61NjF+rONjL._AC_UL320_.jpg,,,,,,,,,,,https://www.amazon.eg/dp/B0F55VMQQN,2026-06-04T06:02:29.456184
amazon,B0GRW4PZVX,Meza,Meza,Girls Fashion,EGP 279.00,,,3.2,,,,,,,https://m.media-amazon.com/images/I/71Gfnafob7L._AC_UL320_.jpg,https://m.media-amazon.com/images/I/71Gfnafob7L._AC_UL320_.jpg,,,,,,,,,,,https://www.amazon.eg/dp/B0GRW4PZVX,2026-06-04T06:02:29.456695
amazon,B0F6WG8RC1,Meza,Meza,Girls Fashion,EGP 299.00,,,3.8,,,,,,,https://m.media-amazon.com/images/I/61CYySuhpWL._AC_UL320_.jpg,https://m.media-amazon.com/images/I/61CYySuhpWL._AC_UL320_.jpg,,,,,,,,,,,https://www.amazon.eg/dp/B0F6WG8RC1,2026-06-04T06:02:29.457283
amazon,B0GVBDS1VV,Elsayaad,Elsayaad,Girls Fashion,EGP 455.00,,,,,,,,,,https://m.media-amazon.com/images/I/71hrlmwDO0L._AC_UL320_.jpg,https://m.media-amazon.com/images/I/71hrlmwDO0L._AC_UL320_.jpg,,,,,,,,,,,https://www.amazon.eg/dp/B0GVBDS1VV,2026-06-04T06:02:29.457725
amazon,B0GK1MFGZ4,LC WAIKIKI,LC WAIKIKI,Girls Fashion,EGP 399.00,,,4.1,,,,,,,https://m.media-amazon.com/images/I/81YJ3xqFfuL._AC_UL320_.jpg,https://m.media-amazon.com/images/I/81YJ3xqFfuL._AC_UL320_.jpg,,,,,,,,,,,https://www.amazon.eg/dp/B0GK1MFGZ4,2026-06-04T06:02:29.458268
amazon,B0H1HZB2W8,Domeso,Domeso,Girls Fashion,EGP 449.00,,,,,,,,,,https://m.media-amazon.com/images/I/61Zu5PUg96L._AC_UL320_.jpg,https://m.media-amazon.com/images/I/61Zu5PUg96L._AC_UL320_.jpg,,,,,,,,,,,https://www.amazon.eg/dp/B0H1HZB2W8,2026-06-04T06:02:29.458720
amazon,B0FJ53XJ6M,AJYAL,AJYAL,Girls Fashion,EGP 260.00,,,4.5,,,,,,,https://m.media-amazon.com/images/I/41A8LGic1NL._AC_UL320_.jpg,https://m.media-amazon.com/images/I/41A8LGic1NL._AC_UL320_.jpg,,,,,,,,,,,https://www.amazon.eg/dp/B0FJ53XJ6M,2026-06-04T06:02:29.459388
amazon,B0FT98XJNV,LC WAIKIKI,LC WAIKIKI,Girls Fashion,EGP 384.00,,,5.0,,,,,,,https://m.media-amazon.com/images/I/71bBXydtVIL._AC_UL320_.jpg,https://m.media-amazon.com/images/I/71bBXydtVIL._AC_UL320_.jpg,,,,,,,,,,,https://www.amazon.eg/dp/B0FT98XJNV,2026-06-04T06:02:29.459948
amazon,B0GK1B9SX3,LC WAIKIKI,LC WAIKIKI,Girls Fashion,EGP 499.00,,,4.6,,,,,,,https://m.media-amazon.com/images/I/71l-XjLE0fL._AC_UL320_.jpg,https://m.media-amazon.com/images/I/71l-XjLE0fL._AC_UL320_.jpg,,,,,,,,,,,https://www.amazon.eg/dp/B0GK1B9SX3,2026-06-04T06:02:29.460455
amazon,B0FHQHVJSP,ROMBA SPORT,ROMBA SPORT,Girls Fashion,EGP 599.00,,,3.8,,,,,,,https://m.media-amazon.com/images/I/41zwLw-HRNL._AC_UL320_.jpg,https://m.media-amazon.com/images/I/41zwLw-HRNL._AC_UL320_.jpg,,,,,,,,,,,https://www.amazon.eg/dp/B0FHQHVJSP,2026-06-04T06:02:29.461015
amazon,B0F6X1RFML,Meza,Meza,Girls Fashion,EGP 299.00,,,3.8,,,,,,,https://m.media-amazon.com/images/I/61b3egyd1QL._AC_UL320_.jpg,https://m.media-amazon.com/images/I/61b3egyd1QL._AC_UL320_.jpg,,,,,,,,,,,https://www.amazon.eg/dp/B0F6X1RFML,2026-06-04T06:02:29.461582
amazon,B0F13TS23H,ROMBA SPORT,ROMBA SPORT,Girls Fashion,EGP 599.00,,,3.8,,,,,,,https://m.media-amazon.com/images/I/417BHCMwlkL._AC_UL320_.jpg,https://m.media-amazon.com/images/I/417BHCMwlkL._AC_UL320_.jpg,,,,,,,,,,,https://www.amazon.eg/dp/B0F13TS23H,2026-06-04T06:02:29.462121
amazon,B0DZ6YF3DB,ROMBA SPORT,ROMBA SPORT,Girls Fashion,EGP 599.00,,,3.8,,,,,,,https://m.media-amazon.com/images/I/51bd0yvmhZL._AC_UL320_.jpg,https://m.media-amazon.com/images/I/51bd0yvmhZL._AC_UL320_.jpg,,,,,,,,,,,https://www.amazon.eg/dp/B0DZ6YF3DB,2026-06-04T06:02:29.462637
amazon,B0G53ZKLFW,LC WAIKIKI,LC WAIKIKI,Girls Fashion,EGP 284.00,,,5.0,,,,,,,https://m.media-amazon.com/images/I/513RfW6AIVL._AC_UL320_.jpg,https://m.media-amazon.com/images/I/513RfW6AIVL._AC_UL320_.jpg,,,,,,,,,,,https://www.amazon.eg/dp/B0G53ZKLFW,2026-06-04T06:02:29.463165
amazon,B0G53XPJF7,LC WAIKIKI,LC WAIKIKI,Girls Fashion,EGP 314.00,,,3.6,,,,,,,https://m.media-amazon.com/images/I/71iFcT6evAL._AC_UL320_.jpg,https://m.media-amazon.com/images/I/71iFcT6evAL._AC_UL320_.jpg,,,,,,,,,,,https://www.amazon.eg/dp/B0G53XPJF7,2026-06-04T06:02:29.463671
amazon,B089Z69K3V,PUMA,PUMA,Girls Fashion,EGP 552.00,,,4.4,,,,,,,https://m.media-amazon.com/images/I/51-Q1DmqtmL._AC_UL320_.jpg,https://m.media-amazon.com/images/I/51-Q1DmqtmL._AC_UL320_.jpg,,,,,,,,,,,https://www.amazon.eg/dp/B089Z69K3V,2026-06-04T06:02:29.464526
amazon,B0FT9Y8VPT,LC WAIKIKI,LC WAIKIKI,Girls Fashion,EGP 329.00,EGP 359.00,,5.0,Was:,,,,,,https://m.media-amazon.com/images/I/81OlvL1oGgL._AC_UL320_.jpg,https://m.media-amazon.com/images/I/81OlvL1oGgL._AC_UL320_.jpg,,,,,,,,,,,https://www.amazon.eg/dp/B0FT9Y8VPT,2026-06-04T06:02:29.465152
amazon,B0FT99DBSK,LC WAIKIKI,LC WAIKIKI,Girls Fashion,EGP 296.00,EGP 322.00,,5.0,Was:,,,,,,https://m.media-amazon.com/images/I/71q4jE0o+XL._AC_UL320_.jpg,https://m.media-amazon.com/images/I/71q4jE0o+XL._AC_UL320_.jpg,,,,,,,,,,,https://www.amazon.eg/dp/B0FT99DBSK,2026-06-04T06:02:29.465792
amazon,B0GNMKFSTK,Meza,Meza,Girls Fashion,EGP 349.00,,,3.7,,,,,,,https://m.media-amazon.com/images/I/61AWleau0qL._AC_UL320_.jpg,https://m.media-amazon.com/images/I/61AWleau0qL._AC_UL320_.jpg,,,,,,,,,,,https://www.amazon.eg/dp/B0GNMKFSTK,2026-06-04T06:02:29.466395
amazon,B0H1HT142K,Domeso,Domeso,Girls Fashion,EGP 449.00,,,,,,,,,,https://m.media-amazon.com/images/I/618ZdBZa-HL._AC_UL320_.jpg,https://m.media-amazon.com/images/I/618ZdBZa-HL._AC_UL320_.jpg,,,,,,,,,,,https://www.amazon.eg/dp/B0H1HT142K,2026-06-04T06:02:29.466877
amazon,B0GNMX41FM,Meza,Meza,Girls Fashion,EGP 349.00,,,4.5,,,,,,,https://m.media-amazon.com/images/I/6116JugQBAL._AC_UL320_.jpg,https://m.media-amazon.com/images/I/6116JugQBAL._AC_UL320_.jpg,,,,,,,,,,,https://www.amazon.eg/dp/B0GNMX41FM,2026-06-04T06:02:29.467472
amazon,B0H16Z4FLS,Domeso,Domeso,Girls Fashion,EGP 385.00,,,5.0,,,,,,,https://m.media-amazon.com/images/I/61E4A7ZWMxL._AC_UL320_.jpg,https://m.media-amazon.com/images/I/61E4A7ZWMxL._AC_UL320_.jpg,,,,,,,,,,,https://www.amazon.eg/dp/B0H16Z4FLS,2026-06-04T06:02:29.468023
amazon,B0F6X5S4BD,Meza,Meza,Girls Fashion,EGP 299.00,,,3.8,,,,,,,https://m.media-amazon.com/images/I/61EB5mLFSbL._AC_UL320_.jpg,https://m.media-amazon.com/images/I/61EB5mLFSbL._AC_UL320_.jpg,,,,,,,,,,,https://www.amazon.eg/dp/B0F6X5S4BD,2026-06-04T06:02:29.468570
amazon,B0FTMLZR53,LC WAIKIKI,LC WAIKIKI,Girls Fashion,EGP 714.00,,,,,,,,,,https://m.media-amazon.com/images/I/61HM8pMRPSL._AC_UL320_.jpg,https://m.media-amazon.com/images/I/61HM8pMRPSL._AC_UL320_.jpg,,,,,,,,,,,https://www.amazon.eg/dp/B0FTMLZR53,2026-06-04T06:02:29.469065
amazon,B0GVJTPXJF,LC WAIKIKI,LC WAIKIKI,Girls Fashion,EGP 153.00,,,4.5,,,,,,,https://m.media-amazon.com/images/I/71zp1rzfv8L._AC_UL320_.jpg,https://m.media-amazon.com/images/I/71zp1rzfv8L._AC_UL320_.jpg,,,,,,,,,,,https://www.amazon.eg/dp/B0GVJTPXJF,2026-06-04T06:02:29.469567
amazon,B0GK1W7RG9,LC WAIKIKI,LC WAIKIKI,Girls Fashion,EGP 359.00,EGP 499.00,,5.0,List:,,,,,,https://m.media-amazon.com/images/I/81vhl02UecL._AC_UL320_.jpg,https://m.media-amazon.com/images/I/81vhl02UecL._AC_UL320_.jpg,,,,,,,,,,,https://www.amazon.eg/dp/B0GK1W7RG9,2026-06-04T06:02:29.470205
amazon,B0G4X42KMY,LC WAIKIKI,LC WAIKIKI,Girls Fashion,EGP 249.00,,,5.0,,,,,,,https://m.media-amazon.com/images/I/41IU--HOQ7L._AC_UL320_.jpg,https://m.media-amazon.com/images/I/41IU--HOQ7L._AC_UL320_.jpg,,,,,,,,,,,https://www.amazon.eg/dp/B0G4X42KMY,2026-06-04T06:02:29.470709
amazon,B0G53XN4SY,LC WAIKIKI,LC WAIKIKI,Girls Fashion,EGP 105.00,,,4.7,,,,,,,https://m.media-amazon.com/images/I/617soabE0QL._AC_UL320_.jpg,https://m.media-amazon.com/images/I/617soabE0QL._AC_UL320_.jpg,,,,,,,,,,,https://www.amazon.eg/dp/B0G53XN4SY,2026-06-04T06:02:29.471251
amazon,B0G5RKX152,Buongiorno,Buongiorno,Girls Fashion,EGP 263.70,,,3.5,,,,,,,https://m.media-amazon.com/images/I/312IFQhZH-L._AC_UL320_.jpg,https://m.media-amazon.com/images/I/312IFQhZH-L._AC_UL320_.jpg,,,,,,,,,,,https://www.amazon.eg/dp/B0G5RKX152,2026-06-04T06:02:29.471796
amazon,B0F13Z3B3W,ROMBA SPORT,ROMBA SPORT,Girls Fashion,EGP 599.00,,,3.8,,,,,,,https://m.media-amazon.com/images/I/41i4NJFeuAL._AC_UL320_.jpg,https://m.media-amazon.com/images/I/41i4NJFeuAL._AC_UL320_.jpg,,,,,,,,,,,https://www.amazon.eg/dp/B0F13Z3B3W,2026-06-04T06:02:29.472317
amazon,B0F9XPN5X5,Meza,Meza,Girls Fashion,EGP 449.00,,,3.5,,,,,,,https://m.media-amazon.com/images/I/71WjGreEYOL._AC_UL320_.jpg,https://m.media-amazon.com/images/I/71WjGreEYOL._AC_UL320_.jpg,,,,,,,,,,,https://www.amazon.eg/dp/B0F9XPN5X5,2026-06-04T06:02:29.472956
amazon,B0G4X3HHH5,LC WAIKIKI,LC WAIKIKI,Girls Fashion,EGP 329.00,,,5.0,,,,,,,https://m.media-amazon.com/images/I/710Hxw4ijWL._AC_UL320_.jpg,https://m.media-amazon.com/images/I/710Hxw4ijWL._AC_UL320_.jpg,,,,,,,,,,,https://www.amazon.eg/dp/B0G4X3HHH5,2026-06-04T06:02:29.473501
amazon,B0FXVFCPD2,LC WAIKIKI,LC WAIKIKI,Girls Fashion,EGP 233.00,,,3.8,,,,,,,https://m.media-amazon.com/images/I/515TOKy1vIL._AC_UL320_.jpg,https://m.media-amazon.com/images/I/515TOKy1vIL._AC_UL320_.jpg,,,,,,,,,,,https://www.amazon.eg/dp/B0FXVFCPD2,2026-06-04T06:02:29.474043
amazon,B0DSC5QT7L,Meza,Meza,Girls Fashion,EGP 479.00,,,2.7,,,,,,,https://m.media-amazon.com/images/I/615B4EyfXNL._AC_UL320_.jpg,https://m.media-amazon.com/images/I/615B4EyfXNL._AC_UL320_.jpg,,,,,,,,,,,https://www.amazon.eg/dp/B0DSC5QT7L,2026-06-04T06:02:29.474581
amazon,B0DYDZ6Q6F,lil Darlings,lil Darlings,Girls Fashion,EGP 160.00,,,4.3,,,,,,,https://m.media-amazon.com/images/I/5114sZWy0wL._AC_UL320_.jpg,https://m.media-amazon.com/images/I/5114sZWy0wL._AC_UL320_.jpg,,,,,,,,,,,https://www.amazon.eg/dp/B0DYDZ6Q6F,2026-06-04T06:02:29.475113
amazon,B0GJPY46WC,Elsayaad,Elsayaad,Girls Fashion,EGP 215.00,,,4.0,,,,,,,https://m.media-amazon.com/images/I/61c-TmzSOZL._AC_UL320_.jpg,https://m.media-amazon.com/images/I/61c-TmzSOZL._AC_UL320_.jpg,,,,,,,,,,,https://www.amazon.eg/dp/B0GJPY46WC,2026-06-04T06:02:29.475610
amazon,B0CD5WVS22,Dice,Dice,Girls Fashion,EGP 159.00,,,4.3,,,,,,,https://m.media-amazon.com/images/I/71EW8DvsqjL._AC_UL320_.jpg,https://m.media-amazon.com/images/I/71EW8DvsqjL._AC_UL320_.jpg,,,,,,,,,,,https://www.amazon.eg/dp/B0CD5WVS22,2026-06-04T06:02:29.476290
