platform,product_id,title,brand,category,current_price,original_price,discount,rating,reviews_count,availability,main_image,product_url,scraped_at
amazon,B0DWT49H2Z,Product B0DWT49H2Z,"Ariston Electric Water Heater, 50 Liters,White - RUBIS PRO 50 V EG",Sporting Goods,"EGP 3,499.00","EGP 4,903.00",,3.8,(66),In Stock,https://m.media-amazon.com/images/I/31nSBYcKeNL._AC_UL320_.jpg,https://www.amazon.eg/dp/B0DWT49H2Z,2026-06-02T08:07:35.947446
amazon,B07C2C2QPD,Product B07C2C2QPD,Bravecto for Ticks And Fleas 1000mg 20kg-40kg (1 Chew),Sporting Goods,"EGP 2,136.85",,,4.5,(50),In Stock,https://m.media-amazon.com/images/I/61WOWxTAbzL._AC_UL320_.jpg,https://www.amazon.eg/dp/B07C2C2QPD,2026-06-02T08:07:35.950570
amazon,B002DYIZEO,Product B002DYIZEO,"Optimum Nutrition (ON) Micronized Creatine Monohydrate Powder, Unflavored, 120 Servings, 600 Grams (Packaging May Vary)",Sporting Goods,"EGP 3,650.00",,,4.6,(47.8K),In Stock,https://m.media-amazon.com/images/I/71SGNJz5y8L._AC_UL320_.jpg,https://www.amazon.eg/dp/B002DYIZEO,2026-06-02T08:07:35.954041
amazon,B01KZO8Y2Q,Product B01KZO8Y2Q,Fresh Shabah Stand Fan 20 INCH,Sporting Goods,"EGP 2,249.00","EGP 2,472.00",,4.3,(765),In Stock,https://m.media-amazon.com/images/I/61EHFbwsi4L._AC_UL320_.jpg,https://www.amazon.eg/dp/B01KZO8Y2Q,2026-06-02T08:07:35.959131
amazon,B0C2877GJS,Product B0C2877GJS,Philips OneBlade Face + Body QP2824/10,Sporting Goods,"EGP 2,497.97",,,4.6,(7.1K),In Stock,https://m.media-amazon.com/images/I/61E6HI7zmpL._AC_UL320_.jpg,https://www.amazon.eg/dp/B0C2877GJS,2026-06-02T08:07:35.962407
amazon,B0FJMHHMHR,Product B0FJMHHMHR,Levi's Womens Women's Baggy Dad Barrel Jeans Jeans (pack of 1),Sporting Goods,"EGP 4,022.62",,,,EGP 4022.62EGP4022.62,In Stock,https://m.media-amazon.com/images/I/91OykehaXjL._AC_UL320_.jpg,https://www.amazon.eg/dp/B0FJMHHMHR,2026-06-02T08:07:35.965845
amazon,B0DHZTWGK6,Product B0DHZTWGK6,adidas mens BREAKNET 3.0 SHOES,Sporting Goods,"EGP 2,989.00","EGP 4,562.00",,4.4,(1.1K),In Stock,https://m.media-amazon.com/images/I/614l27rFBGL._AC_UL320_.jpg,https://www.amazon.eg/dp/B0DHZTWGK6,2026-06-02T08:07:35.971065
amazon,B0GM8XRM48,Product B0GM8XRM48,"DENX DX2911 Steam Cleaner – 15 in 1 – 1200W – 300KPA Steam Pressure – 350ml Water Tank – Portable Steam Cleaner for Floors, Glass, Kitchens, Bathrooms, Furnishings",Sporting Goods,"EGP 2,898.98",,,3.6,(3),In Stock,https://m.media-amazon.com/images/I/512-n7H9+vL._AC_UL320_.jpg,https://www.amazon.eg/dp/B0GM8XRM48,2026-06-02T08:07:35.974576
amazon,B0G449WC83,Product B0G449WC83,Afnan 9 Pm Night Out Edp 100 Ml,Sporting Goods,"EGP 2,005.45","EGP 2,200.00",,4.6,(968),In Stock,https://m.media-amazon.com/images/I/81w7DXX9upL._AC_UL320_.jpg,https://www.amazon.eg/dp/B0G449WC83,2026-06-02T08:07:35.978397
amazon,B0F7GG7RK5,Product B0F7GG7RK5,TOTAL Cordless pressure washer 24 bar 20V with 1 battery and charger TPWLI20362,Sporting Goods,"EGP 2,290.00","EGP 2,294.99",,4.5,(75),In Stock,https://m.media-amazon.com/images/I/41I1yLU3xyL._AC_UL320_.jpg,https://www.amazon.eg/dp/B0F7GG7RK5,2026-06-02T08:07:35.984265
amazon,B0922YYHYK,Product B0922YYHYK,Vichy Dercos Densi Solutions Hair Mass Recreating Concentrate100ml,Sporting Goods,"EGP 2,285.00",,,4.3,(39),In Stock,https://m.media-amazon.com/images/I/616SGMpr1uL._AC_UL320_.jpg,https://www.amazon.eg/dp/B0922YYHYK,2026-06-02T08:07:35.988010
amazon,B0GPW8TSPR,Product B0GPW8TSPR,"PRIME TECH Water dispenser PT-33 Free Standing Hot and Cold, 2 Taps, White",Sporting Goods,"EGP 3,699.00",,,3.9,(10),In Stock,https://m.media-amazon.com/images/I/51g0qf-ZOqL._AC_UL320_.jpg,https://www.amazon.eg/dp/B0GPW8TSPR,2026-06-02T08:07:35.991751
amazon,B0FPD3P38J,Product B0FPD3P38J,"Tab A9 (WiFi), (ROM: 3+9) 12GB+ RAM: 64G), ""10.1"" Inch, IPS LCD HD Display, 6580mAh Battery, Android 15 (Gray)",Sporting Goods,"EGP 4,944.00",,,2.9,(10),In Stock,https://m.media-amazon.com/images/I/41MoRMVaUgL._AC_UL320_.jpg,https://www.amazon.eg/dp/B0FPD3P38J,2026-06-02T08:07:35.996105
amazon,B08XS3D591,Product B08XS3D591,"Fresh stand electric fan shabah 18 inch with remote, FSF18",Sporting Goods,"EGP 2,076.00","EGP 2,298.00",,4.3,(668),In Stock,https://m.media-amazon.com/images/I/61dlI1WCBsL._AC_UL320_.jpg,https://www.amazon.eg/dp/B08XS3D591,2026-06-02T08:07:36.000374
amazon,B06XWZ41RT,Product B06XWZ41RT,Panasonic RF-2400D High Quality Digital Portable Radio AM FM - Black,Sporting Goods,"EGP 2,570.32",,,4.4,(9K),In Stock,https://m.media-amazon.com/images/I/51A0trhWnoL._AC_UL320_.jpg,https://www.amazon.eg/dp/B06XWZ41RT,2026-06-02T08:07:36.003522
amazon,B0F83VLY65,Product B0F83VLY65,"Dog Bark Deterrent Device 3X Anti Barking Device for Dogs, 5 Modes Stop Neighbors Dog Barks No More Safe for All Dogs 50FT Bark Control Indoor Outdoor with Flashlight,Rechargeable Training Device",Sporting Goods,"EGP 2,393.00",,,4.4,(2.3K),In Stock,https://m.media-amazon.com/images/I/71XGrhwkKQL._AC_UL320_.jpg,https://www.amazon.eg/dp/B0F83VLY65,2026-06-02T08:07:36.006782
amazon,B01KXFCSCE,Product B01KXFCSCE,Fresh Air Cooler Smart 72 Litres - FA-M60W,Sporting Goods,"EGP 4,710.00",,,3.9,(371),In Stock,https://m.media-amazon.com/images/I/61UnrsttjnL._AC_UL320_.jpg,https://www.amazon.eg/dp/B01KXFCSCE,2026-06-02T08:07:36.010458
amazon,B0DBLMZJRJ,Product B0DBLMZJRJ,GameSir Cyclone 2 PC Controller Mag-Res TMR Sticks 1000Hz Report Rate Hall & Micro 2-in-1 Triggers RGB Lighting with Charging Station for PC/Switch/iOS/Android (Black),Sporting Goods,"EGP 3,199.00",,,4.4,(1.7K),In Stock,https://m.media-amazon.com/images/I/719cBA09KZL._AC_UL320_.jpg,https://www.amazon.eg/dp/B0DBLMZJRJ,2026-06-02T08:07:36.013187
amazon,B0F3JWFL56,Product B0F3JWFL56,"XIAOMI TV Box S 3rd Gen EU – 4K UHD Streaming Media Player, Dolby Atmos & DTS:X, Wi-Fi, HDMI & Micro USB, Chromecast, Netflix/Disney+/Prime Video Support, Remote Control, Black",Sporting Goods,"EGP 3,440.00","EGP 3,545.00",,3.7,(3.4K),In Stock,https://m.media-amazon.com/images/I/519hH6oU4OL._AC_UL320_.jpg,https://www.amazon.eg/dp/B0F3JWFL56,2026-06-02T08:07:36.017468
amazon,B0DCNXSY24,Product B0DCNXSY24,"Philips Airfryer 1000 Series - 3.2L, 1300W, Rapid Air Technology, Analogue, Connected to HomeID App, Black - NA110/00",Sporting Goods,"EGP 3,290.00",,,4.5,(155),In Stock,https://m.media-amazon.com/images/I/510k+000dWL._AC_UL320_.jpg,https://www.amazon.eg/dp/B0DCNXSY24,2026-06-02T08:07:36.020981
amazon,B0DG5Z75F8,Product B0DG5Z75F8,"Xiaomi Redmi Watch 5 Lite Black features a 1.96"" AMOLED display, built-in GPS, Bluetooth calling, advanced health & workout tracking, and 18-day battery life | 1-year manufacturer warranty.",Sporting Goods,"EGP 2,698.00","EGP 3,192.00",,4.5,(7.9K),In Stock,https://m.media-amazon.com/images/I/71qq-p26D4L._AC_UL320_.jpg,https://www.amazon.eg/dp/B0DG5Z75F8,2026-06-02T08:07:36.025239
amazon,B0FMTSMDFL,Product B0FMTSMDFL,CASKA C200 Car Multimedia System (10 inch),Sporting Goods,"EGP 4,912.26",,,3.7,(7),In Stock,https://m.media-amazon.com/images/I/61ozocNh7dL._AC_UL320_.jpg,https://www.amazon.eg/dp/B0FMTSMDFL,2026-06-02T08:07:36.028435
amazon,B01KVAXKAU,Product B01KVAXKAU,Fresh Electric Water Heater Relax 50 Liters,Sporting Goods,"EGP 3,205.00","EGP 3,239.00",,4.4,(443),In Stock,https://m.media-amazon.com/images/I/511TQnwtnzL._AC_UL320_.jpg,https://www.amazon.eg/dp/B01KVAXKAU,2026-06-02T08:07:36.034031
amazon,B0FCS5SLLZ,Product B0FCS5SLLZ,"Samsung Galaxy Buds Core True Wireless Bluetooth Earbuds, Active Noise Cancellation, Secure Fit with Wingtip, Easy Pairing, Auto Switch, Touch Control, Black - 1 Year Warranty/Local Version",Sporting Goods,"EGP 2,599.00",,,4.2,(520),In Stock,https://m.media-amazon.com/images/I/61JSRj8-h7L._AC_UL320_.jpg,https://www.amazon.eg/dp/B0FCS5SLLZ,2026-06-02T08:07:36.038018
amazon,B09SJ1RQ2W,Product B09SJ1RQ2W,Ideal Standard B 1487 AA - BC 950 AA IdealStream Bath & Shower Mixer,Sporting Goods,"EGP 4,499.00",,,4.2,(54),In Stock,https://m.media-amazon.com/images/I/61BMBsB9EgL._AC_UL320_.jpg,https://www.amazon.eg/dp/B09SJ1RQ2W,2026-06-02T08:07:36.041597
amazon,B0B51CWCN7,Product B0B51CWCN7,Oral-B Charging/Electric Toothbrush Vitality Pro Black Protection and Cleaning,Sporting Goods,"EGP 2,620.00",,,4.6,(2.8K),In Stock,https://m.media-amazon.com/images/I/61bjKgWTfoL._AC_UL320_.jpg,https://www.amazon.eg/dp/B0B51CWCN7,2026-06-02T08:07:36.045269
amazon,B0DCBB2YTR,Product B0DCBB2YTR,"Anker Laptop Power Bank (25,000 mAh, 165W, Built-In and Retractable Cables), Effortless Multi-Device Fast Charging, for iPhone 16/15, MacBook, Samsung and More, Space Black - 18 Months Warranty",Sporting Goods,"EGP 4,099.85","EGP 4,899.00",,4.6,(7.6K),In Stock,https://m.media-amazon.com/images/I/61Kin0Hx98L._AC_UL320_.jpg,https://www.amazon.eg/dp/B0DCBB2YTR,2026-06-02T08:07:36.049518
amazon,B0CP7QXWPN,Product B0CP7QXWPN,"Hollyland Lark M2 Wireless Lavalier Microphone for iPhone/Android/Camera/PC/Laptop with Lightning/USB-C/Plug, 48KHz 24Bit, 1000ft Range, Noise Cancellation, 30H Battery for Video Recording, Streaming",Sporting Goods,"EGP 4,995.00",,,4.7,(7K),In Stock,https://m.media-amazon.com/images/I/61vXwLemjJL._AC_UL320_.jpg,https://www.amazon.eg/dp/B0CP7QXWPN,2026-06-02T08:07:36.052790
amazon,B07VTWX8MN,Product B07VTWX8MN,"WD 1TB My Passport Portable External Hard Drive, Black - WDBYVG0010BBK-WESN",Sporting Goods,"EGP 4,550.00",,,4.5,(82.8K),In Stock,https://m.media-amazon.com/images/I/510+J06fz0L._AC_UL320_.jpg,https://www.amazon.eg/dp/B07VTWX8MN,2026-06-02T08:07:36.056390
amazon,B08X65T4CR,Product B08X65T4CR,"Skyline 32 Inch HD Standard LED TV, Black - 32-22A",Sporting Goods,"EGP 4,299.00",,,3.7,(276),In Stock,https://m.media-amazon.com/images/I/71fVJHF88TL._AC_UL320_.jpg,https://www.amazon.eg/dp/B08X65T4CR,2026-06-02T08:07:36.060585
amazon,B0FPD4L34S,Product B0FPD4L34S,"Tab A9 (WiFi), (ROM: 3+9) 12GB+ RAM: 64G), ""10.1"" Inch, IPS LCD HD Display, 6580mAh Battery, Android 15 (Black)",Sporting Goods,"EGP 4,199.00","EGP 4,944.00",,2.9,(10),In Stock,https://m.media-amazon.com/images/I/31xb21dg4KL._AC_UL320_.jpg,https://www.amazon.eg/dp/B0FPD4L34S,2026-06-02T08:07:36.065462
amazon,B07W72T3T3,Product B07W72T3T3,"BaByliss Speed Pro 2000W Professional Hair Dryer AC Motor, Fast Drying Hair Dryer with 100 km/h Airflow, Ionic Technology, 2 Heat & Speed Settings, Cold Shot Button, White & Silver - 6704WE",Sporting Goods,"EGP 2,250.00",,,4.5,(1.2K),In Stock,https://m.media-amazon.com/images/I/51UKAjMWAGL._AC_UL320_.jpg,https://www.amazon.eg/dp/B07W72T3T3,2026-06-02T08:07:36.069116
amazon,B083JKPCFB,Product B083JKPCFB,"Kérastase Genesis Hair Serum, Nourishing & Fortifying Leave-In Conditioner, For Weakened Hair, With Ginger Root & Edelweiss Flower, Sérum Anti-Chute Fortifiant, 90ml",Sporting Goods,"EGP 2,430.85",,,4.4,(7.5K),In Stock,https://m.media-amazon.com/images/I/61xuKEtGBpL._AC_UL320_.jpg,https://www.amazon.eg/dp/B083JKPCFB,2026-06-02T08:07:36.072411
amazon,B085RXTP7V,Product B085RXTP7V,Optimum Nutrition Gold Standard 100% Whey - Vanilla Ice cream - 2.00 G / 2.00 lb,Sporting Goods,"EGP 3,200.00",,,4.7,(128),In Stock,https://m.media-amazon.com/images/I/61TKrit75mL._AC_UL320_.jpg,https://www.amazon.eg/dp/B085RXTP7V,2026-06-02T08:07:36.075681
amazon,B09TQ1KGW3,Product B09TQ1KGW3,Zinox pressure cooker 12 liter black,Sporting Goods,"EGP 2,199.00",,,4.0,(453),In Stock,https://m.media-amazon.com/images/I/419D3EBTViL._AC_UL320_.jpg,https://www.amazon.eg/dp/B09TQ1KGW3,2026-06-02T08:07:36.079668
amazon,B0D9S7YFWS,Product B0D9S7YFWS,"Portable Bidet For Travel Shattaf | High Pressure Rechargeable Camping Bidet - Shower Sprayer shataf For Perfect Hygiene almusafir شطاف المسافر (Plastic Bag 3.5L (Foldable), Black)",Sporting Goods,"EGP 2,490.00",,,4.4,(237),In Stock,https://m.media-amazon.com/images/I/61NGYKaFh1L._AC_UL320_.jpg,https://www.amazon.eg/dp/B0D9S7YFWS,2026-06-02T08:07:36.083546
amazon,B0CY1PJ2CN,Product B0CY1PJ2CN,"GameSir Kaleid Wired Controller for Xbox Series X|S, Xbox One,Windows 10/11 & Steam, Plug and Play Gaming Gamepad, Transparent Video Game Controller with Hall Effect Joysticks/Hall Trigger",Sporting Goods,"EGP 2,099.00","EGP 2,799.00",,4.4,(1.6K),In Stock,https://m.media-amazon.com/images/I/61rU5Owlk0L._AC_UL320_.jpg,https://www.amazon.eg/dp/B0CY1PJ2CN,2026-06-02T08:07:36.087641
amazon,B0DMVM7MQF,Product B0DMVM7MQF,adidas Men's Run 60s 4.0 Shoes Black 10,Sporting Goods,"EGP 3,749.00",,,4.4,(1.7K),In Stock,https://m.media-amazon.com/images/I/61-Ps71hXmL._AC_UL320_.jpg,https://www.amazon.eg/dp/B0DMVM7MQF,2026-06-02T08:07:36.093232
amazon,B0FJMFVX9J,Product B0FJMFVX9J,Levi's Womens Women's Baggy Dad Jeans Jeans (pack of 1),Sporting Goods,"EGP 4,022.62",,,,EGP 4022.62EGP4022.62,In Stock,https://m.media-amazon.com/images/I/61A6FZYnarL._AC_UL320_.jpg,https://www.amazon.eg/dp/B0FJMFVX9J,2026-06-02T08:07:36.096586
amazon,B07W864798,Product B07W864798,"BaByliss Super Smooth 235 Hair Straightener with Ionic Technology, Ceramic Tourmaline Plates, 140°C–235°C Adjustable Temperature, Fast Heat Up Flat Iron, Black - ST393E",Sporting Goods,"EGP 2,360.87","EGP 2,850.00",,4.4,(5.9K),In Stock,https://m.media-amazon.com/images/I/61-0aAhFK+L._AC_UL320_.jpg,https://www.amazon.eg/dp/B07W864798,2026-06-02T08:07:36.100336
amazon,B0BX98RT13,Product B0BX98RT13,American Tourister Twist wave luggage,Sporting Goods,"EGP 4,585.00",,,4.2,(133),In Stock,https://m.media-amazon.com/images/I/51fazNE3UOL._AC_UL320_.jpg,https://www.amazon.eg/dp/B0BX98RT13,2026-06-02T08:07:36.105264
amazon,B0DCBTWXLM,Product B0DCBTWXLM,"soundcore Liberty 4 Pro by Anker, Noise Cancelling Wireless Earbuds, 7-Sensor and Real-Time Adaptive Noise Cancelling, 2× Faster Charging, Studio-Level Hi-Fi Music, Clear Calls with 6 Mics and AI",Sporting Goods,"EGP 4,422.22",,,4.0,(4.1K),In Stock,https://m.media-amazon.com/images/I/51EBquSzXNL._AC_UL320_.jpg,https://www.amazon.eg/dp/B0DCBTWXLM,2026-06-02T08:07:36.110201
amazon,B0FKN93TCN,Product B0FKN93TCN,"HUAWEI FreeBuds 7i (Conch-T010) Wireless Bluetooth Earphones, Active Noise Cancelling, 55.5 mAh Earbuds + 510 mAh Charging Case, Built-in Lithium-Ion Battery, White",Sporting Goods,"EGP 3,400.00","EGP 4,499.00",,4.2,(385),In Stock,https://m.media-amazon.com/images/I/61CBCexvicL._AC_UL320_.jpg,https://www.amazon.eg/dp/B0FKN93TCN,2026-06-02T08:07:36.115598
amazon,B0FJMGC8QD,Product B0FJMGC8QD,Levi's Mens Men's 511™ Slim Jeans Jeans (pack of 1),Sporting Goods,"EGP 3,256.51",,,5.0,(4),In Stock,https://m.media-amazon.com/images/I/51kN5tLhhwL._AC_UL320_.jpg,https://www.amazon.eg/dp/B0FJMGC8QD,2026-06-02T08:07:36.120753
amazon,B0FJMC39BB,Product B0FJMC39BB,Levi's Mens Men's 501® Original Jeans Jeans (pack of 1),Sporting Goods,"EGP 2,320.00",,,3.0,(4),In Stock,https://m.media-amazon.com/images/I/81zN87sIwhL._AC_UL320_.jpg,https://www.amazon.eg/dp/B0FJMC39BB,2026-06-02T08:07:36.126294
amazon,B07NY2S7H8,Product B07NY2S7H8,"Black & Decker 1500W Handheld Handy Garment Steamer, Purple - HST1500-B5",Sporting Goods,"EGP 2,635.00",,,3.7,(2.9K),In Stock,https://m.media-amazon.com/images/I/61pH8eJKx9S._AC_UL320_.jpg,https://www.amazon.eg/dp/B07NY2S7H8,2026-06-02T08:07:36.130057
amazon,B0FHK7Z6XT,Product B0FHK7Z6XT,"Infinix XWatch N4 pro (XW4E)- Obsidian Black,1.43"" Amoled HD screen, IP68 Waterproof, Up to12 days usage time, V5.3,Heart rate,SPO2,300mAh battery, Wireless Charging, supports call,12 Month Warranty.",Sporting Goods,"EGP 2,500.00","EGP 3,470.00",,3.2,(6),In Stock,https://m.media-amazon.com/images/I/81MKe2-mDZL._AC_UL320_.jpg,https://www.amazon.eg/dp/B0FHK7Z6XT,2026-06-02T08:07:36.134340
amazon,1501124021,Product 1501124021,Principles: Life and Work,Sporting Goods,"EGP 2,280.00",,,4.7,(11.4K),In Stock,https://m.media-amazon.com/images/I/61LKD6scbfL._AC_UL320_.jpg,https://www.amazon.eg/dp/1501124021,2026-06-02T08:07:36.137738
amazon,B08D11MN1M,Product B08D11MN1M,"Adjustable laptop stand, portable aluminium laptop riser laptop holder for desk, foldable ventilated cooling computer support stand for apple macbook pro/air, hp, sony, dell, more 10-15.6''",Electronics,EGP 106.50,EGP 135.00,,3.9,(7.3K),In Stock,https://m.media-amazon.com/images/I/61fRwSb0z0L._AC_UL320_.jpg,https://www.amazon.eg/dp/B08D11MN1M,2026-06-02T08:02:20.222397
amazon,B0FD16QM6Y,Product B0FD16QM6Y,Kingston Canvas Select Plus microSD Memory Card 64GB microSDXC Gen3 100MB/s A1 Card + Adapter - SDCS3/64GB,Electronics,EGP 498.98,,,4.5,(1.2K),In Stock,https://m.media-amazon.com/images/I/71aFU2aySQL._AC_UL320_.jpg,https://www.amazon.eg/dp/B0FD16QM6Y,2026-06-02T08:02:20.226640
amazon,B0BYD5H31D,Product B0BYD5H31D,"KANMABPC Wireless Bluetooth Mouse, Rechargeable LED Dual Mode Mouse (Bluetooth 5.2 and USB Receiver) Portable Silent Mouse,for Laptop/Desktop/Tablet(Black)",Electronics,EGP 118.00,EGP 125.00,,4.0,(7K),In Stock,https://m.media-amazon.com/images/I/61aJwjV4NaL._AC_UL320_.jpg,https://www.amazon.eg/dp/B0BYD5H31D,2026-06-02T08:02:20.231349
amazon,B09Y37BSM9,Product B09Y37BSM9,iLOCK Travel Plug adapter Converter,Electronics,EGP 68.51,,,4.7,(3.5K),In Stock,https://m.media-amazon.com/images/I/61BALBWHw3L._AC_UL320_.jpg,https://www.amazon.eg/dp/B09Y37BSM9,2026-06-02T08:02:20.235579
amazon,B0DRDPSKQH,Product B0DRDPSKQH,Camelion Super Heavy Duty R03 AAA Zinc-Carbon Batteries – Economical Power (Box of 12),Electronics,EGP 99.00,,,4.4,(719),In Stock,https://m.media-amazon.com/images/I/61TPFfrwSFL._AC_UL320_.jpg,https://www.amazon.eg/dp/B0DRDPSKQH,2026-06-02T08:02:20.239284
amazon,B0848Y82N8,Product B0848Y82N8,Tank Power Cartridges - 6 Months Economy Pack,Electronics,EGP 199.00,EGP 229.00,,4.6,(3.8K),In Stock,https://m.media-amazon.com/images/I/51Gbmr3fVwL._AC_UL320_.jpg,https://www.amazon.eg/dp/B0848Y82N8,2026-06-02T08:02:20.243504
amazon,B0DRDQZBC5,Product B0DRDQZBC5,Camelion Super Heavy Duty R6 AA Zinc-Carbon Batteries – Economical Power (Box of 12),Electronics,EGP 99.00,,,4.4,(800),In Stock,https://m.media-amazon.com/images/I/61PTz7lj6EL._AC_UL320_.jpg,https://www.amazon.eg/dp/B0DRDQZBC5,2026-06-02T08:02:20.246803
amazon,B0DVV9L98D,Product B0DVV9L98D,راديو كلاسيكى مقاس متوسط يعمل بالكهرباء مباشرة يعمل أيضًا بالجاجار متعدد الطراز والأشكال والالوان (ستانلس 1) Rx-606,Electronics,,,,3.9,(322),In Stock,https://m.media-amazon.com/images/I/51i8H0286kL._AC_UL320_.jpg,https://www.amazon.eg/dp/B0DVV9L98D,2026-06-02T08:02:20.249428
amazon,B0DH8LFHP7,Product B0DH8LFHP7,"Anker USB-C to USB A 2.0 cable (6ft/1.8m), High Durability Long life Strong Fast Type C Braided Charging Cable Compatible with All Android Devices Samsung S24, S23 And iPhone 16 And more",Electronics,,,,4.5,(1.5K),In Stock,https://m.media-amazon.com/images/I/61pc7T2ktCL._AC_UL320_.jpg,https://www.amazon.eg/dp/B0DH8LFHP7,2026-06-02T08:02:20.251633
amazon,B0G6HHZ9NJ,Product B0G6HHZ9NJ,"Wireless Earbuds Bluetooth Earbuds with Charging Case, Noise Cancelling, IPX5 Waterproof, Touch Control, Built-in Mic, Compatible with iPhone and Android, White",Electronics,EGP 285.00,EGP 399.99,,3.1,(126),In Stock,https://m.media-amazon.com/images/I/41eBQP-6CEL._AC_UL320_.jpg,https://www.amazon.eg/dp/B0G6HHZ9NJ,2026-06-02T08:02:20.255908
amazon,B006T9DRKG,Product B006T9DRKG,"Energizer Max Promo Pack Battery, Size AAA, Pack of 4Plus2 Blister Card - 4+2 حجر ريموت",Electronics,EGP 190.00,EGP 245.00,,4.6,(941),In Stock,https://m.media-amazon.com/images/I/71dar0MyfFL._AC_UL320_.jpg,https://www.amazon.eg/dp/B006T9DRKG,2026-06-02T08:02:20.262104
amazon,B0F3RWSV51,Product B0F3RWSV51,"Anker Zolo 1C Charger Power Adapter - 20W, Type-C, up to 10°C cooler than standard chargers, Works with smartphones, tablets, and other USB-C-enabled devices, Black, 18 Months Warranty",Electronics,,,,4.5,(116),In Stock,https://m.media-amazon.com/images/I/41i+Ak5vD0L._AC_UL320_.jpg,https://www.amazon.eg/dp/B0F3RWSV51,2026-06-02T08:02:20.264325
amazon,B0DH575N5P,Product B0DH575N5P,"ILOCK power strip, 5 outlets with switch, 3500W (Black, 1.5 m)",Electronics,EGP 222.25,EGP 290.00,,4.7,(1.1K),In Stock,https://m.media-amazon.com/images/I/71ZNVWh1odL._AC_UL320_.jpg,https://www.amazon.eg/dp/B0DH575N5P,2026-06-02T08:02:20.268983
amazon,B0CXJC1YL9,Product B0CXJC1YL9,Camelion AAA Super Heavy Duty Carbon Zinc Batteries - 4+2 Free Pack,Electronics,EGP 57.00,,,4.3,(1.3K),In Stock,https://m.media-amazon.com/images/I/71emV43XswL._AC_UL320_.jpg,https://www.amazon.eg/dp/B0CXJC1YL9,2026-06-02T08:02:20.272302
amazon,B0C4JRWJGM,Product B0C4JRWJGM,"Earbuds Air31, Wireless, Wired Earphones Transparent with Deep Bass, Stereo Sound, Bluetooth Headphone with Charging Case, White, Black and Pink (black)",Electronics,EGP 192.75,,,2.4,(304),In Stock,https://m.media-amazon.com/images/I/51nexGp7l9L._AC_UL320_.jpg,https://www.amazon.eg/dp/B0C4JRWJGM,2026-06-02T08:02:20.275797
amazon,B0C94XDP4L,Product B0C94XDP4L,iLOCK power strip 5 universal outlets with switch (Black) - 2 Meter,Electronics,EGP 331.46,,,4.6,(600),In Stock,https://m.media-amazon.com/images/I/61nr0jssRVL._AC_UL320_.jpg,https://www.amazon.eg/dp/B0C94XDP4L,2026-06-02T08:02:20.279554
amazon,B07V24RWDQ,Product B07V24RWDQ,"Zip Ties, 100 Pcs 20 CM Cable Tie, Adjustable Durable Self locking Nylon Zip Cable Ties for Home Office Garage Workshop",Electronics,EGP 35.00,,,4.2,(573),In Stock,https://m.media-amazon.com/images/I/71h22YmA7JL._AC_UL320_.jpg,https://www.amazon.eg/dp/B07V24RWDQ,2026-06-02T08:02:20.283234
amazon,B0CPC8JMCW,Product B0CPC8JMCW,Joyroom S-Uc027A9 3A Usb-A To Type-C Fast Charging Data Cable With 1M Length - Black,Electronics,EGP 79.00,,,4.3,(325),In Stock,https://m.media-amazon.com/images/I/51KqcqqScRL._AC_UL320_.jpg,https://www.amazon.eg/dp/B0CPC8JMCW,2026-06-02T08:02:20.286900
amazon,B0FXH9N788,Product B0FXH9N788,"Eveready Super Heavy-Duty 6 AA Black + 6 AAA Batteries, Black",Electronics,EGP 186.00,,,4.5,(83),In Stock,https://m.media-amazon.com/images/I/714DUDnj3qL._AC_UL320_.jpg,https://www.amazon.eg/dp/B0FXH9N788,2026-06-02T08:02:20.290170
amazon,B0823GGL17,Product B0823GGL17,Joyroom jr-bp560 excellent series portable passive stylus pen - black,Electronics,EGP 235.13,,,4.3,(2.6K),In Stock,https://m.media-amazon.com/images/I/51V2lQ+07oL._AC_UL320_.jpg,https://www.amazon.eg/dp/B0823GGL17,2026-06-02T08:02:20.295032
amazon,B0CP7NV936,Product B0CP7NV936,"Anker USB-C Car Charger, 30W 2-Port Type-C Car Adapter, iPhone Car Charger with PowerIQ 3.0, for iPhone 15/14/13/12 Series, Samsung Galaxy S23/S22/S21 Series, iPad Pro, AirPods, and More",Electronics,EGP 430.00,EGP 465.00,,4.6,(6.4K),In Stock,https://m.media-amazon.com/images/I/61ABexdaEfL._AC_UL320_.jpg,https://www.amazon.eg/dp/B0CP7NV936,2026-06-02T08:02:20.299332
amazon,B0CXJGDGF4,Product B0CXJGDGF4,Camelion AA Super Heavy Duty Carbon Zinc Batteries - 4+2 Free Pack,Electronics,EGP 59.00,,,4.3,(803),In Stock,https://m.media-amazon.com/images/I/71z+VzURc8L._AC_UL320_.jpg,https://www.amazon.eg/dp/B0CXJGDGF4,2026-06-02T08:02:20.302619
amazon,B07Y24THPV,Product B07Y24THPV,Energizer Max Alkaline AA Batteries - Pack of 6,Electronics,EGP 190.00,EGP 236.01,,4.5,(2.1K),In Stock,https://m.media-amazon.com/images/I/71c7-qB2jJL._AC_UL320_.jpg,https://www.amazon.eg/dp/B07Y24THPV,2026-06-02T08:02:20.306360
amazon,B0G6VKPD7G,Product B0G6VKPD7G,"Wireless Bluetooth Earbuds + Silicone Protective Case, IPX5 Waterproof, Touch Control, Built-in Mic, Compatible with iPhone and Android, White",Electronics,EGP 359.99,EGP 374.99,,2.8,(80),In Stock,https://m.media-amazon.com/images/I/51YuAL7vk7L._AC_UL320_.jpg,https://www.amazon.eg/dp/B0G6VKPD7G,2026-06-02T08:02:20.310178
amazon,B0DM9KBP4B,Product B0DM9KBP4B,"Soundcore by Anker R50i NC Wireless Bluetooth Earphones, Powerful and Smart Noise Cancelling, Powerful Bass, 45 Hours Playtime, 2-in-1 Case and Phone Stand, IP54, Bluetooth 5.4, Black",Electronics,"EGP 1,100.00",,,4.1,(239),In Stock,https://m.media-amazon.com/images/I/41QN8EKIEuL._AC_UL320_.jpg,https://www.amazon.eg/dp/B0DM9KBP4B,2026-06-02T08:04:26.851015
amazon,B0D6BPY3SC,Product B0D6BPY3SC,"Soundcore By Anker R50i NC True Wireless Earbuds 10mm Drivers with Big Bass, Bluetooth 5.3, 45H Playtime, IP54, AI Clear Calls with 4 Mics, 22 Preset EQs via App-Black, 18 Months Warranty",Electronics,"EGP 1,345.00","EGP 1,699.00",,4.2,(949),In Stock,https://m.media-amazon.com/images/I/61nwtLta29L._AC_UL320_.jpg,https://www.amazon.eg/dp/B0D6BPY3SC,2026-06-02T08:04:26.855177
amazon,B0CRTYZG5C,Product B0CRTYZG5C,"Soundcore P30i by Anker Noise Cancelling Earbuds, Strong and Smart Noise Cancelling, Powerful Bass, 45H Playtime, 2-in-1 Case and Phone Stand, IP54, Wireless Earbuds, Bluetooth 5.4 (Black)",Electronics,"EGP 1,201.70",,,4.2,(29.4K),In Stock,https://m.media-amazon.com/images/I/51HbL1WS+KL._AC_UL320_.jpg,https://www.amazon.eg/dp/B0CRTYZG5C,2026-06-02T08:04:26.859996
amazon,B0GNSJBNQM,Product B0GNSJBNQM,"Soundcore R60i NC, 6-Mics, Real-Time (ANC) Adaptive Noise Cancelling, Hi-Res Sound, Wireless Bluetooth Earbuds, Translation Earbuds, 50H Playtime, Black, 18 Month Warranty",Electronics,"EGP 1,533.33","EGP 2,333.00",,4.0,(92),In Stock,https://m.media-amazon.com/images/I/31JniANPxCL._AC_UL320_.jpg,https://www.amazon.eg/dp/B0GNSJBNQM,2026-06-02T08:04:26.865034
amazon,B0D6BQNVXC,Product B0D6BQNVXC,"Soundcore By Anker R50i NC True Wireless Earbuds 10mm Drivers with Big Bass, Bluetooth 5.3, IP54-Sweatguard M waterproof, AI Clear Calls with 4 Mics, 22 Preset EQs via App-White - 18 Months Warranty",Electronics,,,,4.2,(251),In Stock,https://m.media-amazon.com/images/I/61b5cOjm2eL._AC_UL320_.jpg,https://www.amazon.eg/dp/B0D6BQNVXC,2026-06-02T08:04:26.867259
amazon,B0CLPKWSHQ,Product B0CLPKWSHQ,"Joyroom JR-W020 20W PD Magnetic Wireless Power Bank, 10,000 mAh Fast Charging Portable Charger, MagSafe-Compatible, USB-C Power Delivery, Qi Wireless Charging – Black | 12-Month Warranty",Electronics,"EGP 1,199.00",,,3.8,(143),In Stock,https://m.media-amazon.com/images/I/5165Ny8pGsL._AC_UL320_.jpg,https://www.amazon.eg/dp/B0CLPKWSHQ,2026-06-02T08:04:26.870911
amazon,B0C8TGCVL1,Product B0C8TGCVL1,"Oraimo FreePods 3 True Wireless Earbuds Bluetooth Earphone with 4-Mic Call Noise Cancelling,36H Playtime Bluetooth Headphones in-Ear Earbuds with Stereo Bass,Waterproof for Sport",Electronics,"EGP 1,084.00",,,4.0,(1.3K),In Stock,https://m.media-amazon.com/images/I/61RuDMWoDYL._AC_UL320_.jpg,https://www.amazon.eg/dp/B0C8TGCVL1,2026-06-02T08:04:26.875486
amazon,B0F3CV3RMQ,Product B0F3CV3RMQ,"Hollyland Lark A1 Wireless Mini Microphone for iPhone 15/16 & Android, 48kHz/24-bit, 3-Level Intelligent Noise Cancel, Magnetic Microphone for YouTube, Podcast, Vlogging (Black, 2TX + USB-C RX)",Electronics,"EGP 1,749.00",,,4.4,(1.9K),In Stock,https://m.media-amazon.com/images/I/612ETE0GIHL._AC_UL320_.jpg,https://www.amazon.eg/dp/B0F3CV3RMQ,2026-06-02T08:04:26.879169
amazon,B0CXMYJT8W,Product B0CXMYJT8W,"Oraimo Watch 4 Plus: 2.01"" HD Display & Bluetooth Calling All-in-One Fitness: 100+ Sports Modes & Health Tracking Rugged IP68 Waterproof Design for Daily Performance",Electronics,"EGP 1,168.20","EGP 1,199.00",,4.0,(313),In Stock,https://m.media-amazon.com/images/I/61Yj9K3WJrL._AC_UL320_.jpg,https://www.amazon.eg/dp/B0CXMYJT8W,2026-06-02T08:04:26.883477
amazon,B0DJW5G283,Product B0DJW5G283,"ANKER Soundcore Q11i Wireless Headphones, 40mm Dynamic DriverHi-Res Audio, One-Touch Bass Boost, 60-Hour Playtime, Detachable Ear Cushions, Bluetooth V5.3, Dark Gray | 18 Months Warranty",Electronics,"EGP 1,849.00","EGP 1,999.00",,4.5,(2.5K),In Stock,https://m.media-amazon.com/images/I/51oAjwCzv4L._AC_UL320_.jpg,https://www.amazon.eg/dp/B0DJW5G283,2026-06-02T08:04:26.888550
amazon,B0BJQ38GC3,Product B0BJQ38GC3,Joyroom JR-QP192 Power Bank 20000mAh 22.5W – Black LCD Display | 2 Inputs & 3 Outputs | Charge 3 Devices USB-C Fast Charging Portable Charger | 12 Months Warranty,Electronics,"EGP 1,062.65","EGP 1,140.00",,3.9,(188),In Stock,https://m.media-amazon.com/images/I/51AXWp4B60L._AC_UL320_.jpg,https://www.amazon.eg/dp/B0BJQ38GC3,2026-06-02T08:04:26.892781
amazon,B0FMR7H8FT,Product B0FMR7H8FT,Oraimo Watch 6(OSW-807):Smartwatch with AI-Generated Watch Faces Advanced Health Monitoring&Comprehensive Fitness Tracking-Black Ultra-Long Battery Life with Sleek Design&12-Month Official Warranty,Electronics,"EGP 1,446.15",,,4.1,(138),In Stock,https://m.media-amazon.com/images/I/51lLKmHAnkL._AC_UL320_.jpg,https://www.amazon.eg/dp/B0FMR7H8FT,2026-06-02T08:04:26.896493
amazon,B0DG5LSJ3X,Product B0DG5LSJ3X,"Mini Portable Projector 4K 1080P Full HD Support Android 11 & Netflix - WiFi 6, BT 5.0, 180° Rotation, Small Home Theater Projector with Auto Keystone Correction",Electronics,"EGP 1,968.75","EGP 4,701.60",,3.3,(2K),In Stock,https://m.media-amazon.com/images/I/71U0ezDt70L._AC_UL320_.jpg,https://www.amazon.eg/dp/B0DG5LSJ3X,2026-06-02T08:04:26.901130
amazon,B0CDMB5ZQW,Product B0CDMB5ZQW,"HUAWEI FreeBuds SE 2, 40-Hour Battery Life, Compact and Comfortable to Grip, 3 Hours of Music Playback on a 10-Minute Charge, IP54 Dust & Splash Resistance, Ceramic White",Electronics,"EGP 1,098.00","EGP 1,850.00",,4.2,(12.4K),In Stock,https://m.media-amazon.com/images/I/51VRW+4dYgL._AC_UL320_.jpg,https://www.amazon.eg/dp/B0CDMB5ZQW,2026-06-02T08:04:26.906886
amazon,B0D2XRXNGY,Product B0D2XRXNGY,"Soundcore V20i by Anker Open-Ear Headphones, Adjustable Ear Hooks, Ultra-Comfort, Snug Fit, Powerful Sound, Clear Calls, LED Lights, 36H Playtime, Bluetooth 5.4 Earbuds, Black - 18 Months Warranty",Electronics,"EGP 1,354.10","EGP 2,100.00",,4.4,(10.6K),In Stock,https://m.media-amazon.com/images/I/517WiAmP8qL._AC_UL320_.jpg,https://www.amazon.eg/dp/B0D2XRXNGY,2026-06-02T08:04:26.911955
amazon,B0DW532R2X,Product B0DW532R2X,"cardoO VR Box Max – 5.3 Bluetooth VR Headset, Premium VR Glasses for Android and iOS Mobile Phones (4.8 to 7.0) | 360° Panoramic View | iMax Cinema | Built-in Headphones",Electronics,"EGP 1,781.11",,,3.5,(54),In Stock,https://m.media-amazon.com/images/I/61JcVWwQvEL._AC_UL320_.jpg,https://www.amazon.eg/dp/B0DW532R2X,2026-06-02T08:04:26.915847
amazon,B0DKX3SFTQ,Product B0DKX3SFTQ,"EZVIZ CP1 Pro 3MP Indoor Smart Wi-Fi Security Camera – 360° Pan & Tilt, Color Night Vision, Human Detection & Auto-Tracking, Two-Way Audio, Supports SD Card - White",Electronics,"EGP 1,199.00",,,4.0,(142),In Stock,https://m.media-amazon.com/images/I/51Uyc1UK5uL._AC_UL320_.jpg,https://www.amazon.eg/dp/B0DKX3SFTQ,2026-06-02T08:04:26.919766
amazon,B0DWFQCY3V,Product B0DWFQCY3V,"HUAWEI Band 10 Smart Watch, Metallic Design and Comfortable Wearing, Pro-level Sleep Analysis, Emotional Health Aid, 100 Workout Modes, Robust Battery Life, IOS and Android, Black",Electronics,,,,4.5,(4.8K),In Stock,https://m.media-amazon.com/images/I/41abF4vT-OL._AC_UL320_.jpg,https://www.amazon.eg/dp/B0DWFQCY3V,2026-06-02T08:04:26.921990
amazon,B093Q75MN3,Product B093Q75MN3,Apple MX532LL/A AirTag Multi-function Item Locator for iPhone/iPad - White,Electronics,"EGP 1,760.00",,,4.7,(143.7K),In Stock,https://m.media-amazon.com/images/I/61ZRE8c0SNL._AC_UL320_.jpg,https://www.amazon.eg/dp/B093Q75MN3,2026-06-02T08:04:26.926202
amazon,B09P1CMX7S,Product B09P1CMX7S,Alcatel F860/F630/S250 Wireless Telephone/Speaker/Illuminated Screen/Caller ID/50 Digit Memory/Redial Button/Different Tones/Bell Intensity Control,Electronics,"EGP 1,458.00",,,4.4,(98),In Stock,https://m.media-amazon.com/images/I/51iyEbgSkbL._AC_UL320_.jpg,https://www.amazon.eg/dp/B09P1CMX7S,2026-06-02T08:04:26.930311
amazon,B0F6T6N2B1,Product B0F6T6N2B1,"Carlinkit Mini Ultra CarPlay Wireless Adapter for iPhone, Wireless Android Auto Adapter, Converts Wired to Wireless CarPlay and Android Auto, Plug-and-Play Setup,Compatible with Cars from 2016+",Electronics,"EGP 1,199.00",,,3.8,(673),In Stock,https://m.media-amazon.com/images/I/6104sxLr4zL._AC_UL320_.jpg,https://www.amazon.eg/dp/B0F6T6N2B1,2026-06-02T08:04:26.934015
amazon,B0GQ5Z3CST,Product B0GQ5Z3CST,"Majentik MCC-003 Wireless CarPlay Adapter Compatible with Car Play and Android Auto, Black",Electronics,"EGP 1,669.00",,,5.0,(9),In Stock,https://m.media-amazon.com/images/I/511BWziAtWL._AC_UL320_.jpg,https://www.amazon.eg/dp/B0GQ5Z3CST,2026-06-02T08:04:26.937706
amazon,B0CJQ3RRJG,Product B0CJQ3RRJG,"Rahala Expandable Laptop Backpack 27L for Men & Women – Waterproof Multi-Purpose Backpack with USB Port & Anti-Theft Design – Fits 17 Inch Laptop – RAL2201, BlacK",Electronics,"EGP 1,506.00",,,4.5,(237),In Stock,https://m.media-amazon.com/images/I/81P00kr9vKL._AC_UL320_.jpg,https://www.amazon.eg/dp/B0CJQ3RRJG,2026-06-02T08:04:26.940982
amazon,B0G8WLT7M6,Product B0G8WLT7M6,"Anker Zolo 70W Charger 4-Port A121C Fast charger Gan Technology and Compact for MacBook, iPad, iPhone 17/iPhone Series, Galaxy S26/S25 (Black)",Electronics,"EGP 1,175.00",,,4.7,(2.3K),In Stock,https://m.media-amazon.com/images/I/31WLlwW3HfL._AC_UL320_.jpg,https://www.amazon.eg/dp/B0G8WLT7M6,2026-06-02T08:04:26.944268
amazon,B0DFHFM1X9,Product B0DFHFM1X9,"Redmi Watch 5 Active Smartwatch, 2.0 Inch LCD Display, 18 Day Battery, 140+ Sports Modes, Heart Rate and SPO₂ Tracking, 5ATM Waterproof, Calls, Fitness Tracker, Silver|1 year manufacturer warranty",Electronics,"EGP 2,099.00",,,4.4,(9.9K),In Stock,https://m.media-amazon.com/images/I/61su9fqRFUL._AC_UL320_.jpg,https://www.amazon.eg/dp/B0DFHFM1X9,2026-06-02T08:04:28.031363
amazon,B0D1J3JVX9,Product B0D1J3JVX9,"Xiaomi Gaming Monitor A24i 24 Inch IPS, 100Hz, 6ms, ∆Е<2, 7.5mm, 100Hz, 1920 x 1080 IPS 178 DP 1.4 supported, Wall Mount Computer Screen Monitor Desktop Monitors |1 year manufacturer warranty",Electronics,"EGP 4,999.00",,,4.3,(112),In Stock,https://m.media-amazon.com/images/I/71pU4KwLiSL._AC_UL320_.jpg,https://www.amazon.eg/dp/B0D1J3JVX9,2026-06-02T08:04:28.044344
amazon,B0932QJ2JZ,Product B0932QJ2JZ,"Apple AirTag, Pack of 4",Electronics,"EGP 4,989.00",,,4.7,(143.7K),In Stock,https://m.media-amazon.com/images/I/71gY9E+cTaS._AC_UL320_.jpg,https://www.amazon.eg/dp/B0932QJ2JZ,2026-06-02T08:04:28.048126
amazon,B0BS1PRC4L,Product B0BS1PRC4L,"Sony WH-CH520 Wireless Bluetooth On-Ear with Mic for Phone Call, Black",Electronics,"EGP 2,159.00",,,4.4,(30.5K),In Stock,https://m.media-amazon.com/images/I/41lArSiD5hL._AC_UL320_.jpg,https://www.amazon.eg/dp/B0BS1PRC4L,2026-06-02T08:04:28.053671
amazon,B0F9LDBVF5,Product B0F9LDBVF5,"cardoO Smart Watch X Orbit, Round 1.6” AMOLED Display, Bluetooth Calling, Fitness & Health Tracker with Heart, Sleep & SpO2 Monitoring, 100+ Sports Modes – Waterproof, iOS & Android Compatible - Black",Electronics,"EGP 3,117.61",,,4.1,(33),In Stock,https://m.media-amazon.com/images/I/71fDylTALRL._AC_UL320_.jpg,https://www.amazon.eg/dp/B0F9LDBVF5,2026-06-02T08:04:28.062443
amazon,B0DSZKKJTK,Product B0DSZKKJTK,"Anker Zolo Power Bank, 45W Max Fast Charging, 20,000mAh Battery Pack with Dual Built-in USB-C Cables, 1 USB-C&A Port, for iPhone 16/15 Series, Samsung, MacBook, iPad, and More",Electronics,"EGP 2,175.00","EGP 2,750.00",,4.6,(742),In Stock,https://m.media-amazon.com/images/I/71iQIOCsEzL._AC_UL320_.jpg,https://www.amazon.eg/dp/B0DSZKKJTK,2026-06-02T08:04:28.066235
amazon,B09S2XMN5V,Product B09S2XMN5V,"Xiaomi Mi TV Stick 4K Portable Streaming Media Player - Android 11, Google Assistant, Smart Cast, Dolby & DTS Surround Sound - MDZ-27-AA",Electronics,,,,3.9,(257),In Stock,https://m.media-amazon.com/images/I/41vmnxJEp0L._AC_UL320_.jpg,https://www.amazon.eg/dp/B09S2XMN5V,2026-06-02T08:04:28.071062
amazon,B077PZLGVB,Product B077PZLGVB,TP-Link AC1200 Archer VR300 Wireless VDSL and ADSL Modem Router - Black,Electronics,,,,4.3,(2.6K),In Stock,https://m.media-amazon.com/images/I/41PDFEJtC3L._AC_UL320_.jpg,https://www.amazon.eg/dp/B077PZLGVB,2026-06-02T08:04:28.075844
amazon,B0C1P1W7MM,Product B0C1P1W7MM,"Anker Soundcore Liberty 4 NC (Blueooth 5.3) (Fully Wireless Earphones, Ultra Noise Cancelling 3.0, Wireless Charging, Multi-Point Connection, Outsound Capture, Up to 50 Hours Playback, High Resolution",Electronics,"EGP 2,588.88",,,4.3,(3.9K),In Stock,https://m.media-amazon.com/images/I/81evB5FnGDL._AC_UL320_.jpg,https://www.amazon.eg/dp/B0C1P1W7MM,2026-06-02T08:04:28.083386
amazon,B0DRVCTZV2,Product B0DRVCTZV2,"Soundcore Liberty 5(Bluetooth 5.4),Fully Wireless Earphones,Ultra Noise Canceling,3.5/3D Audio, Supports Dolby Audio,Wireless Charging,Multipoint Connection,Outsound Capture,Golden,18 Month Warranty",Electronics,"EGP 3,046.66","EGP 4,050.00",,4.4,(2.5K),In Stock,https://m.media-amazon.com/images/I/615OzusSHCL._AC_UL320_.jpg,https://www.amazon.eg/dp/B0DRVCTZV2,2026-06-02T08:04:28.088720
amazon,B0DFCH3C4W,Product B0DFCH3C4W,"Anker Laptop Charger, 140W MAX USB C Charger, 4-Port Multi-Device Fast Charging, Advanced GaN Power Adapter, Intuitive Touch Controls, for MacBook, iPhone 17/16 Series, Samsung Galaxy, Pixel, and More",Electronics,"EGP 2,475.00","EGP 2,899.00",,4.5,(2.8K),In Stock,https://m.media-amazon.com/images/I/71TNYvW23mL._AC_UL320_.jpg,https://www.amazon.eg/dp/B0DFCH3C4W,2026-06-02T08:04:28.092986
amazon,B0CTCLBST5,Product B0CTCLBST5,"Samsung Galaxy Fit3 Smartwatch, Exercise and Sleep Tracking, Fall Detection, Bluetooth, 40mm, Gray",Electronics,"EGP 2,100.00",,,4.4,(3.2K),In Stock,https://m.media-amazon.com/images/I/61K2qby-3oL._AC_UL320_.jpg,https://www.amazon.eg/dp/B0CTCLBST5,2026-06-02T08:04:28.096687
amazon,B0CRT6HQ82,Product B0CRT6HQ82,"soundcore Sport X20 by Anker, True-Wireless Workout Earbuds, Rotatable and Extendable Ear Hooks, Noise Cancelling, Deep Bass, IP68 Waterproof, Sweatproof, Dustproof, 48H Play, Sport Earbuds",Electronics,"EGP 3,432.78","EGP 4,444.00",,4.3,(13.4K),In Stock,https://m.media-amazon.com/images/I/51dhkN5TYiL._AC_UL320_.jpg,https://www.amazon.eg/dp/B0CRT6HQ82,2026-06-02T08:04:28.101752
amazon,B0DJHHTQ25,Product B0DJHHTQ25,"BenQ GW2491 23.8” 1080p FHD 100Hz IPS Eye-Care Monitor, HDMI, DisplayPort, 1080x1920, Ultra Slim Bezel, TUV-Certified, Flicker-free, Low Blue Light Plus, Eye-CareU, 3 Years Warranty",Electronics,"EGP 4,717.00","EGP 4,739.98",,4.5,(334),In Stock,https://m.media-amazon.com/images/I/71y9IF7u8OL._AC_UL320_.jpg,https://www.amazon.eg/dp/B0DJHHTQ25,2026-06-02T08:04:28.106719
amazon,B09QFYNJMB,Product B09QFYNJMB,"Razer BlackShark V2 X Gaming Headset: 7.1 Surround Sound - 50mm Drivers - Memory Foam Cushion - for PC, Mac, PS4, PS5, Switch, Xbox One, Xbox Series X|S, Mobile - 3.5mm Audio Jack - White",Electronics,"EGP 3,200.00","EGP 3,675.00",,4.4,(15.6K),In Stock,https://m.media-amazon.com/images/I/71lksrrLpJL._AC_UL320_.jpg,https://www.amazon.eg/dp/B09QFYNJMB,2026-06-02T08:04:28.112594
amazon,B0C1S93VGY,Product B0C1S93VGY,"Maiproo Rolling TV Stand for 32-75 Inch, Heavy-Duty Mobile TV Cart with Wheels, Lockable, Height Adjustable, Holds up to 100lbs, Black",Electronics,"EGP 2,237.00",,,4.6,(586),In Stock,https://m.media-amazon.com/images/I/61TlMnO+jeL._AC_UL320_.jpg,https://www.amazon.eg/dp/B0C1S93VGY,2026-06-02T08:04:28.115950
amazon,B0GQXB3MDM,Product B0GQXB3MDM,View 32 Inch Frameless HD Standard LED TV - L32VIEWA425,Electronics,,,,2.5,(2),In Stock,https://m.media-amazon.com/images/I/71e9KCfy4bL._AC_UL320_.jpg,https://www.amazon.eg/dp/B0GQXB3MDM,2026-06-02T08:05:40.057159
amazon,B07Q85SLCS,Product B07Q85SLCS,70mai Dashcam A200,Electronics,"EGP 5,000.00","EGP 5,198.00",,4.3,(1K),In Stock,https://m.media-amazon.com/images/I/51FTd+5AAUL._AC_UL320_.jpg,https://www.amazon.eg/dp/B07Q85SLCS,2026-06-02T08:05:40.060834
amazon,B0FZW3Z55X,Product B0FZW3Z55X,Mamen SL-500 COB Bi-Color Light 300W,Electronics,"EGP 5,000.00",,,4.0,(1),In Stock,https://m.media-amazon.com/images/I/41ma+KACpuL._AC_UL320_.jpg,https://www.amazon.eg/dp/B0FZW3Z55X,2026-06-02T08:05:40.064572
amazon,B0FDXPX2FW,Product B0FDXPX2FW,"windon Portable Tripod Projector Screen, White Matte Display, Height Adjustable Stand, Professional Presentation Screen size 244 * 244cm",Electronics,"EGP 5,000.00",,,,EGP 5000.00EGP5000.00,In Stock,https://m.media-amazon.com/images/I/31fwEHz16ML._AC_UL320_.jpg,https://www.amazon.eg/dp/B0FDXPX2FW,2026-06-02T08:05:40.067317
amazon,B07HBTBJ5S,Product B07HBTBJ5S,"Yubico - YubiKey 5C Nano - Two-factor authentication (2FA) security key, connect via USB-C, compact size, FIDO certified - Protect online accounts",Electronics,"EGP 5,000.00",,,4.5,(1.4K),In Stock,https://m.media-amazon.com/images/I/31xyjb10HSL._AC_UL320_.jpg,https://www.amazon.eg/dp/B07HBTBJ5S,2026-06-02T08:05:40.070272
amazon,B0DHL8XLX5,Product B0DHL8XLX5,"JBL Wave Flex 2 Wireless Bluetooth In-Ear Headphones with 40H Playback Time, Pure Bass Sound, Smart Ambient Technology, IP54 Water and Dust Proof, Multipoint Connection, Blue",Electronics,"EGP 5,000.00",,,4.0,(1.2K),In Stock,https://m.media-amazon.com/images/I/51MuWlzgtdL._AC_UL320_.jpg,https://www.amazon.eg/dp/B0DHL8XLX5,2026-06-02T08:05:40.075491
amazon,B07GVGMW59,Product B07GVGMW59,"TONOR Conference USB Microphone, Omnidirectional Condenser PC Mic for Video Conference, Recording, Skype, Online Class, Court Reporter, Plug & Play Compatible with Mac OS X Windows PC Compute, G11",Electronics,"EGP 5,000.00",,,4.3,(3.9K),In Stock,https://m.media-amazon.com/images/I/71K52nuVjYL._AC_UL320_.jpg,https://www.amazon.eg/dp/B07GVGMW59,2026-06-02T08:05:40.078440
amazon,B00MX57AO4,Product B00MX57AO4,"ALFA Network Long-Range Dual-Band AC1200 Wireless USB 3.0 Wi-Fi Adapter w/2x 5dBi External Antennas - 2.4GHz 300Mbps / 5Ghz 867Mbps - 802.11ac & A, B, G, N",Electronics,"EGP 5,000.00",,,4.1,(1.8K),In Stock,https://m.media-amazon.com/images/I/51A9ri7hfHL._AC_UL320_.jpg,https://www.amazon.eg/dp/B00MX57AO4,2026-06-02T08:05:40.081432
amazon,B07HBDX2CM,Product B07HBDX2CM,"Yubico - YubiKey 5 Nano - Two-factor authentication (2FA) security key, connect via USB-A, compact size, FIDO certified - Protect your online accounts",Electronics,"EGP 5,000.00",,,4.6,(1.2K),In Stock,https://m.media-amazon.com/images/I/31cf112-GBL._AC_UL320_.jpg,https://www.amazon.eg/dp/B07HBDX2CM,2026-06-02T08:05:40.085035
amazon,B0GKDBJ86K,Product B0GKDBJ86K,Factory Original 16GB (1x16GB) Compatible for gaming laptops DDR4 2666Mhz PC4-21300 SODIMM 2Rx8 CL19 1.2v Laptop RAM Memory Upgrade ((made in korea)),Electronics,"EGP 5,000.00",,,5.0,(1),In Stock,https://m.media-amazon.com/images/I/61eNxqYXasL._AC_UL320_.jpg,https://www.amazon.eg/dp/B0GKDBJ86K,2026-06-02T08:05:40.088010
amazon,B0C7TKQQ3N,Product B0C7TKQQ3N,"Kamo 415A 415X Toner (With Chip) Compatible with HP 415A 415X W2030A W2030X for Color Laserjet Pro M454dn M454dw MFP M479dw M479fdw M479fnw M479fdn Color Laserjet Enterprise M455dn, MFP M480f",Electronics,"EGP 5,000.00",,,,EGP 5000.00EGP5000.00,In Stock,https://m.media-amazon.com/images/I/71xNoH3VmEL._AC_UL320_.jpg,https://www.amazon.eg/dp/B0C7TKQQ3N,2026-06-02T08:05:40.090931
amazon,B0G48GN9H8,Product B0G48GN9H8,Xmenha Mini Invisible Small Earbuds Wireless Bluetooth Comfortable Smallest Micro Tiny Low Profile Sleep Discreet Hidden Earbuds Headphones for Work Sleeping Earphones Ear Buds for Small Ears Women,Electronics,"EGP 5,000.00",,,,EGP 5000.00EGP5000.00,In Stock,https://m.media-amazon.com/images/I/61pJPN+lhjL._AC_UL320_.jpg,https://www.amazon.eg/dp/B0G48GN9H8,2026-06-02T08:05:40.093694
amazon,B0CP67XBPJ,Product B0CP67XBPJ,"Bluetooth Adapter Receiver, Transmitter 5.0 Transmitter 2 in 1 with 3.5mm Output Bluetooth Audio RCA Adapter/Converter",Electronics,"EGP 5,000.00",,,3.7,(45),In Stock,https://m.media-amazon.com/images/I/51R0BtscUpL._AC_UL320_.jpg,https://www.amazon.eg/dp/B0CP67XBPJ,2026-06-02T08:05:40.096702
amazon,B09GBBJ78Y,Product B09GBBJ78Y,cametv Aluminum Monopod With Pivoting Foot Stand 705A TP705A,Electronics,"EGP 5,000.00",,,,EGP 5000.00EGP5000.00,In Stock,https://m.media-amazon.com/images/I/31BKYjVHQML._AC_UL320_.jpg,https://www.amazon.eg/dp/B09GBBJ78Y,2026-06-02T08:05:40.099575
amazon,B0DP4C2QXM,Product B0DP4C2QXM,"Keyboard Case for Samsung Galaxy Tab S10 Plus/S9FE Plus 12.4"", Multi-Touch Trackpad, 7 Color Backlit, Detachable Wireless Bluetooth Keyboard, S Pen Holder, Smart Folio Cover for Galaxy Tab S10+/S9FE+",Electronics,"EGP 5,000.00",,,4.3,(7),In Stock,https://m.media-amazon.com/images/I/815cJNg2S4L._AC_UL320_.jpg,https://www.amazon.eg/dp/B0DP4C2QXM,2026-06-02T08:05:40.102535
amazon,B0054K9N7W,Product B0054K9N7W,ePhoto Continuous Video Photography Studio Chromakey Green Screen Lighting Kit (2400 Watt),Electronics,"EGP 5,000.00",,,4.4,(12),In Stock,https://m.media-amazon.com/images/I/51W1XxMg2dL._AC_UL320_.jpg,https://www.amazon.eg/dp/B0054K9N7W,2026-06-02T08:05:40.105589
amazon,B0F6Y8F4ZY,Product B0F6Y8F4ZY,"Keyboard Case for Samsung Galaxy Tab S10 FE+ Plus 13.1 Inch 2025, Magnetic Detachable Wireless Bluetooth Keyboard, Slim Protective Folio Cover with S Pen Holder for Samsung Tab S10 FE Plus, Black",Electronics,"EGP 5,000.00",,,4.6,(7),In Stock,https://m.media-amazon.com/images/I/81GRuIWeLHL._AC_UL320_.jpg,https://www.amazon.eg/dp/B0F6Y8F4ZY,2026-06-02T08:05:40.108563
amazon,B0F2F9SV5F,Product B0F2F9SV5F,"Naifay Android Car Stereo for Hyundai Elantra 2014 2015 2016 Radio, 9inch Touch Screen for Hyundai Elantra Radio Stereo with CarPlay Android Auto Bluetooth GPS WiFi Camera Mirrorlink",Electronics,"EGP 5,000.00",,,4.0,(11),In Stock,https://m.media-amazon.com/images/I/61ji9AynkZL._AC_UL320_.jpg,https://www.amazon.eg/dp/B0F2F9SV5F,2026-06-02T08:05:40.111524
amazon,B0F1FN3DF4,Product B0F1FN3DF4,"Keyboard for Samsung Galaxy Tab S10 FE Plus 13.1 Inch 2025, Case with Keyboard for S10 FE+, Magnetic Removable Bluetooth Keyboard, QWERTZ Layout, USB C, Trackpad, Black",Electronics,"EGP 5,000.00",,,4.3,(5),In Stock,https://m.media-amazon.com/images/I/71haDe9nuhL._AC_UL320_.jpg,https://www.amazon.eg/dp/B0F1FN3DF4,2026-06-02T08:05:40.114466
amazon,B08BWV8BVP,Product B08BWV8BVP,"FeiyuTech Vimble 3 - Gimbal Stabilizer for Smartphone, 3-Axis Phone Gimbal with Tripod, 7.8"" Extension Rod, Portable and Foldable Vlog Stabilizer, for Android and iPhone, YouTube TikTok Video",Electronics,,,,4.1,(396),In Stock,https://m.media-amazon.com/images/I/51a9z3PXmiL._AC_UL320_.jpg,https://www.amazon.eg/dp/B08BWV8BVP,2026-06-02T08:05:40.116598
amazon,B0DW25JMTZ,Product B0DW25JMTZ,"Logitech Universal Folio with Integrated Bluetooth 3.0 Keyboard for 9-10"" Apple, Android, Windows Tablets, Black (Renewed)",Electronics,"EGP 5,000.00",,,1.0,(2),In Stock,https://m.media-amazon.com/images/I/51+NSUC7IIL._AC_UL320_.jpg,https://www.amazon.eg/dp/B0DW25JMTZ,2026-06-02T08:05:40.119565
amazon,B0D6B5QW9Y,Product B0D6B5QW9Y,"Case for Samsung Z Fold 6, Case for Samsung Z Fold 6 (2024 New) Liquid Silicone Case, Ultra Slim Lightweight Premium Case Cover for Samsung Galaxy Z Fold 6 5G Case 360 Full Body Shockproof Bumper",Electronics,"EGP 5,000.00",,,2.8,(10),In Stock,https://m.media-amazon.com/images/I/612sTJfNpDL._AC_UL320_.jpg,https://www.amazon.eg/dp/B0D6B5QW9Y,2026-06-02T08:05:40.123331
amazon,B0CD1JMLNV,Product B0CD1JMLNV,"JADEMALL Keyboard Case for Samsung Tab S9 FE 10.9 Inch 2023, Keyboard for Samsung Galaxy Tab S9 FE 10.9/S9 11 inches, Italian QWERTY Detachable Magnetic Bluetooth Backlit Keyboard, Black",Electronics,"EGP 5,000.00",,,3.9,(121),In Stock,https://m.media-amazon.com/images/I/71iuBTj1GxL._AC_UL320_.jpg,https://www.amazon.eg/dp/B0CD1JMLNV,2026-06-02T08:05:40.126310
amazon,B06Y15PVS1,Product B06Y15PVS1,"Logitech Universal Folio iPad or Tablet Case with Wireless Bluetooth Keyboard, For 9-10 Inch Apple, Android or Windows Tablets, Easy Set-Up, 2 Year Battery Life, QWERTY UK Layout - Black",Electronics,"EGP 5,000.00",,,3.8,(918),In Stock,https://m.media-amazon.com/images/I/61XP9+6jaNL._AC_UL320_.jpg,https://www.amazon.eg/dp/B06Y15PVS1,2026-06-02T08:05:40.129268
amazon,B0F43Q9QS6,Product B0F43Q9QS6,"Cotton Swabs100 Count,-Friendly Strong Bamboo Sticks Cotton Swabs for Ears, Hygiene, Beauty Care,Clean Skin, Round Tips & Thick Cotton & Sturdy Wooden Cotton Buds (100Count)",Office Supplies,EGP 18.81,,,3.9,(175),In Stock,https://m.media-amazon.com/images/I/6180UdWsxML._AC_UL320_.jpg,https://www.amazon.eg/dp/B0F43Q9QS6,2026-06-02T08:01:03.347411
amazon,B08BLJ473G,Product B08BLJ473G,Milk frother rechargeable handheld 3-speed adjustable for latte coffee cappuccino with extra egg mixer,Office Supplies,EGP 120.00,,,3.6,(1.7K),In Stock,https://m.media-amazon.com/images/I/715bUlsWMGL._AC_UL320_.jpg,https://www.amazon.eg/dp/B08BLJ473G,2026-06-02T08:01:03.351735
amazon,B0893KRNGQ,Product B0893KRNGQ,Almarai plain milk 1L Full Cream,Office Supplies,EGP 48.95,EGP 54.00,,4.6,(925),In Stock,https://m.media-amazon.com/images/I/71Bvh0sGVWL._AC_UL320_.jpg,https://www.amazon.eg/dp/B0893KRNGQ,2026-06-02T08:01:03.355723
amazon,B0FTXRL9VD,Product B0FTXRL9VD,"Molfix Baby Diaper Pants Size 5, Mega Pack, 12-15 KG, 66 Units, Molfix Pants Diapers, Size 5, 12-15 KG, Jumbo Pack, 66 Count, Cotton Material",Office Supplies,EGP 469.00,,,2.4,(37),In Stock,https://m.media-amazon.com/images/I/61NybsVfMfL._AC_UL320_.jpg,https://www.amazon.eg/dp/B0FTXRL9VD,2026-06-02T08:01:03.359162
amazon,B08YNPFM71,Product B08YNPFM71,Dental floss and floss to clean and take care of teeth and gums 30 pieces,Office Supplies,EGP 16.99,,,4.2,(1.4K),In Stock,https://m.media-amazon.com/images/I/513SjCBBgYL._AC_UL320_.jpg,https://www.amazon.eg/dp/B08YNPFM71,2026-06-02T08:01:03.362986
amazon,B0BF5BVRZC,Product B0BF5BVRZC,"Pampers premium extra care diapers, size 2, 3-8 kg, with lotion with aloe vera, 96 baby diapers",Office Supplies,EGP 489.99,EGP 595.00,,4.5,(4K),In Stock,https://m.media-amazon.com/images/I/819UWANuijL._AC_UL320_.jpg,https://www.amazon.eg/dp/B0BF5BVRZC,2026-06-02T08:01:03.371666
amazon,B08YY2YCRR,Product B08YY2YCRR,"Crystal Sunflower Oil, 2.2 Liter",Office Supplies,EGP 224.95,,,4.6,(2.1K),In Stock,https://m.media-amazon.com/images/I/71tfw2qfwUL._AC_UL320_.jpg,https://www.amazon.eg/dp/B08YY2YCRR,2026-06-02T08:01:03.375558
amazon,B0CZ94NRQW,Product B0CZ94NRQW,White 80 round cotton pads,Office Supplies,EGP 49.99,EGP 71.25,,4.7,(844),In Stock,https://m.media-amazon.com/images/I/61pi-hgdSjL._AC_UL320_.jpg,https://www.amazon.eg/dp/B0CZ94NRQW,2026-06-02T08:01:03.380009
amazon,B09NDY755K,Product B09NDY755K,"Limitless Naturals Omega 3 Fish Oil (2000mg, 30 Capsules)",Office Supplies,EGP 220.00,EGP 230.00,,4.5,(2K),In Stock,https://m.media-amazon.com/images/I/51ywutvuxkL._AC_UL320_.jpg,https://www.amazon.eg/dp/B09NDY755K,2026-06-02T08:01:03.386547
amazon,B0B9LDTJJP,Product B0B9LDTJJP,White shoe wipes (pack of 20) - standard,Office Supplies,EGP 35.00,EGP 59.00,,4.3,(1K),In Stock,https://m.media-amazon.com/images/I/61+2u1aRWiL._AC_UL320_.jpg,https://www.amazon.eg/dp/B0B9LDTJJP,2026-06-02T08:01:03.390520
amazon,B08WJJMXQ1,Product B08WJJMXQ1,Papia Tissue - Toilet paper - 3 Ply - 12 Rolls,Office Supplies,EGP 131.99,,,4.7,(2.1K),In Stock,https://m.media-amazon.com/images/I/714vtkoLtyL._AC_UL320_.jpg,https://www.amazon.eg/dp/B08WJJMXQ1,2026-06-02T08:01:03.394541
amazon,B08WJMZHDY,Product B08WJMZHDY,Clorox for Colors Regular 2L,Office Supplies,EGP 115.00,,,4.6,(2.8K),In Stock,https://m.media-amazon.com/images/I/71sTHo+g6PL._AC_UL320_.jpg,https://www.amazon.eg/dp/B08WJMZHDY,2026-06-02T08:01:03.403686
amazon,B08Y55VB3P,Product B08Y55VB3P,"Ludwik Dishwasher Salt 1.5 kg - Prevents Limescale, Enhances Performance, Spot-Free Dishes",Office Supplies,EGP 210.00,EGP 223.13,,4.6,(499),In Stock,https://m.media-amazon.com/images/I/71vCjM8LeJL._AC_UL320_.jpg,https://www.amazon.eg/dp/B08Y55VB3P,2026-06-02T08:01:03.407657
amazon,B0976ZF83N,Product B0976ZF83N,"Pampers Baby Dry Pants Diapers, size 5, 12-18 kg, with Lotion with Olive Oil, 70 baby Diapers",Office Supplies,EGP 469.99,EGP 544.00,,4.2,(1.2K),In Stock,https://m.media-amazon.com/images/I/71CjsVEv6hL._AC_UL320_.jpg,https://www.amazon.eg/dp/B0976ZF83N,2026-06-02T08:01:03.411619
amazon,B0F6NM2HJC,Product B0F6NM2HJC,Limitless Power Max,Office Supplies,EGP 260.99,EGP 285.00,,4.4,(556),In Stock,https://m.media-amazon.com/images/I/51EtOcwYLiL._AC_UL320_.jpg,https://www.amazon.eg/dp/B0F6NM2HJC,2026-06-02T08:01:03.416451
amazon,B07BXZSCRL,Product B07BXZSCRL,Garnier Micellar Water Face Cleanser & Daily Make-up Remover - 400ml,Office Supplies,EGP 240.00,,,4.5,(7.5K),In Stock,https://m.media-amazon.com/images/I/51Z2OL1x66L._AC_UL320_.jpg,https://www.amazon.eg/dp/B07BXZSCRL,2026-06-02T08:01:03.420622
amazon,B0887ZPXWJ,Product B0887ZPXWJ,"Dobella whole wheat diet flour, 1 kg",Office Supplies,EGP 41.00,,,4.3,(530),In Stock,https://m.media-amazon.com/images/I/71FCAchlcoL._AC_UL320_.jpg,https://www.amazon.eg/dp/B0887ZPXWJ,2026-06-02T08:01:03.424046
amazon,B0DGGQWL99,Product B0DGGQWL99,"Dove bar soap Pampering Beauty Cream, for all skin types, Shea Butter & Vanilla with ¼ moisturizing cream 90G",Office Supplies,EGP 39.95,,,4.5,(750),In Stock,https://m.media-amazon.com/images/I/613JPsiDzsL._AC_UL320_.jpg,https://www.amazon.eg/dp/B0DGGQWL99,2026-06-02T08:01:03.427463
amazon,B0BTMHZ3W3,Product B0BTMHZ3W3,Organo Natural Vinegar With 5% Acidity 900 ML - Clear,Office Supplies,EGP 15.50,,,4.6,(1.3K),In Stock,https://m.media-amazon.com/images/I/6134xyItbdL._AC_UL320_.jpg,https://www.amazon.eg/dp/B0BTMHZ3W3,2026-06-02T08:01:03.431379
amazon,B0C6TZN8ZW,Product B0C6TZN8ZW,Rfid smart wallet for men and women anti theft aluminum pop up travel card holder,Office Supplies,EGP 45.50,EGP 98.09,,3.8,(69),In Stock,https://m.media-amazon.com/images/I/310fsgUJndL._AC_UL320_.jpg,https://www.amazon.eg/dp/B0C6TZN8ZW,2026-06-02T08:01:03.435792
amazon,B0G2JJMG83,Product B0G2JJMG83,Hepta Carbamide Twenty Cream – Deep Moisturizing Cream with 20% Urea for Very Dry & Rough Skin – 50 gm,Office Supplies,EGP 84.90,EGP 120.00,,4.4,(188),In Stock,https://m.media-amazon.com/images/I/61J7+0xDOYL._AC_UL320_.jpg,https://www.amazon.eg/dp/B0G2JJMG83,2026-06-02T08:01:03.442301
amazon,B09Z33Q7YV,Product B09Z33Q7YV,BabyStar Bottle and Teats Cleanser 380ML,Office Supplies,EGP 110.00,,,4.6,(1.4K),In Stock,https://m.media-amazon.com/images/I/41PSRDCpjrL._AC_UL320_.jpg,https://www.amazon.eg/dp/B09Z33Q7YV,2026-06-02T08:01:03.446125
amazon,B07G897WJB,Product B07G897WJB,"Sensodyne Toothpaste Rapid Action, 75 ml",Office Supplies,EGP 75.00,EGP 100.00,,4.6,(588),In Stock,https://m.media-amazon.com/images/I/61TWnrNoopL._AC_UL320_.jpg,https://www.amazon.eg/dp/B07G897WJB,2026-06-02T08:01:03.450463
amazon,B0DB4N4ZHQ,Product B0DB4N4ZHQ,"Shoe Washing Machine Bag,Shoe Laundry Bag-Reusable,Hangable,Shoe Bag For Washer And Dryer,Shoe Bag For Washing Machine For All Shoe Types And Sizes.(Yellow 1pc)",Office Supplies,EGP 85.75,EGP 119.70,,4.2,(313),In Stock,https://m.media-amazon.com/images/I/71SNdDShp7L._AC_UL320_.jpg,https://www.amazon.eg/dp/B0DB4N4ZHQ,2026-06-02T08:01:03.455261
amazon,B0D7KBL2WG,Product B0D7KBL2WG,Easy to Fill Travel Perfume Atomizer Bottle - Glass & Mineral Assorted colors,Office Supplies,EGP 29.67,EGP 40.00,,3.5,(769),In Stock,https://m.media-amazon.com/images/I/71nEvBwzCBL._AC_UL320_.jpg,https://www.amazon.eg/dp/B0D7KBL2WG,2026-06-02T08:01:03.459453
amazon,B0CTMTVCW7,Product B0CTMTVCW7,Fine Deal Kitchen Tissue Paper Towel 2 Ply 6 Rolls,Office Supplies,EGP 61.15,EGP 75.00,,4.4,(2.1K),In Stock,https://m.media-amazon.com/images/I/81WyC1suaoL._AC_UL320_.jpg,https://www.amazon.eg/dp/B0CTMTVCW7,2026-06-02T08:01:03.464301
amazon,B092312R94,Product B092312R94,VGR Men's Electric Shave Machine (V-071),Office Supplies,EGP 390.00,,,4.3,(2.5K),In Stock,https://m.media-amazon.com/images/I/61Rl6XVemdL._AC_UL320_.jpg,https://www.amazon.eg/dp/B092312R94,2026-06-02T08:01:03.472899
amazon,B0BSXT47FF,Product B0BSXT47FF,Familia Facial Tissue - PE MultiPack - 3 Ply - 500 X 3 (Assorted color),Office Supplies,EGP 95.00,,,4.6,(3.4K),In Stock,https://m.media-amazon.com/images/I/81oSjfYt2wL._AC_UL320_.jpg,https://www.amazon.eg/dp/B0BSXT47FF,2026-06-02T08:01:03.476812
amazon,B0FM8CRZHN,Product B0FM8CRZHN,"Hepta Panthenol Pink Cream – Whitening & Moisturizing Cream for Sensitive Areas 50g | Panthenol, Vitamin C&E, Alpha Arbutin, Niacinamide, Moisturizing & Softening for Sensitive Skin",Office Supplies,EGP 93.50,EGP 120.00,,4.1,(281),In Stock,https://m.media-amazon.com/images/I/61qBBW2GRIL._AC_UL320_.jpg,https://www.amazon.eg/dp/B0FM8CRZHN,2026-06-02T08:01:03.480877
amazon,B07G977R5Q,Product B07G977R5Q,Clorox for Colors Floral 2L,Office Supplies,EGP 125.00,,,4.6,(2.8K),In Stock,https://m.media-amazon.com/images/I/71Ju6gkRPJL._AC_UL320_.jpg,https://www.amazon.eg/dp/B07G977R5Q,2026-06-02T08:01:03.485223
amazon,B09Z5YTC7Z,Product B09Z5YTC7Z,Valkyrie Touch Marker Art Set of 48,Office Supplies,EGP 173.00,,,4.3,(1.1K),In Stock,https://m.media-amazon.com/images/I/71hflp6hOCL._AC_UL320_.jpg,https://www.amazon.eg/dp/B09Z5YTC7Z,2026-06-02T08:01:03.489020
amazon,B08WJND94N,Product B08WJND94N,"Elano water bottle, 12 pieces - 1.50 liter Package design may vary",Office Supplies,EGP 119.95,,,4.0,(2.5K),In Stock,https://m.media-amazon.com/images/I/61WgLa-0U6L._AC_UL320_.jpg,https://www.amazon.eg/dp/B08WJND94N,2026-06-02T08:01:03.492914
amazon,B09T3J9PR5,Product B09T3J9PR5,Zpac disposable plastic gloves - 100pcs,Office Supplies,EGP 22.39,,,4.2,(1.3K),In Stock,https://m.media-amazon.com/images/I/61xYy3-oihL._AC_UL320_.jpg,https://www.amazon.eg/dp/B09T3J9PR5,2026-06-02T08:01:03.497241
amazon,B096CPFRD5,Product B096CPFRD5,Kolagra sun screen-50 ml,Office Supplies,EGP 119.05,EGP 130.32,,4.1,(1.1K),In Stock,https://m.media-amazon.com/images/I/51W0EloTP8L._AC_UL320_.jpg,https://www.amazon.eg/dp/B096CPFRD5,2026-06-02T08:01:03.502050
amazon,B0FTXSSZNC,Product B0FTXSSZNC,Dice Mens DSM-H-P P*5 Socks (pack of 5),Office Supplies,EGP 169.00,,,4.6,(136),In Stock,https://m.media-amazon.com/images/I/511i8fkoUqL._AC_UL320_.jpg,https://www.amazon.eg/dp/B0FTXSSZNC,2026-06-02T08:01:03.506552
amazon,B07B4JT3VS,Product B07B4JT3VS,"Listerine Cool Mint Mouthwash 250 ml - Powerful Plaque Prevention and Long-Lasting Fresh Breath for a Clean, Healthy Mouth and Confident Smile",Office Supplies,EGP 99.94,,,4.5,(4K),In Stock,https://m.media-amazon.com/images/I/61lmX6D-dOL._AC_UL320_.jpg,https://www.amazon.eg/dp/B07B4JT3VS,2026-06-02T08:01:03.510364
amazon,B08WJL45KJ,Product B08WJL45KJ,Five Fives Salicylic Soap - 50 gm,Office Supplies,EGP 32.50,,,4.0,(2.3K),In Stock,https://m.media-amazon.com/images/I/61SRoM-MhWL._AC_UL320_.jpg,https://www.amazon.eg/dp/B08WJL45KJ,2026-06-02T08:01:03.514670
amazon,B0GBH9KMCW,Product B0GBH9KMCW,"Black Medical Slippers - Map Design - Comfortable Design - Lightweight Sole - Waterproof Rubber Material - Slippers for Men, Youth, Kids - Perfect for Home, Beach, Street",Office Supplies,EGP 103.00,,,3.2,(63),In Stock,https://m.media-amazon.com/images/I/51hyrP0KcyL._AC_UL320_.jpg,https://www.amazon.eg/dp/B0GBH9KMCW,2026-06-02T08:01:03.518169
amazon,B09ZSQQX25,Product B09ZSQQX25,IC Jumbo Pack 500 Tissues Promo multiple Colors (3 Packs),Office Supplies,EGP 63.00,,,3.1,(899),In Stock,https://m.media-amazon.com/images/I/61vUHCn9fTL._AC_UL320_.jpg,https://www.amazon.eg/dp/B09ZSQQX25,2026-06-02T08:01:03.521579
amazon,B09H6LZR7Y,Product B09H6LZR7Y,"Other Fresh Keeping Bags Food Cover, Reusable Bowl Covers Stretch Lids for Food Containers, Elastic Storage for Meal Prep Dish Plate, Family Outdoor Picnic Transparent",Office Supplies,EGP 36.90,,,4.0,(3.8K),In Stock,https://m.media-amazon.com/images/I/61E6OSLBJML._AC_UL320_.jpg,https://www.amazon.eg/dp/B09H6LZR7Y,2026-06-02T08:01:03.525390
amazon,B0GYKDDCPM,Product B0GYKDDCPM,Elegant Silk Hair Scarf Decorative Bow Design,Office Supplies,EGP 229.00,,,3.6,(45),In Stock,https://m.media-amazon.com/images/I/41L423TYZYL._AC_UL320_.jpg,https://www.amazon.eg/dp/B0GYKDDCPM,2026-06-02T08:01:03.529308
amazon,B0D9D7CBNH,Product B0D9D7CBNH,Mickey Magazine - مجلة ميكى العدد 1018,Office Supplies,EGP 15.00,,,4.4,(39),In Stock,https://m.media-amazon.com/images/I/81LzqmL217L._AC_UL320_.jpg,https://www.amazon.eg/dp/B0D9D7CBNH,2026-06-02T08:01:03.533605
amazon,B07DC3ML9R,Product B07DC3ML9R,Bonjorno Coffee Mix Pouch 400g,Office Supplies,EGP 154.50,EGP 168.00,,4.3,(1.7K),In Stock,https://m.media-amazon.com/images/I/610zGbDYuOL._AC_UL320_.jpg,https://www.amazon.eg/dp/B07DC3ML9R,2026-06-02T08:01:03.538083
amazon,B08FTZNBSJ,Product B08FTZNBSJ,"Frida home cleaner - clean, 480 ml",Office Supplies,EGP 45.00,EGP 61.05,,4.5,(2.5K),In Stock,https://m.media-amazon.com/images/I/713t6FC5blL._AC_UL320_.jpg,https://www.amazon.eg/dp/B08FTZNBSJ,2026-06-02T08:01:03.542433
amazon,B0DFMFFLZW,Product B0DFMFFLZW,80 round cotton pads 3in1,Office Supplies,EGP 142.50,,,4.7,(716),In Stock,https://m.media-amazon.com/images/I/714a3rW3dsL._AC_UL320_.jpg,https://www.amazon.eg/dp/B0DFMFFLZW,2026-06-02T08:01:03.545849
amazon,B0846D5CBP,Product B0846D5CBP,Casio fx-991esplus-2wdtv digital calculator - Black - 2 Years Warranty,Office Supplies,"EGP 1,099.00","EGP 1,399.00",,4.6,(17.4K),In Stock,https://m.media-amazon.com/images/I/514Kel0a1xL._AC_UL320_.jpg,https://www.amazon.eg/dp/B0846D5CBP,2026-06-02T08:03:07.994404
amazon,B0CQYW2NGC,Product B0CQYW2NGC,SOKANY SK-12003 Garment Steamer 1500W 250mm,Office Supplies,"EGP 1,498.00","EGP 1,580.28",,4.0,(117),In Stock,https://m.media-amazon.com/images/I/51VGOEIB6CL._AC_UL320_.jpg,https://www.amazon.eg/dp/B0CQYW2NGC,2026-06-02T08:03:07.998406
amazon,B0DX852MDF,Product B0DX852MDF,Panasonic Replacement Cartridge for Water Purifier TK-CS200C,Office Supplies,,,,4.1,(149),In Stock,https://m.media-amazon.com/images/I/61RBH0w3gAL._AC_UL320_.jpg,https://www.amazon.eg/dp/B0DX852MDF,2026-06-02T08:03:08.007835
amazon,B0FDGLCR1H,Product B0FDGLCR1H,Silver Crest Air Fryer 6 Liter 2400W Multifunction Touch Screen - Black,Office Supplies,"EGP 1,199.99","EGP 1,351.43",,3.0,(96),In Stock,https://m.media-amazon.com/images/I/61J99-JRTrL._AC_UL320_.jpg,https://www.amazon.eg/dp/B0FDGLCR1H,2026-06-02T08:03:08.011638
amazon,B07Y2G7VX5,Product B07Y2G7VX5,"HAVIT H2002d Gaming Headsets for PS4, PS5, PC, Xbox Series X|S, Xbox One Controller Gaming Headphones with Mic - 53mm Drivers - Durable Aluminum Frame",Office Supplies,"EGP 1,415.00","EGP 1,490.18",,4.6,(25.3K),In Stock,https://m.media-amazon.com/images/I/71+kXnOiM2L._AC_UL320_.jpg,https://www.amazon.eg/dp/B07Y2G7VX5,2026-06-02T08:03:08.015533
amazon,B08VH1VX9Z,Product B08VH1VX9Z,"EZVIZ CS-TY1 1080p 360-Degree WiFi Smart Home Security Camera, Intelligent Surveillance Camera with Night Vision, Smart Tracking, Two-way Audio, White, 1 Count (Pack of 1)",Office Supplies,"EGP 1,199.00",,,4.5,(1.9K),In Stock,https://m.media-amazon.com/images/I/51Uyc1UK5uL._AC_UL320_.jpg,https://www.amazon.eg/dp/B08VH1VX9Z,2026-06-02T08:03:08.018881
amazon,B0CDM94MJL,Product B0CDM94MJL,"HUAWEI FreeBuds SE 2, 40-Hour Battery Life, Compact and Comfortable to Grip, 3 Hours of Music Playback on a 10-Minute Charge, IP54 Dust & Splash Resistance, Isle Blue",Office Supplies,"EGP 1,084.00","EGP 1,200.00",,4.2,(12.4K),In Stock,https://m.media-amazon.com/images/I/61gP3AMqy2L._AC_UL320_.jpg,https://www.amazon.eg/dp/B0CDM94MJL,2026-06-02T08:03:08.024235
amazon,B0B2RST165,Product B0B2RST165,"Casio FX-991ESPLUS-2PKWDT Scientific Calculator, Pink",Office Supplies,"EGP 1,199.00",,,4.6,(17.4K),In Stock,https://m.media-amazon.com/images/I/61A5VbemBaL._AC_UL320_.jpg,https://www.amazon.eg/dp/B0B2RST165,2026-06-02T08:03:08.048204
amazon,B0FD8RNLSD,Product B0FD8RNLSD,"Tefal Tempo Flame Frypan Set, Size (20-24) cm, Red - 220089996",Office Supplies,"EGP 1,149.00",,,4.7,(7),In Stock,https://m.media-amazon.com/images/I/51azCqNI3cL._AC_UL320_.jpg,https://www.amazon.eg/dp/B0FD8RNLSD,2026-06-02T08:03:08.064386
amazon,B0BKWXJB29,Product B0BKWXJB29,TotalEnergies QUARTZ 7000 10W-40 Synthetic Technology Engine oil for Passenger Car - 5 Liters,Office Supplies,"EGP 1,199.00",,,4.4,(1.2K),In Stock,https://m.media-amazon.com/images/I/71D3lCv+7ZL._AC_UL320_.jpg,https://www.amazon.eg/dp/B0BKWXJB29,2026-06-02T08:03:08.072507
amazon,B08WJNFTJ9,Product B08WJNFTJ9,Fresh Fan Desk Smart 16 Inch,Office Supplies,"EGP 1,179.00","EGP 1,296.00",,4.4,(291),In Stock,https://m.media-amazon.com/images/I/61KM09nlbdL._AC_UL320_.jpg,https://www.amazon.eg/dp/B08WJNFTJ9,2026-06-02T08:03:08.077255
amazon,B0D3P8ZP21,Product B0D3P8ZP21,"Xiaomi Body Fat Scale S400 Bathroom Scales with Dual Frequency Measurement, 25 Health Indicators, up to 150 kg and Accuracy of 100 g, Body mass index, muscle mass, body fat, White",Office Supplies,"EGP 1,410.00","EGP 1,533.30",,4.4,(2.3K),In Stock,https://m.media-amazon.com/images/I/51keV3OO2kL._AC_UL320_.jpg,https://www.amazon.eg/dp/B0D3P8ZP21,2026-06-02T08:03:08.093089
amazon,B0B6SR56HJ,Product B0B6SR56HJ,Gohar Ironing Board Metal,Office Supplies,"EGP 1,250.00","EGP 1,629.00",,3.9,(285),In Stock,https://m.media-amazon.com/images/I/51waliM5flL._AC_UL320_.jpg,https://www.amazon.eg/dp/B0B6SR56HJ,2026-06-02T08:03:08.097297
amazon,B0BS43H1DM,Product B0BS43H1DM,"Tefal FV2831E2 Express Steam, Steam Iron, 2200 Watts, 100 g/minute Steam Boost, X-Glide Ceramic Soleplate, Vertical Steaming Use, Blue Boreal",Office Supplies,"EGP 1,699.00",,,4.0,(197),In Stock,https://m.media-amazon.com/images/I/51kNQUMv3cL._AC_UL320_.jpg,https://www.amazon.eg/dp/B0BS43H1DM,2026-06-02T08:03:08.100494
amazon,B0795W624R,Product B0795W624R,"Philips Oneblade Replaceable Blade Pack Including 2 Replaceable Blades, Qp220/51 (Lime)",Office Supplies,"EGP 1,500.98",,,4.7,(2.6K),In Stock,https://m.media-amazon.com/images/I/71xZIjLsrrL._AC_UL320_.jpg,https://www.amazon.eg/dp/B0795W624R,2026-06-02T08:03:08.104303
amazon,B00BJB8PUG,Product B00BJB8PUG,Nutrex Lipo-6 Black UC 60c,Office Supplies,"EGP 1,085.00","EGP 1,300.00",,4.1,(134),In Stock,https://m.media-amazon.com/images/I/51sD09ZdZIL._AC_UL320_.jpg,https://www.amazon.eg/dp/B00BJB8PUG,2026-06-02T08:03:08.108190
amazon,B0FWGKV4V1,Product B0FWGKV4V1,"Home Office chair desk chair, Mesh Chair with Headrest (With Headrest, Black)",Office Supplies,"EGP 1,579.00",,,3.6,(111),In Stock,https://m.media-amazon.com/images/I/61kE2u7uWfL._AC_UL320_.jpg,https://www.amazon.eg/dp/B0FWGKV4V1,2026-06-02T08:03:08.118237
amazon,B091J64SNB,Product B091J64SNB,Compressor Car 2 cylinder 12 volts Model TOTAL TTAC2506,Office Supplies,"EGP 1,673.00","EGP 2,042.00",,4.6,(205),In Stock,https://m.media-amazon.com/images/I/610WP8BiEwL._AC_UL320_.jpg,https://www.amazon.eg/dp/B091J64SNB,2026-06-02T08:03:08.122032
amazon,B0CX14ZJV5,Product B0CX14ZJV5,Dr. Elsia DR.ALTHEA Resveratrol 345NA Intensive Repair Cream 1.7 fl oz (50 ml) Face Cream [Parallel Import],Office Supplies,"EGP 1,310.99","EGP 1,395.00",,3.8,(276),In Stock,https://m.media-amazon.com/images/I/310nmHpldmL._AC_UL320_.jpg,https://www.amazon.eg/dp/B0CX14ZJV5,2026-06-02T08:03:08.126369
amazon,B09SKSBZSL,Product B09SKSBZSL,Rossmax - Z1 Blood Pressure Monitor,Office Supplies,"EGP 1,410.50","EGP 1,500.00",,4.4,(308),In Stock,https://m.media-amazon.com/images/I/41uZ-E21fGL._AC_UL320_.jpg,https://www.amazon.eg/dp/B09SKSBZSL,2026-06-02T08:03:08.130151
amazon,B08WJN8YRC,Product B08WJN8YRC,Fresh stand fan shabah 18 inch,Office Supplies,"EGP 1,980.00",,,4.3,(765),In Stock,https://m.media-amazon.com/images/I/513n962WGwL._AC_UL320_.jpg,https://www.amazon.eg/dp/B08WJN8YRC,2026-06-02T08:03:08.134669
amazon,B0GWVTV1D7,Product B0GWVTV1D7,"VGR V-634 4-in-1 Rechargeable Men's Grooming Kit, Waterproof Hair and Body Trimmer with LED Display, 4 Interchangeable Heads, 9 Guide Combs, USB Charging (Gray)",Office Supplies,"EGP 1,370.00",,,3.2,(5),In Stock,https://m.media-amazon.com/images/I/71zu+p28tVL._AC_UL320_.jpg,https://www.amazon.eg/dp/B0GWVTV1D7,2026-06-02T08:03:08.138036
amazon,B0B2RR481F,Product B0B2RR481F,"Casio Scientific Calculators Non Programmable 10 2 Digis 417 Functions Blue Color FX-991ESPLUS2BUWDT, C86",Office Supplies,"EGP 1,199.00",,,4.6,(17.4K),In Stock,https://m.media-amazon.com/images/I/61mxxfYRO7L._AC_UL320_.jpg,https://www.amazon.eg/dp/B0B2RR481F,2026-06-02T08:03:08.142601
amazon,B0DJRCL28G,Product B0DJRCL28G,"Panasonic Replacement Water Purifier Cartridge – 12,000L Capacity for TK-CS200, TK-CS20, TK-CS10, PJ-6RF, PJ-3RF, Activated Carbon, Removes Chlorine, Turbidity & Particulate Iron – TK-CS200C",Office Supplies,"EGP 1,029.00",,,4.2,(113),In Stock,https://m.media-amazon.com/images/I/51GFy1nEE4L._AC_UL320_.jpg,https://www.amazon.eg/dp/B0DJRCL28G,2026-06-02T08:03:08.149710
amazon,B0D95PQHQQ,Product B0D95PQHQQ,"L’Oréal Professionnel, Absolut Repair Molecular Professional Concentrated Rinse-off Mask, Repair Damage & Restore Strength, Extra Detangling & Suppleness, For All Damaged Hair Types,SERIE EXPERT,250ml",Office Supplies,"EGP 1,476.29",,,4.2,(437),In Stock,https://m.media-amazon.com/images/I/51iPn2WKAXL._AC_UL320_.jpg,https://www.amazon.eg/dp/B0D95PQHQQ,2026-06-02T08:03:08.153084
amazon,B0976ZNNPR,Product B0976ZNNPR,"Pampers Pants Case, Size 6 with Lotion with Olive Oil, 128 Baby Diapers (Pack of 2-64 * 2) (pack may vary)",Office Supplies,"EGP 1,020.00","EGP 1,087.00",,4.2,(1.2K),In Stock,https://m.media-amazon.com/images/I/81pE5M7sSyL._AC_UL320_.jpg,https://www.amazon.eg/dp/B0976ZNNPR,2026-06-02T08:03:08.169134
amazon,B0B3RNZD86,Product B0B3RNZD86,adidas MEN COURTBLOCK SHOES,Office Supplies,"EGP 1,770.88",,,4.5,(5),In Stock,https://m.media-amazon.com/images/I/61MR1cREG0L._AC_UL320_.jpg,https://www.amazon.eg/dp/B0B3RNZD86,2026-06-02T08:03:08.172587
amazon,B0DLTL8JCM,Product B0DLTL8JCM,Granzia Facilita Blood Pressure Monitor,Office Supplies,"EGP 1,190.00","EGP 1,354.50",,4.3,(80),In Stock,https://m.media-amazon.com/images/I/61zdU6ojN6L._AC_UL320_.jpg,https://www.amazon.eg/dp/B0DLTL8JCM,2026-06-02T08:03:08.175968
amazon,B091C19XKT,Product B091C19XKT,Tank Ice Box - 1 Year Warranty,Office Supplies,"EGP 1,690.00",,,4.4,(792),In Stock,https://m.media-amazon.com/images/I/51WcBsa65OL._AC_UL320_.jpg,https://www.amazon.eg/dp/B091C19XKT,2026-06-02T08:03:08.180774
amazon,B08JD3DSTJ,Product B08JD3DSTJ,Kingston DataTraveler Exodia 256GB USB 3.2 Flash Drive DTX/256GB,Office Supplies,"EGP 1,160.00",,,4.0,(50.3K),In Stock,https://m.media-amazon.com/images/I/71-L0J4+1pL._AC_UL320_.jpg,https://www.amazon.eg/dp/B08JD3DSTJ,2026-06-02T08:03:08.184529
amazon,B07T2CNPXH,Product B07T2CNPXH,Regaine Men's Hair Regrowth Foam (73ml),Office Supplies,,,,4.0,(123),In Stock,https://m.media-amazon.com/images/I/51gpygRGz2L._AC_UL320_.jpg,https://www.amazon.eg/dp/B07T2CNPXH,2026-06-02T08:03:08.186817
amazon,B0FY3G89GQ,Product B0FY3G89GQ,Fresh Microwave 25L mechanical silver FMW-25MC-SW,Office Supplies,"EGP 4,533.00",,,5.0,(4),In Stock,https://m.media-amazon.com/images/I/71wr3RZENyL._AC_UL320_.jpg,https://www.amazon.eg/dp/B0FY3G89GQ,2026-06-02T08:04:42.158199
amazon,B0CDQDHM6T,Product B0CDQDHM6T,adidas WOMEN URBAN COURT,Office Supplies,"EGP 2,053.00","EGP 4,169.00",,4.4,(1.1K),In Stock,https://m.media-amazon.com/images/I/61mdoLkP5+L._AC_UL320_.jpg,https://www.amazon.eg/dp/B0CDQDHM6T,2026-06-02T08:04:42.256979
amazon,B0BZZJWGPQ,Product B0BZZJWGPQ,Kérastase Nutritive 8H Magic Night Serum for Dry Hair 90ml,Office Supplies,"EGP 2,328.23",,,4.6,(7.4K),In Stock,https://m.media-amazon.com/images/I/51LZstXj+IL._AC_UL320_.jpg,https://www.amazon.eg/dp/B0BZZJWGPQ,2026-06-02T08:04:42.282396
amazon,B0GDHKLFGF,Product B0GDHKLFGF,adidas unisex-adult GALAXY STEP SHOES,Office Supplies,"EGP 2,614.00","EGP 2,956.00",,4.7,(9),In Stock,https://m.media-amazon.com/images/I/71-lQJVc7lL._AC_UL320_.jpg,https://www.amazon.eg/dp/B0GDHKLFGF,2026-06-02T08:04:42.301386
amazon,B0BF58XZR5,Product B0BF58XZR5,"Pampers Premium EXTRA CARE Taped Diapers, Size 5, 11-25 kg, with Lotion with Aloe Vera, Saving Pack, 68 Baby Diapers",Pet Supplies,EGP 550.00,EGP 616.00,,4.5,(4K),In Stock,https://m.media-amazon.com/images/I/814mS8ZIPPL._AC_UL320_.jpg,https://www.amazon.eg/dp/B0BF58XZR5,2026-06-02T08:03:16.107001
amazon,B075CP646D,Product B075CP646D,"Nokia 105 Dual Sim, 4MB 2G Phone, Black",Pet Supplies,EGP 589.99,,,3.0,(9.1K),In Stock,https://m.media-amazon.com/images/I/61lhBBERORL._AC_UL320_.jpg,https://www.amazon.eg/dp/B075CP646D,2026-06-02T08:03:16.111782
amazon,B0D49ZSBFV,Product B0D49ZSBFV,Ariel Automatic Detergent Powder Touch of Downy 8 KG (packaging may vary),Pet Supplies,EGP 522.00,EGP 598.00,,4.5,(2.2K),In Stock,https://m.media-amazon.com/images/I/71vCkrk1ttL._AC_UL320_.jpg,https://www.amazon.eg/dp/B0D49ZSBFV,2026-06-02T08:03:16.116088
amazon,B07XLML2YS,Product B07XLML2YS,"Tapo c200 360-degree smart wi-fi pan and tilt camera, 1080 p - white",Pet Supplies,EGP 835.98,EGP 909.00,,4.6,(147.6K),In Stock,https://m.media-amazon.com/images/I/41a5w8F1xGL._AC_UL320_.jpg,https://www.amazon.eg/dp/B07XLML2YS,2026-06-02T08:03:16.120728
amazon,B0B4339XBF,Product B0B4339XBF,OXI LS Lavender 8KG +1KG,Pet Supplies,EGP 569.95,,,4.6,(1K),In Stock,https://m.media-amazon.com/images/I/81HRkqMPzWL._AC_UL320_.jpg,https://www.amazon.eg/dp/B0B4339XBF,2026-06-02T08:03:16.124004
amazon,B09X4FJJJ5,Product B09X4FJJJ5,VGR V-393 Washable Double Sided Double Blade Shaver Set Hybrid,Pet Supplies,EGP 897.00,,,4.2,(307),In Stock,https://m.media-amazon.com/images/I/61OccGxXyDL._AC_UL320_.jpg,https://www.amazon.eg/dp/B09X4FJJJ5,2026-06-02T08:03:16.127498
amazon,B09CDPFFZ1,Product B09CDPFFZ1,Tank PRO Cartridge - 6 Purification Compressed Functions with BACTBAN Technology,Pet Supplies,EGP 599.00,EGP 689.00,,4.4,(601),In Stock,https://m.media-amazon.com/images/I/51RAYaUR2DL._AC_UL320_.jpg,https://www.amazon.eg/dp/B09CDPFFZ1,2026-06-02T08:03:16.131825
amazon,B08JD4TBM3,Product B08JD4TBM3,Kingston 128GB Exodia USB 3.20 Flash - DTX/128GB,Pet Supplies,EGP 510.00,EGP 570.00,,4.0,(50.3K),In Stock,https://m.media-amazon.com/images/I/51AsGiXV6WL._AC_UL320_.jpg,https://www.amazon.eg/dp/B08JD4TBM3,2026-06-02T08:03:16.136068
amazon,9778800111,Product 9778800111,همس الجنون,Pet Supplies,,,,,Paperback,In Stock,https://m.media-amazon.com/images/I/61XUEER72XL._AC_UL320_.jpg,https://www.amazon.eg/dp/9778800111,2026-06-02T08:03:16.138140
amazon,B075L6BL61,Product B075L6BL61,Karseell Hair Repair Mask - Deep Conditioning MACA Collagen for Dry Damaged Hair (16.9 fl oz),Pet Supplies,EGP 665.00,EGP 665.00,,4.7,(31.2K),In Stock,https://m.media-amazon.com/images/I/51R-VS4++KL._AC_UL320_.jpg,https://www.amazon.eg/dp/B075L6BL61,2026-06-02T08:03:16.143061
amazon,B0GXGTX3JF,Product B0GXGTX3JF,Domana (DOMANA) Medical Memory Foam Pillow for Neck and Back Pain - Ergonomic Design for Spinal Support with Washable Cover for Healthy and Comfortable Sleep (50 * 30),Pet Supplies,EGP 550.00,,,4.2,(13),In Stock,https://m.media-amazon.com/images/I/61q1W-GG+jL._AC_UL320_.jpg,https://www.amazon.eg/dp/B0GXGTX3JF,2026-06-02T08:03:16.146700
amazon,B0D6R8Z4K1,Product B0D6R8Z4K1,SkyLine Stand Fan 18`` JET 6 Blades - مروحة سكاي لاين ستاند 18 بوصة جيت,Pet Supplies,EGP 999.00,"EGP 1,120.00",,3.4,(339),In Stock,https://m.media-amazon.com/images/I/51VTnq9rciL._AC_UL320_.jpg,https://www.amazon.eg/dp/B0D6R8Z4K1,2026-06-02T08:03:16.150952
amazon,B0FPBGYYM5,Product B0FPBGYYM5,Truman - Digital Satellite Receiver Mini HD - TM 9K,Pet Supplies,EGP 540.00,,,4.0,(112),In Stock,https://m.media-amazon.com/images/I/51ex3OWwJkL._AC_UL320_.jpg,https://www.amazon.eg/dp/B0FPBGYYM5,2026-06-02T08:03:16.154641
amazon,B08YDR6TJ1,Product B08YDR6TJ1,"NAN Optipro Stage 3 (1 - 3 years), 800g",Pet Supplies,EGP 640.00,EGP 665.00,,4.6,(294),In Stock,https://m.media-amazon.com/images/I/71n6VyIvDfL._AC_UL320_.jpg,https://www.amazon.eg/dp/B08YDR6TJ1,2026-06-02T08:03:16.158515
amazon,B09LT848WD,Product B09LT848WD,"Red Bull Energy Drink, 250 ml, (12 pack)",Pet Supplies,EGP 614.97,EGP 639.70,,4.7,(58),In Stock,https://m.media-amazon.com/images/I/71dZltqdUSL._AC_UL320_.jpg,https://www.amazon.eg/dp/B09LT848WD,2026-06-02T08:03:16.162312
amazon,B00AHXXJVW,Product B00AHXXJVW,TP-Link 300MBPS TL-WA850RE Wi-Fi Range Extender - White,Pet Supplies,EGP 729.00,,,4.5,(32.6K),In Stock,https://m.media-amazon.com/images/I/61eCzGg4AXL._AC_UL320_.jpg,https://www.amazon.eg/dp/B00AHXXJVW,2026-06-02T08:03:16.166430
amazon,B0G5PRV5YP,Product B0G5PRV5YP,Finish Powerball Ultimate Plus Dishwasher Detergent - Lemon Fragrance Scent| 45 Tablets x 2,Pet Supplies,EGP 804.30,,,4.7,(178),In Stock,https://m.media-amazon.com/images/I/61Yi7DNmDPL._AC_UL320_.jpg,https://www.amazon.eg/dp/B0G5PRV5YP,2026-06-02T08:03:16.169679
amazon,B0DXV8YW8L,Product B0DXV8YW8L,Redrex- Creatine- Unflavored- 150 gm,Pet Supplies,EGP 521.10,,,4.3,(125),In Stock,https://m.media-amazon.com/images/I/51Wz8SNL0ZL._AC_UL320_.jpg,https://www.amazon.eg/dp/B0DXV8YW8L,2026-06-02T08:03:16.173353
amazon,B0GM7ZXZ55,Product B0GM7ZXZ55,Organic nation Berberine-60Serv.-60Caps,Pet Supplies,EGP 695.00,,,4.5,(22),In Stock,https://m.media-amazon.com/images/I/61itxDLjvKL._AC_UL320_.jpg,https://www.amazon.eg/dp/B0GM7ZXZ55,2026-06-02T08:03:16.176103
amazon,B0CLP9GHJR,Product B0CLP9GHJR,Limitless Alpha Creatine Monohydrate Micronized Powder Scoops60,Pet Supplies,EGP 690.00,,,4.0,(293),In Stock,https://m.media-amazon.com/images/I/71++O3tiXNL._AC_UL320_.jpg,https://www.amazon.eg/dp/B0CLP9GHJR,2026-06-02T08:03:16.179438
amazon,B07DWDXW2N,Product B07DWDXW2N,"Miro Milk Powder Full Cream Aluminum bags, 1500 gm",Pet Supplies,EGP 593.25,,,4.4,(1.8K),In Stock,https://m.media-amazon.com/images/I/6126u6wT1aL._AC_UL320_.jpg,https://www.amazon.eg/dp/B07DWDXW2N,2026-06-02T08:03:16.182684
amazon,B0DXLBNG6K,Product B0DXLBNG6K,"Anker Zolo 1C Wall Charger Type-C 30W Fast Charging, Improved Temperature Control, Small Design and Charge 3X Faster, Compatible with iPhone, iPad, Samsung, Pixel and - Black -18 Months Warranty",Pet Supplies,EGP 654.00,EGP 699.00,,4.6,(668),In Stock,https://m.media-amazon.com/images/I/41E4kEpByfL._AC_UL320_.jpg,https://www.amazon.eg/dp/B0DXLBNG6K,2026-06-02T08:03:16.186869
amazon,B09QQT41TP,Product B09QQT41TP,Dercos Anti-Dandruff Shampoo Oily 200Ml,Pet Supplies,EGP 768.00,,,4.6,(747),In Stock,https://m.media-amazon.com/images/I/714uXn5lnLL._AC_UL320_.jpg,https://www.amazon.eg/dp/B09QQT41TP,2026-06-02T08:03:16.190602
amazon,B06XYLG4KB,Product B06XYLG4KB,"Gillette Venus ComfortGlide Breeze Blades Refills 3 Bladed, 4 Count",Pet Supplies,EGP 599.00,,,4.5,(1.5K),In Stock,https://m.media-amazon.com/images/I/71Ugh4yb5LL._AC_UL320_.jpg,https://www.amazon.eg/dp/B06XYLG4KB,2026-06-02T08:03:16.194256
amazon,B0F4C2L474,Product B0F4C2L474,Clothes Rack with Double Rods 1.10M Metal Clothes Coat Rack Shoes Rack Clothes Rack Multipurpose Clothes Hanger Organizer (Black),Pet Supplies,EGP 625.00,,,4.0,(71),In Stock,https://m.media-amazon.com/images/I/41eXBZhttmL._AC_UL320_.jpg,https://www.amazon.eg/dp/B0F4C2L474,2026-06-02T08:03:16.197827
amazon,B0BVZYZYX5,Product B0BVZYZYX5,Fairy automatic dishwasher platinum plus 50 capsules,Pet Supplies,EGP 530.99,,,4.6,(4.2K),In Stock,https://m.media-amazon.com/images/I/71IonAg5J6L._AC_UL320_.jpg,https://www.amazon.eg/dp/B0BVZYZYX5,2026-06-02T08:03:16.201618
amazon,B0DK4Y2YP3,Product B0DK4Y2YP3,celimax Retinal shot tightening Booster for Firm skin 15 ml,Pet Supplies,EGP 768.00,"EGP 1,081.86",,4.4,(14.4K),In Stock,https://m.media-amazon.com/images/I/51utpRckeQL._AC_UL320_.jpg,https://www.amazon.eg/dp/B0DK4Y2YP3,2026-06-02T08:03:16.205451
amazon,B077N513Z1,Product B077N513Z1,Maybelline New York Superstay Matte Ink Liquid Lipstick - 65 Seductress,Pet Supplies,EGP 510.37,EGP 685.00,,4.4,(33.5K),In Stock,https://m.media-amazon.com/images/I/51X8cvkamAL._AC_UL320_.jpg,https://www.amazon.eg/dp/B077N513Z1,2026-06-02T08:03:16.209931
amazon,B0DWLK9JJH,Product B0DWLK9JJH,"Oraimo Smart Watch 5 Lite OSW-804 2.01 Inch TFT IP68, Normal Usage Time 7 days Standby Time More than 28 days - Black - 12 Months Warranty",Pet Supplies,EGP 835.00,"EGP 1,215.00",,4.4,(276),In Stock,https://m.media-amazon.com/images/I/41kxbkppx+L._AC_UL320_.jpg,https://www.amazon.eg/dp/B0DWLK9JJH,2026-06-02T08:03:16.213956
amazon,B0FNWZ3YVV,Product B0FNWZ3YVV,Davidoff Coffee Flavor 90 Gm,Pet Supplies,EGP 510.00,,,4.6,(48),In Stock,https://m.media-amazon.com/images/I/61z2qY1xO3L._AC_UL320_.jpg,https://www.amazon.eg/dp/B0FNWZ3YVV,2026-06-02T08:03:16.217080
amazon,B0DBHT1BT9,Product B0DBHT1BT9,"Xiaomi Wireless Earphones, Redmi buds 6 Play, 36 Hours Playtime, AI Call Noise Reduction, Ultra Lightweight, Compatible with Google Fast Pair, Fast Charging, White|6 month manufacturer warranty",Pet Supplies,EGP 732.99,EGP 855.00,,4.0,(21.7K),In Stock,https://m.media-amazon.com/images/I/51WLPR6rLmL._AC_UL320_.jpg,https://www.amazon.eg/dp/B0DBHT1BT9,2026-06-02T08:03:16.223510
amazon,B00EYW1U68,Product B00EYW1U68,Tp-link TL-WA855RE 300 Mbps Wi-Fi Range Extender,Pet Supplies,EGP 848.98,,,4.4,(20.6K),In Stock,https://m.media-amazon.com/images/I/41wUOrzC40L._AC_UL320_.jpg,https://www.amazon.eg/dp/B00EYW1U68,2026-06-02T08:03:16.227647
amazon,B000LAKYW8,Product B000LAKYW8,"Casio Collection Unisex Adults Watch A168WA, Silver, Bracelet",Pet Supplies,EGP 590.00,,,2.8,(31.4K),In Stock,https://m.media-amazon.com/images/I/613BThUhjoL._AC_UL320_.jpg,https://www.amazon.eg/dp/B000LAKYW8,2026-06-02T08:03:16.231794
amazon,B0B4338B63,Product B0B4338B63,OXI LS W-DETER spring 8KG+ 1KG,Pet Supplies,EGP 589.95,,,4.6,(296),In Stock,https://m.media-amazon.com/images/I/81WCujEbz0L._AC_UL320_.jpg,https://www.amazon.eg/dp/B0B4338B63,2026-06-02T08:03:16.235116
amazon,B0FCZTYSN6,Product B0FCZTYSN6,Kingston Canvas Select Plus microSD Memory Card 128GB microSDXC Gen3 150MB/s A1 Card + Adapter - SDCS3/128GB,Pet Supplies,EGP 999.00,,,4.5,(1.2K),In Stock,https://m.media-amazon.com/images/I/71913emXQOL._AC_UL320_.jpg,https://www.amazon.eg/dp/B0FCZTYSN6,2026-06-02T08:03:16.239274
amazon,B01N1VNKOG,Product B01N1VNKOG,Maybelline New York Fit Me Matte + Poreless – 102 Fair Ivory,Pet Supplies,EGP 550.00,,,4.1,(13.7K),In Stock,https://m.media-amazon.com/images/I/41yUHq5uAtL._AC_UL320_.jpg,https://www.amazon.eg/dp/B01N1VNKOG,2026-06-02T08:03:16.245175
amazon,B088QGQ3WJ,Product B088QGQ3WJ,Fresh Boxer Fan 12 Inch,Pet Supplies,EGP 929.00,EGP 960.00,,4.4,(1K),In Stock,https://m.media-amazon.com/images/I/61hfBVDjRXL._AC_UL320_.jpg,https://www.amazon.eg/dp/B088QGQ3WJ,2026-06-02T08:03:16.249760
amazon,B0CL3G5ZCS,Product B0CL3G5ZCS,Cottonil Men Set of 6 Everyday Boxer Shorts (pack of 6),Pet Supplies,EGP 579.00,,,4.0,(941),In Stock,https://m.media-amazon.com/images/I/61BrklOTicL._AC_UL320_.jpg,https://www.amazon.eg/dp/B0CL3G5ZCS,2026-06-02T08:03:16.254181
amazon,B0CRDNJ29B,Product B0CRDNJ29B,"YASHE Fast Popcorn Machine With Hot Air,1200W Popcorn Popper Machine,Popcorn Machine,2 Min Fast Bang,One Button Operation,Red",Pet Supplies,EGP 551.12,EGP 923.00,,3.7,(515),In Stock,https://m.media-amazon.com/images/I/71A+ZjuoJdL._AC_UL320_.jpg,https://www.amazon.eg/dp/B0CRDNJ29B,2026-06-02T08:03:16.258809
amazon,B0DBSJY231,Product B0DBSJY231,المختصر في تفسير القرآن الكريم حجم ٢٨*٢٠,Pet Supplies,EGP 595.00,,,5.0,(3),In Stock,https://m.media-amazon.com/images/I/71vR4IdOAlL._AC_UL320_.jpg,https://www.amazon.eg/dp/B0DBSJY231,2026-06-02T08:03:16.262102
amazon,B09Y2T1N7L,Product B09Y2T1N7L,Desk Fan Clamp - 220V,Pet Supplies,EGP 592.00,EGP 613.00,,3.8,(224),In Stock,https://m.media-amazon.com/images/I/61y8m7Bj6AL._AC_UL320_.jpg,https://www.amazon.eg/dp/B09Y2T1N7L,2026-06-02T08:03:16.265791
amazon,B077N77HSB,Product B077N77HSB,Maybelline New York Superstay Matte Ink Lipstick - 70 Amazonian,Pet Supplies,EGP 509.98,,,4.4,(33.5K),In Stock,https://m.media-amazon.com/images/I/51fuxBAI4cL._AC_UL320_.jpg,https://www.amazon.eg/dp/B077N77HSB,2026-06-02T08:03:16.271325
amazon,B0DBGSRW73,Product B0DBGSRW73,مصحف القرآن تدبر وعمل حجم ٢٨*٢٠,Pet Supplies,EGP 650.00,,,4.2,(14),In Stock,https://m.media-amazon.com/images/I/71AjdomGn7L._AC_UL320_.jpg,https://www.amazon.eg/dp/B0DBGSRW73,2026-06-02T08:03:16.274842
amazon,B0FHQ3VW3N,Product B0FHQ3VW3N,Wide Leg Barrel Jeans,Pet Supplies,EGP 700.00,,,3.9,(223),In Stock,https://m.media-amazon.com/images/I/41bfgQ+iDwL._AC_UL320_.jpg,https://www.amazon.eg/dp/B0FHQ3VW3N,2026-06-02T08:03:16.279521
amazon,B0816PBHHF,Product B0816PBHHF,"Maybelline New York Super Stay Matte Ink Liquid Lipstick - 175, Ringleader",Pet Supplies,EGP 509.98,,,4.4,(33.5K),In Stock,https://m.media-amazon.com/images/I/41VVIKK9szL._AC_UL320_.jpg,https://www.amazon.eg/dp/B0816PBHHF,2026-06-02T08:03:16.283056
amazon,B009PEDGJ4,Product B009PEDGJ4,L’Oréal Professionnel TECNI ART WEB SCULPTING PASTE 150ml,Pet Supplies,EGP 700.11,,,4.5,(1.6K),In Stock,https://m.media-amazon.com/images/I/61Z4SXPkyBL._AC_UL320_.jpg,https://www.amazon.eg/dp/B009PEDGJ4,2026-06-02T08:03:16.286308
amazon,B0C7CQT9ZS,Product B0C7CQT9ZS,"Anker Soundcore VI R50i True Wireless Earbuds with 10mm Drivers for Powerful Bass, Bluetooth 5.3, Long Playtime (30 Hours), Water Resistant, 2 Clear Mics, and 22 Preset EQs,18 Months Warranty",Pet Supplies,EGP 879.00,EGP 885.32,,4.2,(3.1K),In Stock,https://m.media-amazon.com/images/I/51Sc5zOZGzL._AC_UL320_.jpg,https://www.amazon.eg/dp/B0C7CQT9ZS,2026-06-02T08:03:16.291742
amazon,B00DMAWP94,Product B00DMAWP94,Deo Red Roll-On 50Ml,Pet Supplies,EGP 759.00,,,4.5,(5.3K),In Stock,https://m.media-amazon.com/images/I/61BbchdbXBL._AC_UL320_.jpg,https://www.amazon.eg/dp/B00DMAWP94,2026-06-02T08:03:16.295024
amazon,B0CC5Z8QNQ,Product B0CC5Z8QNQ,Truman - TV Wall Mount P65 Movable 55-85 inch - Black,Pet Supplies,"EGP 1,444.00","EGP 1,487.52",,4.6,(190),In Stock,https://m.media-amazon.com/images/I/71nMQxzr8jL._AC_UL320_.jpg,https://www.amazon.eg/dp/B0CC5Z8QNQ,2026-06-02T08:03:47.453716
amazon,B08XRRYTSW,Product B08XRRYTSW,"Tank Power Water Filter 5 Stages Plus, 1 Year Warranty",Pet Supplies,"EGP 1,299.00","EGP 1,494.00",,4.2,(427),In Stock,https://m.media-amazon.com/images/I/61Ak04oCjPL._AC_UL320_.jpg,https://www.amazon.eg/dp/B08XRRYTSW,2026-06-02T08:03:47.458384
amazon,B08XJNS7CD,Product B08XJNS7CD,Fresh shabah wall fan 18 inch black/red,Pet Supplies,"EGP 1,770.00","EGP 2,019.00",,4.3,(391),In Stock,https://m.media-amazon.com/images/I/71WqHorznlL._AC_UL320_.jpg,https://www.amazon.eg/dp/B08XJNS7CD,2026-06-02T08:03:47.466629
amazon,B0G5T135KM,Product B0G5T135KM,Scooter for Kids High Quality 3 Wheels Big Pedal Foldable PU Height Adjustable LED Light Best Gift Age 3 to 12 Years Red Kid Aluminum Body,Pet Supplies,"EGP 1,427.99",,,3.7,(45),In Stock,https://m.media-amazon.com/images/I/51xoEAZIiDL._AC_UL320_.jpg,https://www.amazon.eg/dp/B0G5T135KM,2026-06-02T08:03:47.469937
amazon,B0GMXH2ZSZ,Product B0GMXH2ZSZ,"COUGAR-EGY T28 Wireless Controller for PS4, White and Black, with Turbo Function and Vibration, Compatible with Steam, Desktop PC, Notebook and PS4.",Pet Supplies,"EGP 1,099.90",,,4.4,(9),In Stock,https://m.media-amazon.com/images/I/410mU+rbnEL._AC_UL320_.jpg,https://www.amazon.eg/dp/B0GMXH2ZSZ,2026-06-02T08:03:47.472660
amazon,B0FJMGCF32,Product B0FJMGCF32,Levi's Mens Men's 568™ Loose Straight Carpenter Jeans (pack of 1),Pet Supplies,"EGP 1,188.60",,,,EGP 1188.60EGP1188.60,In Stock,https://m.media-amazon.com/images/I/71nrZEMEbBL._AC_UL320_.jpg,https://www.amazon.eg/dp/B0FJMGCF32,2026-06-02T08:03:47.476048
amazon,B0CRHT4RF3,Product B0CRHT4RF3,adidas WOMEN URBAN COURT,Pet Supplies,"EGP 1,959.00","EGP 4,169.00",,4.4,(1.1K),In Stock,https://m.media-amazon.com/images/I/61mdoLkP5+L._AC_UL320_.jpg,https://www.amazon.eg/dp/B0CRHT4RF3,2026-06-02T08:03:47.482209
amazon,B083X1X919,Product B083X1X919,"Tank Power Water Filter 3 Stages with Full Year Cartridges, 1 Year Warranty",Pet Supplies,"EGP 1,142.00",,,4.2,(988),In Stock,https://m.media-amazon.com/images/I/61Ft5fibGML._AC_UL320_.jpg,https://www.amazon.eg/dp/B083X1X919,2026-06-02T08:03:47.485499
amazon,B07ZG5NTPJ,Product B07ZG5NTPJ,"eufy Smart Scale C1 with Bluetooth, Body Fat Scale, Wireless Digital Bathroom Scale, 15 Measurements, Weight/Body Fat/BMI, Fitness Body Composition Analysis, Black/White, lbs/kg",Pet Supplies,"EGP 1,367.00","EGP 1,555.00",,4.5,(5.1K),In Stock,https://m.media-amazon.com/images/I/61B52AT14CL._AC_UL320_.jpg,https://www.amazon.eg/dp/B07ZG5NTPJ,2026-06-02T08:03:47.489334
amazon,B0FJML85BV,Product B0FJML85BV,Levi's Mens Men's 541™ Athletic Taper Jeans Jeans (pack of 1),Pet Supplies,"EGP 1,101.96",,,3.5,(3),In Stock,https://m.media-amazon.com/images/I/714qcdRZQyL._AC_UL320_.jpg,https://www.amazon.eg/dp/B0FJML85BV,2026-06-02T08:03:47.493018
amazon,B0DLTKM2N8,Product B0DLTKM2N8,"Granzia Leganza Digital Blood Pressure Monitor for Home Use with Large LED Display, 200 Memory Storage, USB Type-C & Irregular Heartbeat Detection",Pet Supplies,"EGP 1,360.01","EGP 1,743.00",,4.2,(55),In Stock,https://m.media-amazon.com/images/I/51JroJaG3bL._AC_UL320_.jpg,https://www.amazon.eg/dp/B0DLTKM2N8,2026-06-02T08:03:47.498416
amazon,B09YQG4X3K,Product B09YQG4X3K,DY Nutrition Unflavoured Creatine Monohydrate Powder 300 g,Pet Supplies,"EGP 1,200.00",,,4.3,(311),In Stock,https://m.media-amazon.com/images/I/81mptGkn-7L._AC_UL320_.jpg,https://www.amazon.eg/dp/B09YQG4X3K,2026-06-02T08:03:47.501541
amazon,B0DTFZ2K4D,Product B0DTFZ2K4D,"Smart Tasbih Zikr Ring, Muslim Prayer, Prayer timing reminder, OLED display, Tasbih Counter, Smart Ring, Wearable Technology, Waterproof, Graphite 20mm, ZIKR1-22F, lite version",Pet Supplies,"EGP 1,450.00",,,4.9,(11),In Stock,https://m.media-amazon.com/images/I/41v7LnrjwpL._AC_UL320_.jpg,https://www.amazon.eg/dp/B0DTFZ2K4D,2026-06-02T08:03:47.505174
amazon,B0FJMH54KP,Product B0FJMH54KP,Levi's Mens Men's 501® Original Jeans Jeans (pack of 1),Pet Supplies,"EGP 1,260.64",,,3.0,(4),In Stock,https://m.media-amazon.com/images/I/711zn6XsxbL._AC_UL320_.jpg,https://www.amazon.eg/dp/B0FJMH54KP,2026-06-02T08:03:47.510847
amazon,B07Q4M4ZMT,Product B07Q4M4ZMT,Normaderm Gel 400Ml,Pet Supplies,"EGP 1,072.00","EGP 1,078.70",,4.7,(8.1K),In Stock,https://m.media-amazon.com/images/I/61vD7eBUisL._AC_UL320_.jpg,https://www.amazon.eg/dp/B07Q4M4ZMT,2026-06-02T08:03:47.515835
amazon,B0CVW9DPCB,Product B0CVW9DPCB,"JUHAYNA Carton Full Cream Milk Multipack 1 L Ultra Edge - 6 Pack, Save 10 LE",Grocery,,,,4.6,(2.6K),In Stock,https://m.media-amazon.com/images/I/712t3O9xoaL._AC_UL320_.jpg,https://www.amazon.eg/dp/B0CVW9DPCB,2026-06-02T08:02:34.726990
amazon,B0B5XGM32Z,Product B0B5XGM32Z,Nescafe Gold Dark Roast Instant Coffee Jar 190g,Grocery,,,,4.6,(1.7K),In Stock,https://m.media-amazon.com/images/I/71fYw25UOFL._AC_UL320_.jpg,https://www.amazon.eg/dp/B0B5XGM32Z,2026-06-02T08:02:34.729868
amazon,B07FSR1VB3,Product B07FSR1VB3,"Illy Espresso Medium Roasted Ground Coffee, 250g",Grocery,EGP 625.00,,,4.4,(6.5K),In Stock,https://m.media-amazon.com/images/I/71LPcssfRvL._AC_UL320_.jpg,https://www.amazon.eg/dp/B07FSR1VB3,2026-06-02T08:02:34.746787
amazon,B08ZSJZ8M8,Product B08ZSJZ8M8,Nestle NAN Optipro Stage 2 Follow Up Formula From 6 to 12 Months 800g,Grocery,EGP 657.37,,,4.4,(235),In Stock,https://m.media-amazon.com/images/I/71ZVrg62ZdL._AC_UL320_.jpg,https://www.amazon.eg/dp/B08ZSJZ8M8,2026-06-02T08:02:34.750562
amazon,B09W62VPQ2,Product B09W62VPQ2,Marvel Tin Tunisian extra virgin olive oil 1000ml,Grocery,EGP 619.01,,,4.4,(128),In Stock,https://m.media-amazon.com/images/I/91LJhe+whjL._AC_UL320_.jpg,https://www.amazon.eg/dp/B09W62VPQ2,2026-06-02T08:02:34.758143
amazon,B08WJL1T5Q,Product B08WJL1T5Q,Sheraton Pure Butter Ghee - 1.5 kg,Grocery,EGP 898.99,,,4.6,(528),In Stock,https://m.media-amazon.com/images/I/71X+i2y5eQL._AC_UL320_.jpg,https://www.amazon.eg/dp/B08WJL1T5Q,2026-06-02T08:02:34.762063
amazon,B09SF4H5NC,Product B09SF4H5NC,Melitta Grand Aroma 500g,Grocery,EGP 700.00,,,4.3,(87),In Stock,https://m.media-amazon.com/images/I/61xEVDJfUSL._AC_UL320_.jpg,https://www.amazon.eg/dp/B09SF4H5NC,2026-06-02T08:02:34.765631
amazon,B0B868VX2H,Product B0B868VX2H,DAVIDOFF CREAMA INTENSE COFEE CAPSULES 55GM 10,Grocery,,,,4.6,(143),In Stock,https://m.media-amazon.com/images/I/611jBn3294L._AC_UL320_.jpg,https://www.amazon.eg/dp/B0B868VX2H,2026-06-02T08:02:34.768086
amazon,B00EVD6GG4,Product B00EVD6GG4,Mars Mxd Minis 400 gm,Grocery,,,,4.5,(1K),In Stock,https://m.media-amazon.com/images/I/81OKYxbvoeL._AC_UL320_.jpg,https://www.amazon.eg/dp/B00EVD6GG4,2026-06-02T08:02:34.770406
amazon,B093GQJ1X4,Product B093GQJ1X4,S-26 GOLD Stage 3 900g,Grocery,EGP 785.64,EGP 810.00,,4.7,(109),In Stock,https://m.media-amazon.com/images/I/71QrNWrsTFS._AC_UL320_.jpg,https://www.amazon.eg/dp/B093GQJ1X4,2026-06-02T08:02:34.774705
amazon,B084DJ8HL2,Product B084DJ8HL2,Illy Illy Coffee Beans Arabica Selection Colombia - 250G,Grocery,EGP 567.99,,,4.3,(448),In Stock,https://m.media-amazon.com/images/I/612m0thdPJL._AC_UL320_.jpg,https://www.amazon.eg/dp/B084DJ8HL2,2026-06-02T08:02:34.778584
amazon,B0GDMPLJTH,Product B0GDMPLJTH,Cadbury Selections Chocolate Gifting Box (600g),Grocery,EGP 597.99,EGP 650.00,,4.4,(5),In Stock,https://m.media-amazon.com/images/I/51oZ+RWFZHL._AC_UL320_.jpg,https://www.amazon.eg/dp/B0GDMPLJTH,2026-06-02T08:02:34.782968
amazon,B0G63TNKWJ,Product B0G63TNKWJ,Bennu Premium Mini Medjool Dates 0.5 kg,Grocery,,,,4.8,(5),In Stock,https://m.media-amazon.com/images/I/81tgsv8v07L._AC_UL320_.jpg,https://www.amazon.eg/dp/B0G63TNKWJ,2026-06-02T08:02:34.785290
amazon,B098TXXTZZ,Product B098TXXTZZ,LAVAZZA Qualita Rossa Medium Roast 250 grams,Grocery,EGP 620.00,,,4.3,(684),In Stock,https://m.media-amazon.com/images/I/61yIOtqlBaL._AC_UL320_.jpg,https://www.amazon.eg/dp/B098TXXTZZ,2026-06-02T08:02:34.789383
amazon,B0BBR5XQZ8,Product B0BBR5XQZ8,Lara Coffee Taza D'Oro 70% Arabica Coffee Beans (Medium Roast),Grocery,EGP 790.00,,,4.0,(88),In Stock,https://m.media-amazon.com/images/I/71Ori-QWgbL._AC_UL320_.jpg,https://www.amazon.eg/dp/B0BBR5XQZ8,2026-06-02T08:02:34.793317
amazon,B09DCNTC7W,Product B09DCNTC7W,"NAN Optipro Stage 1 (0 - 6 months), 800g",Grocery,EGP 665.00,,,4.3,(330),In Stock,https://m.media-amazon.com/images/I/71ocX8WOPfL._AC_UL320_.jpg,https://www.amazon.eg/dp/B09DCNTC7W,2026-06-02T08:02:34.797166
amazon,B091NY218Y,Product B091NY218Y,Monin sugar free caramel syrup - 700 ml,Grocery,EGP 591.80,,,4.4,(235),In Stock,https://m.media-amazon.com/images/I/71JZ5n7x5+L._AC_UL320_.jpg,https://www.amazon.eg/dp/B091NY218Y,2026-06-02T08:02:34.801030
amazon,B08KGCHR4Z,Product B08KGCHR4Z,"Abu Kass Indian Sella Basmati Rice, 5kg - Pack of 1",Grocery,EGP 855.25,,,4.5,(508),In Stock,https://m.media-amazon.com/images/I/81DQd+swj5L._AC_UL320_.jpg,https://www.amazon.eg/dp/B08KGCHR4Z,2026-06-02T08:02:34.804979
amazon,B093GRP3DQ,Product B093GRP3DQ,S-26 GOLD Stage 2 900g,Grocery,EGP 808.99,,,4.4,(122),In Stock,https://m.media-amazon.com/images/I/61PL2Bcv1BL._AC_UL320_.jpg,https://www.amazon.eg/dp/B093GRP3DQ,2026-06-02T08:02:34.808787
amazon,B0FNBWFL3S,Product B0FNBWFL3S,Red Leaf Original Boba Tapioca Balls for Bubble Drinks Black Sugar Pearl Flavor 1kg,Grocery,,,,3.6,(11),In Stock,https://m.media-amazon.com/images/I/71-7MKUgV7L._AC_UL320_.jpg,https://www.amazon.eg/dp/B0FNBWFL3S,2026-06-02T08:02:34.811106
amazon,B0FTXSNHWJ,Product B0FTXSNHWJ,"Molfix Baby Diaper Pants Size 6, Mega Pack, 15+ KG, 60 Units, Molfix Pants Diapers, Size 6, 15+KG, Jumbo Pack, 60 Count, Cotton Material",Video Games,EGP 459.00,,,3.4,(27),In Stock,https://m.media-amazon.com/images/I/71yR7FGUc3L._AC_UL320_.jpg,https://www.amazon.eg/dp/B0FTXSNHWJ,2026-06-02T08:01:48.953196
amazon,B0BF5C2S2Y,Product B0BF5C2S2Y,"Pampers Premium EXTRA CARE Taped Diapers, Size 3, 6-10 kg, with Lotion with Aloe Vera, Saving Pack, 84 Baby Diapers",Video Games,EGP 489.99,EGP 613.00,,4.5,(4K),In Stock,https://m.media-amazon.com/images/I/81asxTK-mjL._AC_UL320_.jpg,https://www.amazon.eg/dp/B0BF5C2S2Y,2026-06-02T08:01:48.983345
amazon,B018QZ9HHM,Product B018QZ9HHM,zamzam sugar 1 kg,Video Games,EGP 40.00,,,4.5,(656),In Stock,https://m.media-amazon.com/images/I/51E-V67FVaL._AC_UL320_.jpg,https://www.amazon.eg/dp/B018QZ9HHM,2026-06-02T08:01:49.059079
amazon,B0FTXSZGTQ,Product B0FTXSZGTQ,Dice Mens DSM-H-P P*3 Socks (pack of 3),Video Games,EGP 100.00,,,4.3,(137),In Stock,https://m.media-amazon.com/images/I/41YNGBOF80L._AC_UL320_.jpg,https://www.amazon.eg/dp/B0FTXSZGTQ,2026-06-02T08:01:49.080043
amazon,B08ZYCXGWN,Product B08ZYCXGWN,Aloe Eva strengthening hair shampoo with aloe vera and moroccan argan oil - 230 ml,Video Games,EGP 67.50,EGP 78.75,,4.1,(956),In Stock,https://m.media-amazon.com/images/I/71dzVJ2NvjL._AC_UL320_.jpg,https://www.amazon.eg/dp/B08ZYCXGWN,2026-06-02T08:01:49.087698
amazon,B00FFE8TDG,Product B00FFE8TDG,Al Doha Egyptian Rice-1 kg,Video Games,EGP 40.00,EGP 42.95,,4.6,(4.8K),In Stock,https://m.media-amazon.com/images/I/71z7HgX8LFL._AC_UL320_.jpg,https://www.amazon.eg/dp/B00FFE8TDG,2026-06-02T08:01:49.091939
amazon,B0C2KJBM8X,Product B0C2KJBM8X,Rivoli Fantasy Bath Soap - 110g - Pack of 4 - Color and scent may vary,Video Games,EGP 64.99,,,4.4,(944),In Stock,https://m.media-amazon.com/images/I/61WujH6iMzL._AC_UL320_.jpg,https://www.amazon.eg/dp/B0C2KJBM8X,2026-06-02T08:01:49.095244
amazon,B086DTP966,Product B086DTP966,Flormar Waterproof Lipliner 244 Chclt Fondue,Video Games,EGP 160.00,EGP 231.00,,4.0,(1.5K),In Stock,https://m.media-amazon.com/images/I/41se9rAUHOL._AC_UL320_.jpg,https://www.amazon.eg/dp/B086DTP966,2026-06-02T08:01:49.099500
amazon,B08WJNCVKM,Product B08WJNCVKM,"Velveta fabric softener with lavender scent , 3 kg",Video Games,EGP 175.00,EGP 189.00,,4.6,(1.1K),In Stock,https://m.media-amazon.com/images/I/71hUWTGcPNL._AC_UL320_.jpg,https://www.amazon.eg/dp/B08WJNCVKM,2026-06-02T08:01:49.103793
amazon,B08P5MP4YC,Product B08P5MP4YC,Portal High Accuracy Digital Kitchen Scale 10 Kg - White Electronic Weight Scale - Portable Kitchen Food LCD Display Scales,Video Games,EGP 124.00,EGP 135.00,,3.8,(3.3K),In Stock,https://m.media-amazon.com/images/I/51p-u4WAnYL._AC_UL320_.jpg,https://www.amazon.eg/dp/B08P5MP4YC,2026-06-02T08:01:49.108493
amazon,B0BYZZSCFS,Product B0BYZZSCFS,LUTFI Body Fat Scale Smart Weighing Scale Bluetooth-compatible Electronic Intelligent Weight Loss Body Fat Balances Analyzer Weighing Tools (Color : Black),Video Games,EGP 256.76,,,3.5,(615),In Stock,https://m.media-amazon.com/images/I/61c3c4q2kKL._AC_UL320_.jpg,https://www.amazon.eg/dp/B0BYZZSCFS,2026-06-02T08:01:49.112664
amazon,B0DKC5YZL1,Product B0DKC5YZL1,"VETELLY Satin Sleep Bonnet, Premium Soft Fabric, Large Size (Random Color)",Video Games,EGP 65.55,,,3.6,(679),In Stock,https://m.media-amazon.com/images/I/51AHErvrO5L._AC_UL320_.jpg,https://www.amazon.eg/dp/B0DKC5YZL1,2026-06-02T08:01:49.115989
amazon,B0D2YX39MB,Product B0D2YX39MB,Amazon.eg eGift Card - (Digital Delivery),Video Games,EGP 1.00,"EGP 2,000.00",,4.5,(287),In Stock,https://m.media-amazon.com/images/I/517hY12cdLL._AC_UL320_.jpg,https://www.amazon.eg/dp/B0D2YX39MB,2026-06-02T08:02:16.689561
amazon,B0DPJ11MWP,Product B0DPJ11MWP,Backpack for Men Women 21L Office Travel Backpack Casual 15.6-inch Laptop Bag Water-Resistant Multi-Pockets Smart College Backpack with USB Port 1836 Black,Video Games,EGP 760.00,,,4.8,(12),In Stock,https://m.media-amazon.com/images/I/71avIzTb5wL._AC_UL320_.jpg,https://www.amazon.eg/dp/B0DPJ11MWP,2026-06-02T08:02:16.738442
amazon,B095PWZ1V5,Product B095PWZ1V5,Dettol Antiseptic Antibacterial Disinfectant Liquid -| 950ML x 2| 40% OFF,Video Games,EGP 679.95,EGP 713.00,,4.7,(437),In Stock,https://m.media-amazon.com/images/I/81ANNBwq3DL._AC_UL320_.jpg,https://www.amazon.eg/dp/B095PWZ1V5,2026-06-02T08:02:16.754101
amazon,B0BM6J9ZP4,Product B0BM6J9ZP4,VGR V-962 Professional Pro Self Haircut Hair Clipper Beard trimmer Digital Display Blades USB Charging cable 4 Guide Combs for men 0mm Bald Head Clipper Runtime 200 mins 1200 mAh Li-ion Battery,Video Games,EGP 511.00,EGP 513.62,,4.4,(2.8K),In Stock,https://m.media-amazon.com/images/I/71qCR40EXHL._AC_UL320_.jpg,https://www.amazon.eg/dp/B0BM6J9ZP4,2026-06-02T08:02:16.820828
amazon,B0G5JCTCSX,Product B0G5JCTCSX,Daly Women's Wide Leg Plus Size Jeans,Video Games,EGP 850.00,,,3.7,(46),In Stock,https://m.media-amazon.com/images/I/51IEZDND+pL._AC_UL320_.jpg,https://www.amazon.eg/dp/B0G5JCTCSX,2026-06-02T08:02:16.838304
amazon,B0CSG728WR,Product B0CSG728WR,DALY Women's Charleston Gabardine,Video Games,EGP 600.00,,,4.0,(140),In Stock,https://m.media-amazon.com/images/I/31B+jtBpCqL._AC_UL320_.jpg,https://www.amazon.eg/dp/B0CSG728WR,2026-06-02T08:02:16.861392
amazon,B00GRRIZK2,Product B00GRRIZK2,Casio Men's Dial Stainless Steel Band Watch - MTP-1374D-1AVDF,Video Games,"EGP 4,609.00",,,4.2,(3.5K),In Stock,https://m.media-amazon.com/images/I/71RTUpJR5mL._AC_UL320_.jpg,https://www.amazon.eg/dp/B00GRRIZK2,2026-06-02T08:04:46.865019
amazon,B09T3SYPSX,Product B09T3SYPSX,"Tefal VG4130EE Silence Force, Stand Fan, Silence Technology, Remote Control, 8 Hours Timer, 6 Blades, Adjustable Height, Black",Video Games,,,,4.2,(1.3K),In Stock,https://m.media-amazon.com/images/I/61uW6za+ckL._AC_UL320_.jpg,https://www.amazon.eg/dp/B09T3SYPSX,2026-06-02T08:04:46.885099
amazon,B0FJMHCWP7,Product B0FJMHCWP7,Levi's Mens Men's 541™ Athletic Taper Jeans Jeans (pack of 1),Video Games,"EGP 3,830.46",,,3.5,(3),In Stock,https://m.media-amazon.com/images/I/61++WKEYHoL._AC_UL320_.jpg,https://www.amazon.eg/dp/B0FJMHCWP7,2026-06-02T08:04:46.960410
amazon,B0CQM91BKY,Product B0CQM91BKY,"Xiaomi Redmi Watch 4 Smartwatch with 1.97"" AMOLED Display, 20-Day Battery, HyperOS, Heart Rate & SpO2 Monitoring, 150+ Sport Modes, Bluetooth Calling - Silver Gray |1 year manufacturer warranty",Video Games,"EGP 4,574.00","EGP 4,596.82",,4.5,(2.3K),In Stock,https://m.media-amazon.com/images/I/71hhsZl4FZL._AC_UL320_.jpg,https://www.amazon.eg/dp/B0CQM91BKY,2026-06-02T08:04:46.974168
amazon,B00791R1A0,Product B00791R1A0,"Casio Mens Quartz Watch, Analog Display and Plastic Strap,AQ-S810W-3AVDF",Video Games,"EGP 4,800.00",,,4.4,(1.7K),In Stock,https://m.media-amazon.com/images/I/61e9pva6rYL._AC_UL320_.jpg,https://www.amazon.eg/dp/B00791R1A0,2026-06-02T08:04:46.980676
amazon,B0FM6J56CF,Product B0FM6J56CF,Fresh Shabah Silent 18-inch Stand Fan with Multiple Speeds,Video Games,"EGP 2,049.00",,,3.7,(12),In Stock,https://m.media-amazon.com/images/I/518b+ZOEnGL._AC_UL320_.jpg,https://www.amazon.eg/dp/B0FM6J56CF,2026-06-02T08:04:47.028415
amazon,B09HSK8H8K,Product B09HSK8H8K,TORNADO Orbit Fan 16 Inch 4 Blades White TOF-49Y,Video Games,"EGP 2,000.00","EGP 2,541.25",,4.0,(98),In Stock,https://m.media-amazon.com/images/I/71phfB7PqPL._AC_UL320_.jpg,https://www.amazon.eg/dp/B09HSK8H8K,2026-06-02T08:04:47.032033
amazon,B0FJMGQVGD,Product B0FJMGQVGD,Levi's Mens Men's 501® Original Jeans Jeans (pack of 1),Video Games,"EGP 3,447.40",,,3.0,(4),In Stock,https://m.media-amazon.com/images/I/81zN87sIwhL._AC_UL320_.jpg,https://www.amazon.eg/dp/B0FJMGQVGD,2026-06-02T08:04:47.037404
amazon,B0FCZM23H9,Product B0FCZM23H9,Kingston Canvas Select Plus microSD Memory Card 512GB microSDXC Gen3 150MB/s A1 Card + Adapter - SDCS3/512GB,Furniture,"EGP 3,999.00",,,4.5,(1.2K),In Stock,https://m.media-amazon.com/images/I/71nNYZ89pmL._AC_UL320_.jpg,https://www.amazon.eg/dp/B0FCZM23H9,2026-06-02T08:01:44.728479
amazon,9777642695,Product 9777642695,مصحف القيام حجم 20*28 مع التقسيم الموضوعي لآيات القرآن الكريم وقارىء QR كود لكل صفحة,Musical Instruments,EGP 590.00,,,4.8,(6),In Stock,https://m.media-amazon.com/images/I/61giJ46jpgL._AC_UL320_.jpg,https://www.amazon.eg/dp/9777642695,2026-06-02T08:01:26.973410
amazon,B0FL83TK2S,Product B0FL83TK2S,"Tank Everyday 350ml Mug Smooth, Insulated Stainless Steel for Hot Beverages, Leakproof - Cream",Musical Instruments,EGP 549.00,EGP 631.00,,3.7,(72),In Stock,https://m.media-amazon.com/images/I/31Euhgf8OQL._AC_UL320_.jpg,https://www.amazon.eg/dp/B0FL83TK2S,2026-06-02T08:01:26.980251
amazon,B0CF224WX9,Product B0CF224WX9,"Acer USB C Hub, 7 in 1 Multi-Port Adapter for Laptop, 4K, HDMI Splitter with 2 USB A 3.1 & Type-C to HDMI Data Port, PD 100W Charging, SD Card Reader for Computer, Desktop, Space Grey",Musical Instruments,EGP 750.00,,,4.6,(5.1K),In Stock,https://m.media-amazon.com/images/I/71qndQ0KowL._AC_UL320_.jpg,https://www.amazon.eg/dp/B0CF224WX9,2026-06-02T08:01:26.987600
amazon,B09VSZ1LHM,Product B09VSZ1LHM,Adidas tensaur hook and loop shoes running shoes for unisex kids,Health & Personal Care,"EGP 3,202.00",,,4.3,(31K),In Stock,https://m.media-amazon.com/images/I/718gdAvdoiL._AC_UL320_.jpg,https://www.amazon.eg/dp/B09VSZ1LHM,2026-06-02T08:00:48.922911
amazon,B0846K2RLR,Product B0846K2RLR,sanosan Nappy Rash cream 150 ml,Baby Products,,,,4.6,(818),In Stock,https://m.media-amazon.com/images/I/61vawraWgEL._AC_UL320_.jpg,https://www.amazon.eg/dp/B0846K2RLR,2026-06-02T08:02:59.791575
amazon,B09KCHV3QC,Product B09KCHV3QC,"BabyJoy Compressed diapers with back leakage stopper , Size 5, Xlarge, 14-25 Kg, Super Saving pack, 76 Diapers",Baby Products,EGP 554.99,,,4.3,(270),In Stock,https://m.media-amazon.com/images/I/81F2bGvQsoL._AC_UL320_.jpg,https://www.amazon.eg/dp/B09KCHV3QC,2026-06-02T08:02:59.799002
amazon,B0BH4ZN5RC,Product B0BH4ZN5RC,"Fine Baby Diapers, Size 2, Small, 3-6 kg, 58 Diaper",Baby Products,,,,4.2,(544),In Stock,https://m.media-amazon.com/images/I/71+nYOXaD5L._AC_UL320_.jpg,https://www.amazon.eg/dp/B0BH4ZN5RC,2026-06-02T08:02:59.801842
amazon,B08Z7CYDCY,Product B08Z7CYDCY,"Molfix Baby Diaper Open Size 3, Mega Pack, 4-9 KG, 80 Units, Molfix Open Diapers, Size 6, 4-9 KG, Mega Pack, 80 Count, Cotton Material",Baby Products,EGP 509.00,EGP 615.27,,4.2,(427),In Stock,https://m.media-amazon.com/images/I/81jsFZZ2wLL._AC_UL320_.jpg,https://www.amazon.eg/dp/B08Z7CYDCY,2026-06-02T08:02:59.806298
amazon,B0BH54X61F,Product B0BH54X61F,"Fine Baby Diapers, Size 3, Medium, 4-9 kg, 80 Diaper",Baby Products,,,,4.3,(701),In Stock,https://m.media-amazon.com/images/I/71tyOQJmjNL._AC_UL320_.jpg,https://www.amazon.eg/dp/B0BH54X61F,2026-06-02T08:02:59.812661
amazon,B092MTD9M3,Product B092MTD9M3,"Multifunctional 3 in 1 Diaper Bag with Changing Station | Diaper Bag Backpack with Bassinet | Travel Baby Bed, Black,",Baby Products,EGP 510.00,EGP 846.05,,4.0,(48),In Stock,https://m.media-amazon.com/images/I/911qY53MBAS._AC_UL320_.jpg,https://www.amazon.eg/dp/B092MTD9M3,2026-06-02T08:02:59.817078
amazon,B0976Z4XRS,Product B0976Z4XRS,"Pampers Baby Dry Pants Diapers Case, size 5, 12 - 18 kg, with Lotion with Olive Oil, 140 baby Diapers",Baby Products,EGP 939.98,"EGP 1,087.00",,4.2,(1.2K),In Stock,https://m.media-amazon.com/images/I/61jhaJSAMcL._AC_UL320_.jpg,https://www.amazon.eg/dp/B0976Z4XRS,2026-06-02T08:02:59.821040
amazon,B0CM4K3MXP,Product B0CM4K3MXP,"KIDOOLA Adjustable Potty Ladder Seat for Toilet Training with Steps, Handle & Soft Cushion Design Non Slip & Space Efficient Toddlers & Children Unisex Foldable & Easy Assembly Splash Guard Included",Baby Products,EGP 600.00,EGP 749.55,,3.6,(246),In Stock,https://m.media-amazon.com/images/I/61kJksgJfnL._AC_UL320_.jpg,https://www.amazon.eg/dp/B0CM4K3MXP,2026-06-02T08:02:59.825840
amazon,B00JECIFHU,Product B00JECIFHU,حفاضات سباحة صغيرة للسباحين الصغار من هاجيز، مقاس 5-6 - 19 قطعة - حفاضات سباحة للاطفال تحمي من التورم - جوانب قابلة للتمزق لسهولة الازالة,Baby Products,EGP 647.00,,,4.6,(1.8K),In Stock,https://m.media-amazon.com/images/I/91h0GGFwkUL._AC_UL320_.jpg,https://www.amazon.eg/dp/B00JECIFHU,2026-06-02T08:02:59.829305
amazon,B08WJL2TT2,Product B08WJL2TT2,"Pampers Baby Dry Taped Diapers, Size 5, 11-25 Kg, with Lotion with Olive Oil, 58 Baby Diapers",Baby Products,EGP 501.58,,,4.2,(675),In Stock,https://m.media-amazon.com/images/I/71aYtYgyi8L._AC_UL320_.jpg,https://www.amazon.eg/dp/B08WJL2TT2,2026-06-02T08:02:59.837674
amazon,B09JZHRX53,Product B09JZHRX53,"KIDOOLA Adjustable Potty Ladder Seat for Toilet Training with Steps, Handle & Soft Cushion Design Non Slip & Space Efficient Toddlers & Children, Foldable & Easy Assembly Splash Guard Included, Teal",Baby Products,EGP 620.00,EGP 748.12,,3.5,(1.8K),In Stock,https://m.media-amazon.com/images/I/61w6qovEsAL._AC_UL320_.jpg,https://www.amazon.eg/dp/B09JZHRX53,2026-06-02T08:02:59.841534
amazon,B01M0RTP4X,Product B01M0RTP4X,"HUGGIES Little Swimmers Disposable Swim Trunks, Size 3-4, Pack of 20",Baby Products,EGP 602.00,,,4.6,(453),In Stock,https://m.media-amazon.com/images/I/71DEi5VZokL._AC_UL320_.jpg,https://www.amazon.eg/dp/B01M0RTP4X,2026-06-02T08:02:59.845087
amazon,B0BKQQK9VX,Product B0BKQQK9VX,"Potty Training Seat with Ladder & Splashguard, Foldable Step Stool Toilet for Kids Toddlers Boys Girls with Handles, Adjustable Height, Comfortable Cushion, Safe Handles, Anti Slip Wide Pads (Blue)",Baby Products,EGP 650.00,EGP 875.00,,2.7,(36),In Stock,https://m.media-amazon.com/images/I/41FuD+J8p0L._AC_UL320_.jpg,https://www.amazon.eg/dp/B0BKQQK9VX,2026-06-02T08:02:59.849208
amazon,B0DSKBWD8Z,Product B0DSKBWD8Z,"Toddler Toys Busy Board - Montessori Toys for 1 2 3 Year Old Boy Birthday Easter Gifts for Kids, Sensory Toys Baby Essentials, Busy Book for Toddlers 1 2 3 Year Old, Airplane Activities for Toys Gifts",Baby Products,EGP 680.00,EGP 695.00,,4.3,(862),In Stock,https://m.media-amazon.com/images/I/81whGfzp7UL._AC_UL320_.jpg,https://www.amazon.eg/dp/B0DSKBWD8Z,2026-06-02T08:02:59.854189
amazon,B07PQD9YTM,Product B07PQD9YTM,"Sudocrem Antiseptic Healing Cream, 250g",Baby Products,EGP 760.00,EGP 821.00,,4.4,(1.2K),In Stock,https://m.media-amazon.com/images/I/71Tt4y86rPL._AC_UL320_.jpg,https://www.amazon.eg/dp/B07PQD9YTM,2026-06-02T08:02:59.861485
amazon,B09DPCXCGW,Product B09DPCXCGW,"Potty Training Seat for Kids with Step Stool Ladder, Toilet Seat for Toddlers Baby Boys(Blue)",Baby Products,EGP 600.00,EGP 625.00,,4.3,(205),In Stock,https://m.media-amazon.com/images/I/71xAF1RavkL._AC_UL320_.jpg,https://www.amazon.eg/dp/B09DPCXCGW,2026-06-02T08:02:59.865441
amazon,B08C2GS6NX,Product B08C2GS6NX,COOLBABY Large Play & Learn Infant Gym Toys Piano Activity - Baby Kick and Gym Play Mat Lay & Play 3 in 1 Fitness Music and Lights Fun Piano for 0-36 Months Girl Boy - Easy to Disassemble and Washable,Baby Products,EGP 625.00,EGP 685.75,,3.8,(7),In Stock,https://m.media-amazon.com/images/I/71VFff4uthL._AC_UL320_.jpg,https://www.amazon.eg/dp/B08C2GS6NX,2026-06-02T08:02:59.873475
amazon,B0C13J295Y,Product B0C13J295Y,"Electric Nasal Aspirator, Nasal Aspirator with 3 Silicone Heads, Adjustable Suction Level, Relaxing Function with Music and Light.",Baby Products,EGP 899.00,,,4.2,(189),In Stock,https://m.media-amazon.com/images/I/619b0gqvZ7L._AC_UL320_.jpg,https://www.amazon.eg/dp/B0C13J295Y,2026-06-02T08:02:59.876894
amazon,B0BS3GJM1B,Product B0BS3GJM1B,Baby Einstein Go Opus Go 4-in-1 Crawl and Chase Baby Toy,Baby Products,"EGP 4,311.56",,,4.7,(982),In Stock,https://m.media-amazon.com/images/I/71NWbgEmdHL._AC_UL320_.jpg,https://www.amazon.eg/dp/B0BS3GJM1B,2026-06-02T08:05:35.979695
amazon,B0BXKWLKTW,Product B0BXKWLKTW,"Dance Mat for Kids - Electronic Dance Mats with Wireless Bluetooth for 3-12 Year Old Kids, Lights Up Dance Pad with Built-in Music 5 Levels 4 Mode, Gifts for Children",Baby Products,"EGP 2,863.20",,,4.4,(71),In Stock,https://m.media-amazon.com/images/I/81Fg53y8CoL._AC_UL320_.jpg,https://www.amazon.eg/dp/B0BXKWLKTW,2026-06-02T08:05:35.983070
amazon,B0D6S3RS31,Product B0D6S3RS31,Baby Einstein SuperSeat Touch of Tunes 3-in-1 Activity Seat with Music and Lights,Baby Products,"EGP 4,500.00",,,4.4,(603),In Stock,https://m.media-amazon.com/images/I/71jckJO0xBL._AC_UL320_.jpg,https://www.amazon.eg/dp/B0D6S3RS31,2026-06-02T08:05:35.986165
amazon,B0BLCZ9PCP,Product B0BLCZ9PCP,Puma Anzarun Lite Ac Inf Sneaker for unisex-child,Baby Products,"EGP 2,946.00",,,4.5,(1.2K),In Stock,https://m.media-amazon.com/images/I/71dzQrtHYbL._AC_UL320_.jpg,https://www.amazon.eg/dp/B0BLCZ9PCP,2026-06-02T08:05:35.991455
amazon,B0GNNHMYY5,Product B0GNNHMYY5,"Mobigon Ultrasonic Humidifier Against Dry Heating Air 4L, Room Humidifiers with Remote Control for Bedroom, Children's Room and Plants, Air Humidifier, Ultra Quiet Aroma Diffuser (White)",Baby Products,"EGP 2,750.00",,,,EGP 2750.00EGP2750.00,In Stock,https://m.media-amazon.com/images/I/71271jSV0NL._AC_UL320_.jpg,https://www.amazon.eg/dp/B0GNNHMYY5,2026-06-02T08:05:35.994396
amazon,B0DQ2Q25F2,Product B0DQ2Q25F2,"Desitin Maximum Strength Baby Diaper Rash Cream, 40% Zinc Oxide to Help Treat, Heal, and Prevent Diaper Rash, Hypoallergenic, Phthalate- & Paraben-Free Paste, 113 g",Baby Products,"EGP 2,888.00",,,4.7,(272),In Stock,https://m.media-amazon.com/images/I/71FjU5NChKL._AC_UL320_.jpg,https://www.amazon.eg/dp/B0DQ2Q25F2,2026-06-02T08:05:35.997554
amazon,B0DTJJ7HD5,Product B0DTJJ7HD5,GLORY – STROL BABY 3 * 1 SHOCKER AND STATIC LUXURY WITH CUSHIONING HIGH DENSITY FROM THE BRAND LUCID RED MODEL,Baby Products,"EGP 3,790.00",,,5.0,(1),In Stock,https://m.media-amazon.com/images/I/81+nAMSMqML._AC_UL320_.jpg,https://www.amazon.eg/dp/B0DTJJ7HD5,2026-06-02T08:05:36.000703
amazon,B0GX26H7YP,Product B0GX26H7YP,"Kids Topia V800 Foldable Baby Dining Chair, 5 Height Levels, 3 Reclining Back, Rocking Mode, 5-Point Safety Belt, Brake Wheels (GREY)",Baby Products,"EGP 3,550.00",,,5.0,(4),In Stock,https://m.media-amazon.com/images/I/71TB5a9qAgL._AC_UL320_.jpg,https://www.amazon.eg/dp/B0GX26H7YP,2026-06-02T08:05:36.004959
amazon,B0DWDGQVLM,Product B0DWDGQVLM,"LEGO DUPLO│Disney Anna and Elsa's Frozen Castle Party - Educational Toy with 5 Figures Incl. Olaf & Baby Sven, plus a Light Brick - Gift for 2+ Year Old Toddlers, Girls & Boys - 10455",Baby Products,,,,4.8,(279),In Stock,https://m.media-amazon.com/images/I/61OxXcFPBvL._AC_UL320_.jpg,https://www.amazon.eg/dp/B0DWDGQVLM,2026-06-02T08:05:36.006837
amazon,B09Z4GVXWH,Product B09Z4GVXWH,Electric Baby Swing Cradle Infant Bouncer Portable Adjustable Motorized Rocker with Bluetooth Music Speaker and 5 Swaying Gears Preset Lullabies and Smooth Remote Control (Grey),Baby Products,"EGP 3,724.00",,,4.1,(12),In Stock,https://m.media-amazon.com/images/I/7135rVsbjSL._AC_UL320_.jpg,https://www.amazon.eg/dp/B09Z4GVXWH,2026-06-02T08:05:36.009875
amazon,B0CWV1NM6Q,Product B0CWV1NM6Q,"Baby Bed Rails Guard - Foldable Toddler Bed Rail, Kids' Bed Rails & Rail Guards,Safety Bed Fence Protector Rail, Adjustable Heights Bed Guard Rail for Queen King Twin Bed Kid (1.8 m) (1.5 M)",Baby Products,"EGP 2,150.00",,,4.0,(130),In Stock,https://m.media-amazon.com/images/I/71r6hV3ynXL._AC_UL320_.jpg,https://www.amazon.eg/dp/B0CWV1NM6Q,2026-06-02T08:05:36.013097
amazon,B0FXXR3FNM,Product B0FXXR3FNM,"MomiGo 2-in-1 Electric Breast Pump – Wearable & Classic Use, 19 Levels & 3 Modes, LED Screen, Smart Pause Function, Rechargeable 1200 mAh Battery, 300 mmHg Power, 210 ml Bottle, BPA-Free",Baby Products,"EGP 2,703.80","EGP 2,858.92",,,EGP 2703.80EGP2703.80Was: EGP 2858.92Was:EGP 2858.92EGP2858.92,In Stock,https://m.media-amazon.com/images/I/61-3GCcGZyL._AC_UL320_.jpg,https://www.amazon.eg/dp/B0FXXR3FNM,2026-06-02T08:05:36.017307
amazon,B09QLHBWT4,Product B09QLHBWT4,"Fisher-Price DJ Bouncin Beats, interactive musical learning toy with lights and bouncing action for babies and toddlers",Baby Products,"EGP 4,995.00",,,4.7,(949),In Stock,https://m.media-amazon.com/images/I/61ypZPqWcqL._AC_UL320_.jpg,https://www.amazon.eg/dp/B09QLHBWT4,2026-06-02T08:05:36.020824
amazon,B0056WHSZM,Product B0056WHSZM,Letter Train & Piano Activity Table,Baby Products,"EGP 3,808.00",,,4.2,(100),In Stock,https://m.media-amazon.com/images/I/81Z5uKZDPUL._AC_UL320_.jpg,https://www.amazon.eg/dp/B0056WHSZM,2026-06-02T08:05:36.028956
amazon,B0FBRKVDMZ,Product B0FBRKVDMZ,Granzia Breezmesh Portable Nebulizer,Baby Products,"EGP 2,029.76","EGP 2,100.00",,3.7,(8),In Stock,https://m.media-amazon.com/images/I/61JwPOQjMLL._AC_UL320_.jpg,https://www.amazon.eg/dp/B0FBRKVDMZ,2026-06-02T08:05:36.037433
amazon,B0GXBVS27W,Product B0GXBVS27W,"Kids Topia NC-10 Foldable Carseat 3-in-1 Grows with Baby, 5-Point Safety Belt, Suitable for Group 1/2/3 (9-36 kg / 9 Months to 12 Years) by Kids Topia (Black in GREY)",Baby Products,"EGP 3,850.00",,,5.0,(1),In Stock,https://m.media-amazon.com/images/I/51gxY4VgK0L._AC_UL320_.jpg,https://www.amazon.eg/dp/B0GXBVS27W,2026-06-02T08:05:36.045947
amazon,B0BDLKK2TR,Product B0BDLKK2TR,"GoolRC RC Cars Stunt Car Remote Control Car, 2.4GHz RC Drift with 360° Rotating, Swivel Arm, One-Click Demo, Light and Spray, Outdoor Indoor Toy Gift for Boys/Girls (Blue)",Baby Products,"EGP 3,070.31",,,4.4,(14),In Stock,https://m.media-amazon.com/images/I/61Cg9RzH+ZL._AC_UL320_.jpg,https://www.amazon.eg/dp/B0BDLKK2TR,2026-06-02T08:05:36.050786
amazon,B0BRSK92C6,Product B0BRSK92C6,Fisher-Price DJ Bouncin' Star Baby Toys Educational Toys for 1 Year Old Boys and Girls 1 Year Baby Gifts Interactive Toys,Baby Products,"EGP 4,995.00",,,4.7,(388),In Stock,https://m.media-amazon.com/images/I/61k8ZgZRg-L._AC_UL320_.jpg,https://www.amazon.eg/dp/B0BRSK92C6,2026-06-02T08:05:36.054036
amazon,B0GX7H57X7,Product B0GX7H57X7,"Kids Topia N-5 Car Seat | Superior Protection with 3-Point Harness, Full Head & Neck Support, Foldable Canopy, Lightweight Design for Easy Mobility & Rocking Base for Newborns (GREY)",Baby Products,"EGP 2,250.00",,,1.0,(1),In Stock,https://m.media-amazon.com/images/I/51viX5gB-jL._AC_UL320_.jpg,https://www.amazon.eg/dp/B0GX7H57X7,2026-06-02T08:05:36.058073
amazon,B0GXSF4S8Y,Product B0GXSF4S8Y,"Kids Topia NB-7 Multifunctional Crib Bed, Height Adjustable, with Mosquito Net and Folding Canopy, Bottom Storage Basket and Rolling Wheels",Baby Products,"EGP 3,250.00",,,,EGP 3250.00EGP3250.00,In Stock,https://m.media-amazon.com/images/I/51ImEYeFqSL._AC_UL320_.jpg,https://www.amazon.eg/dp/B0GXSF4S8Y,2026-06-02T08:05:36.061064
amazon,B07J5PWFGV,Product B07J5PWFGV,"BABYZEN YOYO Stroller Bag - Provides Additional, Sturdy Storage for the Babyzen Yoyo2 Strollers & Prams - Includes Wheelbase & Hooks",Baby Products,"EGP 4,599.18",,,4.4,(22),In Stock,https://m.media-amazon.com/images/I/31lWSkPJ4JL._AC_UL320_.jpg,https://www.amazon.eg/dp/B07J5PWFGV,2026-06-02T08:05:36.065334
amazon,B0BKS2WPC1,Product B0BKS2WPC1,Humidifier Xiaomi Mi Smart Humidifier 2 Lite,Baby Products,"EGP 2,799.00","EGP 2,988.00",,4.1,(271),In Stock,https://m.media-amazon.com/images/I/41cwUFxILaL._AC_UL320_.jpg,https://www.amazon.eg/dp/B0BKS2WPC1,2026-06-02T08:05:36.069272
amazon,B09B3NNHLB,Product B09B3NNHLB,"Winfun | 3-In-1 Sit And Play, Activity Centre And A Toddler Play Table | Interactive Spinning Clicking And Rattling Toys With Lights And Sounds | Suitable For Boys And Girls 6 Months +",Baby Products,"EGP 4,250.00",,,,EGP 4250.00EGP4250.00,In Stock,https://m.media-amazon.com/images/I/71Gh1tbGzqL._AC_UL320_.jpg,https://www.amazon.eg/dp/B09B3NNHLB,2026-06-02T08:05:36.072594
amazon,B0CN6YJQSJ,Product B0CN6YJQSJ,"ZONEY Portable Potty, Travel Foldable Training Toilet for Car Camping Indoor Outdoor Bathroom, Kids Training Toilet for Boys Girls Baby Toddler (Green)",Baby Products,"EGP 2,399.00",,,4.4,(21),In Stock,https://m.media-amazon.com/images/I/61RHQ8bQQ5L._AC_UL320_.jpg,https://www.amazon.eg/dp/B0CN6YJQSJ,2026-06-02T08:05:36.076077
amazon,B0GNCDBDF4,Product B0GNCDBDF4,Baby Bed Made of Red Beech Wood - 3 Levels Can Be Attached to Mother Bed Wash Color + 4 Pieces Sides and Sheet Pillow and Mattress Free Gift,Baby Products,"EGP 5,000.00",,,,EGP 5000.00EGP5000.00,In Stock,https://m.media-amazon.com/images/I/818boR1-iUL._AC_UL320_.jpg,https://www.amazon.eg/dp/B0GNCDBDF4,2026-06-02T08:06:31.369725
amazon,B0BTDJDJ3L,Product B0BTDJDJ3L,Kinderkraft baby playmat SMARTPLAY SEA,Baby Products,"EGP 5,000.00",,,4.7,(73),In Stock,https://m.media-amazon.com/images/I/61tq00djWzL._AC_UL320_.jpg,https://www.amazon.eg/dp/B0BTDJDJ3L,2026-06-02T08:06:31.373513
amazon,B0GND3QMYM,Product B0GND3QMYM,Baby Bed Made of Red Beech Wood - 3 Levels Can Be Attached to Mother Bed White + 4 Pieces Sides and Sheet Pillow and Mattress Free Gift,Baby Products,"EGP 5,000.00",,,4.5,(2),In Stock,https://m.media-amazon.com/images/I/71Y3hTUAnkL._AC_UL320_.jpg,https://www.amazon.eg/dp/B0GND3QMYM,2026-06-02T08:06:31.376573
amazon,B09MZK7S5S,Product B09MZK7S5S,Bambio Push and Go Crutch Baby Stroller - Burgundy,Baby Products,,,,2.3,(3),In Stock,https://m.media-amazon.com/images/I/61cbFe2OpXL._AC_UL320_.jpg,https://www.amazon.eg/dp/B09MZK7S5S,2026-06-02T08:06:31.378816
amazon,B0GR66H51C,Product B0GR66H51C,6-in-1 Babyy Walker blue,Baby Products,"EGP 5,000.00",,,,EGP 5000.00EGP5000.00,In Stock,https://m.media-amazon.com/images/I/61Ob-h+V5lL._AC_UL320_.jpg,https://www.amazon.eg/dp/B0GR66H51C,2026-06-02T08:06:31.381649
amazon,B0GNJFXV6P,Product B0GNJFXV6P,سرير أطفال مصنع من خشب الزان الاحمر 3 مستويات لون ابيض يفتح من الجانب لسهولة ضمه بسرير الأم يأتي مع مرتبة + 4 قطع جوانب من فايبر مع ملاءة ومخدة هدية مجانية مقدم لكم من (Baby-Exhibition,Baby Products,"EGP 5,000.00",,,,EGP 5000.00EGP5000.00,In Stock,https://m.media-amazon.com/images/I/71Y3hTUAnkL._AC_UL320_.jpg,https://www.amazon.eg/dp/B0GNJFXV6P,2026-06-02T08:06:31.384629
amazon,B0C276TCHC,Product B0C276TCHC,"FUNLIO Montessori Weaning Table and Chair Set for Toddlers Age 1-3, Height Adjustable Toddler Table and Chair Set, Cube Kids Table Chair for Reading/Eating/Playing, Easy to Assemble, CPC Certified",Baby Products,,,,4.2,(612),In Stock,https://m.media-amazon.com/images/I/71DNtMAYfpL._AC_UL320_.jpg,https://www.amazon.eg/dp/B0C276TCHC,2026-06-02T08:06:31.386873
amazon,B0GQR3DSXD,Product B0GQR3DSXD,عربة اطفال خفيفة الوزن ثنائية الاتجاه- Stroller B1- بتصميم قابل للتحويل والطي بشكل مريح بيد واحدة مع كفر شتوي - متعددة الاوضاع (dark blue),Baby Products,"EGP 5,000.00",,,,EGP 5000.00EGP5000.00,In Stock,https://m.media-amazon.com/images/I/61lY83jUXpL._AC_UL320_.jpg,https://www.amazon.eg/dp/B0GQR3DSXD,2026-06-02T08:06:31.389862
amazon,B0F3DCVSSF,Product B0F3DCVSSF,"Uleway Portable Wearable Electric Breast Pump, 9 Levels 3 Modes Electric Baby Milk Puller with LCD Display and Remote Control, Memory Function, BPA-Free, Large 140°-2 Pieces",Baby Products,"EGP 5,000.00",,,3.5,(30),In Stock,https://m.media-amazon.com/images/I/71U6eW8nQzL._AC_UL320_.jpg,https://www.amazon.eg/dp/B0F3DCVSSF,2026-06-02T08:06:31.392947
amazon,B0DH3MKD8B,Product B0DH3MKD8B,"Fantastic-Kids-Toys Kidilo K9 Baby Stroller K9 - Convertible Stroller - Conveniently Foldable, One-Handed, 5-Point Safety Belts, Color (BLAK)",Baby Products,"EGP 5,017.75",,,,EGP 5017.75EGP5017.75,In Stock,https://m.media-amazon.com/images/I/61HcxElpIFL._AC_UL320_.jpg,https://www.amazon.eg/dp/B0DH3MKD8B,2026-06-02T08:06:31.396548
amazon,B0DC583ZDZ,Product B0DC583ZDZ,Graco Snack N Stow High Chair,Baby Products,"EGP 5,000.00",,,5.0,(1),In Stock,https://m.media-amazon.com/images/I/61Q0bxQ0OPL._AC_UL320_.jpg,https://www.amazon.eg/dp/B0DC583ZDZ,2026-06-02T08:06:31.399977
amazon,B0CH75682Q,Product B0CH75682Q,push and go light baby stroller,Baby Products,"EGP 5,000.00",,,,EGP 5000.00EGP5000.00,In Stock,https://m.media-amazon.com/images/I/41iSnKLUFjL._AC_UL320_.jpg,https://www.amazon.eg/dp/B0CH75682Q,2026-06-02T08:06:31.402975
amazon,B0BYT35CDQ,Product B0BYT35CDQ,Pippeta Wearable Hands Free Breast Pump - Led Screen | Single Pumping | 12 Suction Levels Modes| 180 Ml Capacity - Pink,Baby Products,"EGP 5,000.00",,,4.0,(7),In Stock,https://m.media-amazon.com/images/I/61kIe+g2WKL._AC_UL320_.jpg,https://www.amazon.eg/dp/B0BYT35CDQ,2026-06-02T08:06:31.406048
amazon,B0BRB8KVG9,Product B0BRB8KVG9,Baby ligh stroller with handle remover,Baby Products,"EGP 5,000.00",,,,EGP 5000.00EGP5000.00,In Stock,https://m.media-amazon.com/images/I/51AxnFWh7FL._AC_UL320_.jpg,https://www.amazon.eg/dp/B0BRB8KVG9,2026-06-02T08:06:31.409027
amazon,B0BD61T61Y,Product B0BD61T61Y,Light Stroller For Babies - Gray,Baby Products,"EGP 5,000.00",,,,EGP 5000.00EGP5000.00,In Stock,https://m.media-amazon.com/images/I/61e6Vt+qWbL._AC_UL320_.jpg,https://www.amazon.eg/dp/B0BD61T61Y,2026-06-02T08:06:31.411956
amazon,B098TX31CK,Product B098TX31CK,"Infant Deluxe Comfort Folding Booster Seat is a convenient, comfortable solution for eating in-home or on-the-go",Baby Products,,,,,,In Stock,https://m.media-amazon.com/images/I/6132GWKnr1L._AC_UL320_.jpg,https://www.amazon.eg/dp/B098TX31CK,2026-06-02T08:06:31.413443
amazon,B0DM9M1ZLX,Product B0DM9M1ZLX,"Fine Prestige Facial Tissues 500 Sheets, 3 Ply, Pack of 6",Industrial,EGP 160.75,EGP 187.00,,4.4,(3.3K),In Stock,https://m.media-amazon.com/images/I/81YCecXjzVL._AC_UL320_.jpg,https://www.amazon.eg/dp/B0DM9M1ZLX,2026-06-02T08:01:03.336188
amazon,B0BZRYQT19,Product B0BZRYQT19,"Papia Facial Tissue - PE MultiPack - 3 Ply - 500 X 6 - premium ""Lotion""",Industrial,,,,4.6,(1.6K),In Stock,https://m.media-amazon.com/images/I/71VBRgsYIYL._AC_UL320_.jpg,https://www.amazon.eg/dp/B0BZRYQT19,2026-06-02T08:01:03.338581
amazon,B0D967CXLX,Product B0D967CXLX,"White Flexi Facial Tissues – 500 Tissues; 3Ply Large, Pack of 3| Soft, Thick & Durable",Industrial,EGP 99.95,EGP 128.77,,4.6,(870),In Stock,https://m.media-amazon.com/images/I/61PY+zxHLfL._AC_UL320_.jpg,https://www.amazon.eg/dp/B0D967CXLX,2026-06-02T08:01:03.355131
amazon,B0DM9GPSGF,Product B0DM9GPSGF,"Fine Fluffy Facial Tissues 480 Sheets, 2 Ply, Pack of 6",Industrial,EGP 150.34,EGP 187.00,,4.3,(1K),In Stock,https://m.media-amazon.com/images/I/51Acpi5xUEL._AC_UL320_.jpg,https://www.amazon.eg/dp/B0DM9GPSGF,2026-06-02T08:01:03.359643
amazon,B09QPKXLX5,Product B09QPKXLX5,"60/120 PCS Multifunctional Double Sided Adhesive Tape, Double Sided Tape Heavy Duty, Transparent Non-marking Stickers,Washable Double Sided Tape,Strong Sticky Wall Tape Strips Transparent Tape-1 box",Industrial,EGP 24.35,EGP 0.41,,3.0,(567),In Stock,https://m.media-amazon.com/images/I/51JlEjzkVDL._AC_UL320_.jpg,https://www.amazon.eg/dp/B09QPKXLX5,2026-06-02T08:01:03.364349
amazon,B085P5NY9H,Product B085P5NY9H,"Raid flying insects keller, 400 ml",Industrial,EGP 109.95,,,4.4,(523),In Stock,https://m.media-amazon.com/images/I/71im4wgf1IL._AC_UL320_.jpg,https://www.amazon.eg/dp/B085P5NY9H,2026-06-02T08:01:03.367663
amazon,B0BWFRXVTQ,Product B0BWFRXVTQ,Handy Refreshing Wet Wipes Pack of 20 Wipes,Industrial,EGP 9.70,,,4.5,(646),In Stock,https://m.media-amazon.com/images/I/51R6tHrY31L._AC_UL320_.jpg,https://www.amazon.eg/dp/B0BWFRXVTQ,2026-06-02T08:01:03.371501
amazon,B0CKXX8XPP,Product B0CKXX8XPP,Zeina TRIO Facial Tissues 6pack x 500 Tissue - 3ply,Industrial,EGP 199.00,EGP 226.00,,4.6,(909),In Stock,https://m.media-amazon.com/images/I/81SMSWh0+FL._AC_UL320_.jpg,https://www.amazon.eg/dp/B0CKXX8XPP,2026-06-02T08:01:03.375450
amazon,B07CZW9V7W,Product B07CZW9V7W,"VEHHE Metal Straws Stainless Steel Straws Drinking Straws Reusable - 10.5"" Ultra Long 4 + 1 - W/Cleaning Brush for 20/30 Oz for Yeti RTIC SIC Ozark Trail Tumblers (2 Straight|2 Bent|1 Brush)",Industrial,EGP 24.00,,,4.0,(22.4K),In Stock,https://m.media-amazon.com/images/I/71Nciv7yfPL._AC_UL320_.jpg,https://www.amazon.eg/dp/B07CZW9V7W,2026-06-02T08:01:03.379267
amazon,B09VH3W3PV,Product B09VH3W3PV,iLock Electrical Tape – 20 Meters – multi colors,Industrial,EGP 28.00,EGP 1.40,,4.6,(1.4K),In Stock,https://m.media-amazon.com/images/I/91JCNum3kaL._AC_UL320_.jpg,https://www.amazon.eg/dp/B09VH3W3PV,2026-06-02T08:01:03.383524
amazon,B0B5VQ5DYP,Product B0B5VQ5DYP,Handy Smart Pack 120 Tissues 3 Ply (Pack of 6),Industrial,EGP 51.79,,,4.7,(1K),In Stock,https://m.media-amazon.com/images/I/61oKxBQnisL._AC_UL320_.jpg,https://www.amazon.eg/dp/B0B5VQ5DYP,2026-06-02T08:01:03.387047
amazon,B0CJJVVJVD,Product B0CJJVVJVD,White anti-bacterial wet wipes pocket with lemon scent 10 pulls,Industrial,EGP 7.06,,,4.4,(296),In Stock,https://m.media-amazon.com/images/I/61u1TWSUN6L._AC_UL320_.jpg,https://www.amazon.eg/dp/B0CJJVVJVD,2026-06-02T08:01:03.393301
amazon,B0B7G3HBYV,Product B0B7G3HBYV,"KELVEE Glass Tumbler with Silicone Straw and Lid 435ml, Glass Cup with Leather Sleeve, Glass Coffee Mugs for Straw and Direct Drinking Mouth Dual Use, Summer Travel Essential Bottle (Amber)",Industrial,EGP 47.03,,,3.5,(868),In Stock,https://m.media-amazon.com/images/I/611xJZiD8jL._AC_UL320_.jpg,https://www.amazon.eg/dp/B0B7G3HBYV,2026-06-02T08:01:03.401446
amazon,B08X5ZHJV2,Product B08X5ZHJV2,XXYXXY 50 pieces of disposable travel toilet seat waterproof portable WC seat cushion toilet seat travel business convenient toilet daily independent packaging,Industrial,EGP 79.50,EGP 105.34,,4.5,(240),In Stock,https://m.media-amazon.com/images/I/71ZbrZUEF3L._AC_UL320_.jpg,https://www.amazon.eg/dp/B08X5ZHJV2,2026-06-02T08:01:03.406282
amazon,B091J4DSZ8,Product B091J4DSZ8,Ivy Grip Tape Double face nano adhesive washable 3 meters (Assorted Colors),Industrial,EGP 51.70,EGP 17.23,,3.8,(5.8K),In Stock,https://m.media-amazon.com/images/I/51MzriTMXEL._AC_UL320_.jpg,https://www.amazon.eg/dp/B091J4DSZ8,2026-06-02T08:01:03.410532
amazon,B0B5VNCT52,Product B0B5VNCT52,"Handy pocket tissue, 10 pieces-multi color",Industrial,EGP 19.27,,,4.4,(528),In Stock,https://m.media-amazon.com/images/I/61aEZactTvL._AC_UL320_.jpg,https://www.amazon.eg/dp/B0B5VNCT52,2026-06-02T08:01:03.413958
amazon,B09C7BWVX7,Product B09C7BWVX7,LDNIO LS441 Lightning 2.4A Fast charging Data Cable 1M Length - Gray,Industrial,EGP 56.00,,,4.2,(1K),In Stock,https://m.media-amazon.com/images/I/51CGD8KYEUL._AC_UL320_.jpg,https://www.amazon.eg/dp/B09C7BWVX7,2026-06-02T08:01:03.417752
amazon,B0BZRXKDPC,Product B0BZRXKDPC,"Papia Facial Tissue - PE MultiPack - 3 Ply - 500 X 3 - premium ""Lotion""",Industrial,EGP 110.00,,,4.6,(1.4K),In Stock,https://m.media-amazon.com/images/I/61R5Lt8h8VL._AC_UL320_.jpg,https://www.amazon.eg/dp/B0BZRXKDPC,2026-06-02T08:01:03.421205
amazon,B0FJRCM6V2,Product B0FJRCM6V2,Printed Table Runner 1K 110cm*110cm,Industrial,EGP 108.91,,,4.5,(182),In Stock,https://m.media-amazon.com/images/I/71jh-h8X0tL._AC_UL320_.jpg,https://www.amazon.eg/dp/B0FJRCM6V2,2026-06-02T08:01:03.425028
amazon,B0CW6L55J3,Product B0CW6L55J3,Wireless High Pressure Washer Water Spray Gun for Car Wash Bike Washing Cleaning 48V Rechargeable Electric High Pressure Water Gun with Adjustable Nozzle and 5M Hose Pipe (Washer-1),Industrial,EGP 789.00,,,3.2,(107),In Stock,https://m.media-amazon.com/images/I/616rvSkbEQL._AC_UL320_.jpg,https://www.amazon.eg/dp/B0CW6L55J3,2026-06-02T08:01:39.383037
amazon,B0CQNZVLLZ,Product B0CQNZVLLZ,"INGCO 12V Cordless Drill, Cordless Drilling Machine With 1.5 Battery And Drill Bit, 20Nm,0.8-10Mm,15+1 Torque - Multicolor",Industrial,EGP 740.00,EGP 760.00,,4.1,(425),In Stock,https://m.media-amazon.com/images/I/61adw3jYqkL._AC_UL320_.jpg,https://www.amazon.eg/dp/B0CQNZVLLZ,2026-06-02T08:01:39.388338
amazon,B0BJQ9XRYM,Product B0BJQ9XRYM,"Anker USB C to Lightning Cable(3FT,White), MFi Certified for iPhone 14 Series, and More(Charger Not Included)",Industrial,,,,4.5,(2.3K),In Stock,https://m.media-amazon.com/images/I/51NjfD0m+bL._AC_UL320_.jpg,https://www.amazon.eg/dp/B0BJQ9XRYM,2026-06-02T08:01:39.390591
amazon,B08GF9TVRJ,Product B08GF9TVRJ,"Anker USB-C to Lightning Cable, 641 Cable (Cloud White, 3ft), MFi Certified, Powerline III Flow Silicone Fast Charging Cable for iPhone 13 13 Pro 12 11 X XS XR 8 Plus (Charger Not Included)",Industrial,EGP 606.00,EGP 693.84,,4.3,(29.7K),In Stock,https://m.media-amazon.com/images/I/61GHHnA17yL._AC_UL320_.jpg,https://www.amazon.eg/dp/B08GF9TVRJ,2026-06-02T08:01:39.394473
amazon,B0FXBC6LZL,Product B0FXBC6LZL,"Anker A81A6 Braided USB-C to Lightning Cable, MFi Certified, 1.8m Fast Charge(6FT) combatiable with Lightning device, including a wide range of iPhones, iPads, and AirPods - White",Industrial,EGP 645.00,,,3.9,(15),In Stock,https://m.media-amazon.com/images/I/318BTvn0HTL._AC_UL320_.jpg,https://www.amazon.eg/dp/B0FXBC6LZL,2026-06-02T08:01:39.397831
amazon,B0F5WWT85L,Product B0F5WWT85L,"Portable High Pressure Washer with Two Batteries and 5M Tube, Wireless Car Pressure Washer Gun, Rechargeable Mini Pressure Washer for Cleaning Cars, Floors",Industrial,EGP 985.00,,,2.7,(47),In Stock,https://m.media-amazon.com/images/I/714wFNKJo6L._AC_UL320_.jpg,https://www.amazon.eg/dp/B0F5WWT85L,2026-06-02T08:01:39.401067
amazon,B0GHG4YVWN,Product B0GHG4YVWN,"Fantastic-Kids-Toys Adjustable Toilet Ladder Toilet Pedestal with Handle, Soft Cushion Design, Non-Slip Foldable Easy Assembly, with Splash Guard (Pink)",Industrial,EGP 700.00,,,2.6,(4),In Stock,https://m.media-amazon.com/images/I/61uYSEcmIEL._AC_UL320_.jpg,https://www.amazon.eg/dp/B0GHG4YVWN,2026-06-02T08:01:39.404230
amazon,B0BRW74LJP,Product B0BRW74LJP,"Ebooine Cordless Pressure Washer, 30Bar Pressure Water Spray Gun, 48V Lithium Battery Lasts for 60 Min with Fully Charged, Portable High Pressure Car Washer for Car/Fence/Wall/Deck Cleaning",Industrial,EGP 748.00,EGP 787.80,,2.5,(565),In Stock,https://m.media-amazon.com/images/I/61D4EiccvHL._AC_UL320_.jpg,https://www.amazon.eg/dp/B0BRW74LJP,2026-06-02T08:01:39.408113
amazon,B0G2MRJP5X,Product B0G2MRJP5X,"KIDSZONE Castle Play Tent – Foldable Indoor & Outdoor Princess/Prince Playhouse, Portable Pop-Up Tent for Children with Carry Bag (Pink)",Industrial,EGP 539.00,,,4.6,(5),In Stock,https://m.media-amazon.com/images/I/51VdFayoO+L._AC_UL320_.jpg,https://www.amazon.eg/dp/B0G2MRJP5X,2026-06-02T08:01:39.411905
amazon,B0C4D8SCCQ,Product B0C4D8SCCQ,"UGREEN USB C to DisplayPort 1.4 Cable 8K@60Hz 4K@240Hz Thunderbolt 4/3 to DisplayPort Cord USB C to DP 1.4 32.4 Gbps Alu Braided Compatible with MacBook Pro/Air, iPad, Mac Mini, Galaxy, XPS 15 3.3FT",Industrial,EGP 829.00,EGP 901.26,,4.7,(2.6K),In Stock,https://m.media-amazon.com/images/I/712r7Iix4ZL._AC_UL320_.jpg,https://www.amazon.eg/dp/B0C4D8SCCQ,2026-06-02T08:01:39.416193
amazon,B07MWGK7MT,Product B07MWGK7MT,VILEDA (Floor wiper Easy Fix 42cm),Industrial,EGP 840.00,,,4.4,(616),In Stock,https://m.media-amazon.com/images/I/51Ca8fZCgQL._AC_UL320_.jpg,https://www.amazon.eg/dp/B07MWGK7MT,2026-06-02T08:01:39.419414
amazon,B093YBXKM2,Product B093YBXKM2,"Lenosed Kids Play Kitchen - 42Pcs Simulation Toy Cooking Set With Spray Water Tableware, Fruit Vegetable Tea Playset for Early Age Development Educational Pretend Play - Blue",Industrial,EGP 799.00,EGP 899.50,,2.6,(50),In Stock,https://m.media-amazon.com/images/I/71PL2El8vWL._AC_UL320_.jpg,https://www.amazon.eg/dp/B093YBXKM2,2026-06-02T08:01:39.423418
amazon,B0B7GJXK1F,Product B0B7GJXK1F,"Anker PowerLine III Flow, USB C to Lightning Cable for iPhone 13 13 Pro 12 11 X XS XR 8 Plus [MFi Certified, 3ft, Color] Supports Power Delivery, Silicone Cable| Black",Industrial,EGP 622.80,EGP 806.96,,4.4,(41),In Stock,https://m.media-amazon.com/images/I/519iJ8+uq1L._AC_UL320_.jpg,https://www.amazon.eg/dp/B0B7GJXK1F,2026-06-02T08:01:39.427738
amazon,B0CMHJSKVZ,Product B0CMHJSKVZ,"INGCO 4V Electric Cordless Screwdriver, Rechargeable Power Drill Driver Set, 4N.m Max Torque, 240RPM, Packed by tool box",Industrial,EGP 645.00,,,4.2,(1.4K),In Stock,https://m.media-amazon.com/images/I/81hw0+bD7TL._AC_UL320_.jpg,https://www.amazon.eg/dp/B0CMHJSKVZ,2026-06-02T08:01:39.431084
amazon,B0BM4QX8B5,Product B0BM4QX8B5,Utopia Home Premium Wooden Hangers 30 Pack - Durable & Slim Coat Hanger - Suit Hangers with 360-Degree Rotatable Hook - Wood Hangers with Shoulder Grooves (Natural Color),Industrial,EGP 901.00,,,4.5,(2.5K),In Stock,https://m.media-amazon.com/images/I/813ciE6zrKL._AC_UL320_.jpg,https://www.amazon.eg/dp/B0BM4QX8B5,2026-06-02T08:01:39.434258
amazon,B0936VLZYR,Product B0936VLZYR,"UGREEN 8K HDMI 2.1 Cable 5M (16FT),8K@60Hz,4K@240Hz/144Hz/120Hz HD Cable, HDR 10+/Dolby/eARC/3D/HDCP 2.3,Video Cord Compatible with MacBook Pro/Switch/PS5/PS4/Steam Deck/Xbox/Roku/HDTV/DVD/Projector",Industrial,EGP 729.00,,,4.7,(3.8K),In Stock,https://m.media-amazon.com/images/I/71QyqlAnQuL._AC_UL320_.jpg,https://www.amazon.eg/dp/B0936VLZYR,2026-06-02T08:01:39.437974
amazon,B07LH4FX2D,Product B07LH4FX2D,"Tank Power Water Filter 3 Stages, 1 Year Warranty",Industrial,,,,4.2,(988),In Stock,https://m.media-amazon.com/images/I/713uDa+nbcL._AC_UL320_.jpg,https://www.amazon.eg/dp/B07LH4FX2D,2026-06-02T08:01:39.440181
amazon,B0FDNJ4MD2,Product B0FDNJ4MD2,طقم تقديم 33 قطع عملي أنيق ومناسب لكل فره خامه عالية الجودة AR,Industrial,EGP 990.00,,,3.4,(51),In Stock,https://m.media-amazon.com/images/I/61Pjz66v1cL._AC_UL320_.jpg,https://www.amazon.eg/dp/B0FDNJ4MD2,2026-06-02T08:01:39.443847
amazon,B01MEHN4VC,Product B01MEHN4VC,WD-40 Multi-Use Smart Straw 450ml Spray Aerosol Can Clean Rust Lubricant,Industrial,EGP 600.00,,,4.8,(20K),In Stock,https://m.media-amazon.com/images/I/719ITO2uAIL._AC_UL320_.jpg,https://www.amazon.eg/dp/B01MEHN4VC,2026-06-02T08:01:39.447096
amazon,B09KXCW7X5,Product B09KXCW7X5,"Wooden Hangers - 30 Pack Slim Coat Hangers with Smooth Finish for Closet, Shirt, Suit, Dress, Light Natural",Industrial,EGP 728.35,,,4.3,(1.1K),In Stock,https://m.media-amazon.com/images/I/71ICZhj6aFL._AC_UL320_.jpg,https://www.amazon.eg/dp/B09KXCW7X5,2026-06-02T08:01:39.450514
amazon,B0BNF1HVMD,Product B0BNF1HVMD,"Occuwzz® 48V Cordless Portable Washer Electric High Pressure Cleaner Machine with Rechargeable Battery,Foam Bottle,Nozzles Hose for Washing Cars, Watering Flowers, Cleaning Floors",Industrial,EGP 809.48,,,2.6,(75),In Stock,https://m.media-amazon.com/images/I/71XZ+Px62ML._AC_UL320_.jpg,https://www.amazon.eg/dp/B0BNF1HVMD,2026-06-02T08:01:39.454226
amazon,B091D8RZ7Z,Product B091D8RZ7Z,commercial basket trash 120 liter black,Industrial,EGP 869.00,,,4.5,(100),In Stock,https://m.media-amazon.com/images/I/619eKlLT+iL._AC_UL320_.jpg,https://www.amazon.eg/dp/B091D8RZ7Z,2026-06-02T08:01:39.457397
amazon,B0D7BL47CK,Product B0D7BL47CK,UGREEN Uno USB-C to USB-C PD Fast Charging Cable 5A Max 1m,Industrial,EGP 502.25,EGP 502.25,,4.7,(5.7K),In Stock,https://m.media-amazon.com/images/I/61XC0rfC98L._AC_UL320_.jpg,https://www.amazon.eg/dp/B0D7BL47CK,2026-06-02T08:01:39.461475
amazon,B0B63JJWG3,Product B0B63JJWG3,TOTAL VACUUM CLEANER 20V WITHOUT BATTERY & CHARGER TVLI201261,Industrial,,,,4.6,(121),In Stock,https://m.media-amazon.com/images/I/31tPmC-xsZL._AC_UL320_.jpg,https://www.amazon.eg/dp/B0B63JJWG3,2026-06-02T08:01:40.532317
amazon,B0GFN9BNZK,Product B0GFN9BNZK,"Compressed Air Duster, 110,000 RPM Super Power Electric Cordless Blower, 4000mAh Rechargeable Air Blower with LED Indicatior & 3 Gears, 5-in-1 Dust Remover for PC, Keyboard, Car & Outdoor, Black",Industrial,"EGP 1,525.00",,,3.6,(13),In Stock,https://m.media-amazon.com/images/I/61F4F+Sg5hL._AC_UL320_.jpg,https://www.amazon.eg/dp/B0GFN9BNZK,2026-06-02T08:01:40.535729
amazon,B0FQ469SNM,Product B0FQ469SNM,129 Pcs Tools set,Industrial,"EGP 1,800.00",,,3.9,(25),In Stock,https://m.media-amazon.com/images/I/51AZkLS90+L._AC_UL320_.jpg,https://www.amazon.eg/dp/B0FQ469SNM,2026-06-02T08:01:40.539597
amazon,B0D14SFBKY,Product B0D14SFBKY,Bosch GSB 600 PROFESSIONAL,Industrial,"EGP 1,459.00",,,4.8,(178),In Stock,https://m.media-amazon.com/images/I/610-OFg4wIL._AC_UL320_.jpg,https://www.amazon.eg/dp/B0D14SFBKY,2026-06-02T08:01:40.542738
amazon,B09N3L2WHH,Product B09N3L2WHH,"Ergocar Teepee Child Girl, Princess Tent Indoor Dream Castle, Boy's Cabin Child Outdoor, with Colourful Balls & Star Lights, Large Garden Tent, Birthday Gifts",Industrial,"EGP 1,219.00",,,4.3,(519),In Stock,https://m.media-amazon.com/images/I/61Z+7oo2F2L._AC_UL320_.jpg,https://www.amazon.eg/dp/B09N3L2WHH,2026-06-02T08:01:40.546696
amazon,B0DGPXC6XV,Product B0DGPXC6XV,"Neoflam High Carbon Stainless Steel Knife Set 6-Pieces, Silver",Industrial,"EGP 1,398.99",,,4.4,(21),In Stock,https://m.media-amazon.com/images/I/51RohGRwhxL._AC_UL320_.jpg,https://www.amazon.eg/dp/B0DGPXC6XV,2026-06-02T08:01:40.550052
amazon,B00B80JEGC,Product B00B80JEGC,Beurer pulse oximeter with heart rate monitor - po30,Industrial,"EGP 1,950.00",,,4.6,(21.1K),In Stock,https://m.media-amazon.com/images/I/61tEkh79lKL._AC_UL320_.jpg,https://www.amazon.eg/dp/B00B80JEGC,2026-06-02T08:01:40.552880
amazon,B0D9693TBD,Product B0D9693TBD,water hose 1/2 inche 50 m 15 bar 3 layers hoseÛÛۢ¢ÛÛÛÛ††r r 3 medicines˜Italy by circle tools,Industrial,"EGP 1,039.00",,,4.3,(82),In Stock,https://m.media-amazon.com/images/I/61c-fdOnrAL._AC_UL320_.jpg,https://www.amazon.eg/dp/B0D9693TBD,2026-06-02T08:01:40.556339
amazon,B0GWFJNV6B,Product B0GWFJNV6B,"Bavaria 1kg Dry Chemical Powder Fire Extinguisher, Multipurpose, for Class A, B, C Fires, Car and Home Use جهاز اطفاء حريق سعة 1 كجم للسيارة الملكي (1KG)",Industrial,"EGP 1,199.00",,,,EGP 1199.00EGP1199.00,In Stock,https://m.media-amazon.com/images/I/51niK+04cNL._AC_UL320_.jpg,https://www.amazon.eg/dp/B0GWFJNV6B,2026-06-02T08:01:40.559994
amazon,B0D7WS6L46,Product B0D7WS6L46,MG2541S MEA GREY 2-P,Industrial,"EGP 1,640.00","EGP 1,709.00",,3.0,(92),In Stock,https://m.media-amazon.com/images/I/51bJI73HOML._AC_UL320_.jpg,https://www.amazon.eg/dp/B0D7WS6L46,2026-06-02T08:01:40.564321
amazon,B091D5SNV1,Product B091D5SNV1,Commercial Garbage Bin - 240L,Industrial,"EGP 1,250.00",,,4.5,(136),In Stock,https://m.media-amazon.com/images/I/516maDM43NL._AC_UL320_.jpg,https://www.amazon.eg/dp/B091D5SNV1,2026-06-02T08:01:40.567604
amazon,B01A6JY2K8,Product B01A6JY2K8,evian evian Still Mineral Water 24 x 0.5 L,Industrial,"EGP 1,250.00","EGP 1,299.00",,4.5,(1K),In Stock,https://m.media-amazon.com/images/I/61Ggti+uzaL._AC_UL320_.jpg,https://www.amazon.eg/dp/B01A6JY2K8,2026-06-02T08:01:40.571380
amazon,B0CQYXGYTY,Product B0CQYXGYTY,SOKANY SK-08031 4 1500,Industrial,"EGP 1,499.00","EGP 1,646.65",,3.9,(19),In Stock,https://m.media-amazon.com/images/I/61KmcdsFb4L._AC_UL320_.jpg,https://www.amazon.eg/dp/B0CQYXGYTY,2026-06-02T08:01:40.575266
amazon,B0966VNVG6,Product B0966VNVG6,Total Tools Battery Impact Drill,Industrial,"EGP 1,900.00","EGP 2,690.40",,4.3,(481),In Stock,https://m.media-amazon.com/images/I/51O-iahjjRL._AC_UL320_.jpg,https://www.amazon.eg/dp/B0966VNVG6,2026-06-02T08:01:40.579335
amazon,B0DDLH3WQ1,Product B0DDLH3WQ1,"Freestyle Libre 2 Covers Waterproof – 45 Libre 2 Sensor Covers, Transparent, Long-Lasting, No Glue on Center, Non-Irritating, Easy to Apply and Remove – Ideal for Sports, Swimming, and Daily Use",Industrial,"EGP 1,380.00",,,4.0,(647),In Stock,https://m.media-amazon.com/images/I/71rRWbrb6mL._AC_UL320_.jpg,https://www.amazon.eg/dp/B0DDLH3WQ1,2026-06-02T08:01:40.582664
amazon,B0DWTFQ4VX,Product B0DWTFQ4VX,CROWN CTC-A150 150 Kg Portable Folding Metal Hand Platform Trolley Hand Truck with 360° Rotating & Locking Wheels for Home & Warehouse Use BY CIRCLE TOOLS,Industrial,"EGP 1,919.00",,,4.5,(33),In Stock,https://m.media-amazon.com/images/I/51IhRJYqjAL._AC_UL320_.jpg,https://www.amazon.eg/dp/B0DWTFQ4VX,2026-06-02T08:01:40.586010
amazon,B075QD1VHW,Product B075QD1VHW,"Crown CT10128 Impact Drill, 600 Watt - 13 mm",Industrial,"EGP 1,080.00","EGP 1,295.00",,4.4,(176),In Stock,https://m.media-amazon.com/images/I/61oENoydfaL._AC_UL320_.jpg,https://www.amazon.eg/dp/B075QD1VHW,2026-06-02T08:01:40.591862
amazon,B0FNCVR7Q3,Product B0FNCVR7Q3,Cordless Vacuum Cleaner 2-in-1 – for Car & Home – Powerful Suction & Extraction – Portable Light with HEPA Filters & Multiple Heads,Industrial,"EGP 1,450.00",,,3.3,(14),In Stock,https://m.media-amazon.com/images/I/41empPlWc5L._AC_UL320_.jpg,https://www.amazon.eg/dp/B0FNCVR7Q3,2026-06-02T08:01:40.595186
amazon,B0D4R6JPW3,Product B0D4R6JPW3,Bosch Professional Bundle Impact Drill GSB 570 3 CYL Drill Bits Carbon Brush,Industrial,"EGP 1,353.31",,,4.5,(68),In Stock,https://m.media-amazon.com/images/I/51wEk5P7QyL._AC_UL320_.jpg,https://www.amazon.eg/dp/B0D4R6JPW3,2026-06-02T08:01:40.598531
amazon,B09KBPD6B2,Product B09KBPD6B2,"Ingco Id6808 Percussion Drill 680 watts Professional Screwdriver Chuck Reversible Variable Speed, 2.03 Kilograms, Yellow, Grey",Industrial,"EGP 1,080.00","EGP 1,188.00",,4.2,(210),In Stock,https://m.media-amazon.com/images/I/61CAvHnBE8L._AC_UL320_.jpg,https://www.amazon.eg/dp/B09KBPD6B2,2026-06-02T08:01:40.602926
amazon,B0FL16J4QF,Product B0FL16J4QF,CROWN Folding Hand Truck Portable Folding Hand Cart Dolly Cart Push Truck Trolley Black 75 KG,Industrial,"EGP 1,499.00",,,4.8,(23),In Stock,https://m.media-amazon.com/images/I/516kUjKqijL._AC_UL320_.jpg,https://www.amazon.eg/dp/B0FL16J4QF,2026-06-02T08:01:40.606263
amazon,B084MM4KFV,Product B084MM4KFV,INGCO Corded Power Tools Mini Grinder - MG13328,Industrial,"EGP 1,110.00",,,4.0,(1K),In Stock,https://m.media-amazon.com/images/I/61hXLhdSmlL._AC_UL320_.jpg,https://www.amazon.eg/dp/B084MM4KFV,2026-06-02T08:01:40.609861
amazon,B07GH9R87Z,Product B07GH9R87Z,Bosch GWS 700 Professional Angle Grinder - 710 w,Industrial,"EGP 1,740.00",,,4.4,(172),In Stock,https://m.media-amazon.com/images/I/61BzHSPF0hL._AC_UL320_.jpg,https://www.amazon.eg/dp/B07GH9R87Z,2026-06-02T08:01:40.613193
amazon,B0DYGHH7CY,Product B0DYGHH7CY,"Super Total 165-Piece Tool Set with 20V Cordless Impact Drill, Battery & Charger - Complete Home Repair & DIY Kit with Screwdrivers, Wrenches, Pliers, Drill Bits & More - THKTHP11652",Industrial,"EGP 3,500.00",,,4.6,(127),In Stock,https://m.media-amazon.com/images/I/511PMg483xL._AC_UL320_.jpg,https://www.amazon.eg/dp/B0DYGHH7CY,2026-06-02T08:01:41.556811
amazon,B005U94N9A,Product B005U94N9A,"Vileda Ultramax Flat Mop and Bucket Set, Multi-Colour",Industrial,"EGP 2,200.00",,,4.3,(19.9K),In Stock,https://m.media-amazon.com/images/I/810GK0JcfOL._AC_UL320_.jpg,https://www.amazon.eg/dp/B005U94N9A,2026-06-02T08:01:41.560614
amazon,B0DJM9L8Y2,Product B0DJM9L8Y2,"Ideal Standard Idealstream B1263AA (BC980AA) High Swivel Spout Basin Mixer, Chrome",Industrial,"EGP 4,576.00",,,3.6,(5),In Stock,https://m.media-amazon.com/images/I/41xbhkhwenL._AC_UL320_.jpg,https://www.amazon.eg/dp/B0DJM9L8Y2,2026-06-02T08:01:41.564359
amazon,B09T3TDT6P,Product B09T3TDT6P,Ideal Standard B 1262 AA - BC 947 AA Ideal stream basin mixer,Industrial,"EGP 3,400.00",,,4.6,(33),In Stock,https://m.media-amazon.com/images/I/51BmXRULbeL._AC_UL320_.jpg,https://www.amazon.eg/dp/B09T3TDT6P,2026-06-02T08:01:41.567624
amazon,B0F6LY6CP8,Product B0F6LY6CP8,"MediaTech Cool Cool 18 Inch stand fan, 75 W,Silent ForceTechnology with 6 Blades, 3 Speed Settings, High-Efficiency copper Motor,Remote control included, Black, MT-SF42R",Industrial,"EGP 2,099.00",,,4.4,(8),In Stock,https://m.media-amazon.com/images/I/81Afv3-AP7L._AC_UL320_.jpg,https://www.amazon.eg/dp/B0F6LY6CP8,2026-06-02T08:01:41.570847
amazon,B073NSNG5D,Product B073NSNG5D,Ideal Standard B 1713 AA Ceraflex Basin Mixer Tap Metal Pull Knob Drain Fitting G1 1/4 Mounting Bottom Rigid Cast Spout Surface: Chrome,Industrial,"EGP 4,560.00",,,4.2,(70),In Stock,https://m.media-amazon.com/images/I/51S7gdxz9yL._AC_UL320_.jpg,https://www.amazon.eg/dp/B073NSNG5D,2026-06-02T08:01:41.576912
amazon,B0CB4C9NQT,Product B0CB4C9NQT,"Tefal TW3751EG Compact Power Vacuum Cleaner, Bagless, Advanced Motor Technology 750W = 2000W, 1,5L Capacity, Parquet Nozzle, Crecive Nozzle, Black and Turquoise",Industrial,"EGP 4,999.00","EGP 6,999.00",,4.1,(64),In Stock,https://m.media-amazon.com/images/I/71k+Df2jUGL._AC_UL320_.jpg,https://www.amazon.eg/dp/B0CB4C9NQT,2026-06-02T08:01:41.581046
amazon,B091JH3DLK,Product B091JH3DLK,Ideal Stream Basin Mixer,Industrial,"EGP 4,670.11",,,4.0,(7),In Stock,https://m.media-amazon.com/images/I/51oHQc-YHbL._AC_UL320_.jpg,https://www.amazon.eg/dp/B091JH3DLK,2026-06-02T08:01:41.584233
amazon,B0GXH1PBKH,Product B0GXH1PBKH,"Arshia 4-in-1 Vacuum Cleaner with Mop, Black and Red, VC272-3913",Industrial,"EGP 4,100.00",,,,EGP 4100.00EGP4100.00,In Stock,https://m.media-amazon.com/images/I/516CIlwHeAL._AC_UL320_.jpg,https://www.amazon.eg/dp/B0GXH1PBKH,2026-06-02T08:01:41.587088
amazon,B0DRTDW9Z5,Product B0DRTDW9Z5,"apt Pressure washer DW-LP318-1400A 110 bar 390l/h 1400 watt with wheels For Car, Home Garden,Air Conditioner wiht gun and hose light in weight by circle tools",Industrial,"EGP 2,660.00",,,4.1,(20),In Stock,https://m.media-amazon.com/images/I/61X34V2XpZL._AC_UL320_.jpg,https://www.amazon.eg/dp/B0DRTDW9Z5,2026-06-02T08:01:41.590430
amazon,B0DHQP69ZH,Product B0DHQP69ZH,"Tank Pro Water Filter with Digital Timer and 6 Compact Filtration Functions, Black",Industrial,,,,4.1,(117),In Stock,https://m.media-amazon.com/images/I/41xrM5GGBQL._AC_UL320_.jpg,https://www.amazon.eg/dp/B0DHQP69ZH,2026-06-02T08:01:41.592714
amazon,B08WJN2SC9,Product B08WJN2SC9,"Tank Power Water Filter 7 Stages RO Plus, 1 Year Warranty",Industrial,"EGP 4,666.00",,,4.1,(78),In Stock,https://m.media-amazon.com/images/I/710bAl-HdGL._AC_UL320_.jpg,https://www.amazon.eg/dp/B08WJN2SC9,2026-06-02T08:01:41.596001
amazon,B0DDH91W32,Product B0DDH91W32,"Pressure Washer With 8 Meter Hose Lightweight,For Car, Home Garden,air conditioner ماكينة غسيل للمنزل و الحديقة و غسيل السيارات و السجاد 120 BAR 1800 WATT by circle tools dw20126 heavy duty",Industrial,"EGP 4,299.00",,,3.9,(49),In Stock,https://m.media-amazon.com/images/I/51faY5Yhz6L._AC_UL320_.jpg,https://www.amazon.eg/dp/B0DDH91W32,2026-06-02T08:01:41.599276
amazon,B07FSSKG48,Product B07FSSKG48,"Black & Decker 14.4V Lithium-Ion Pivot Dustbuster/Cyclonic Hand Vacuum Cleaner, Champagne - Pv1420L-B5",Industrial,"EGP 3,775.00","EGP 6,591.30",,4.3,(1.6K),In Stock,https://m.media-amazon.com/images/I/512da2-IzxS._AC_UL320_.jpg,https://www.amazon.eg/dp/B07FSSKG48,2026-06-02T08:01:41.603134
amazon,B0CC7K4CL8,Product B0CC7K4CL8,Sokany Portable Vacuum Cleaner (Vertical or Portable) / 1L / 1000W Brand: 2 * 1,Industrial,"EGP 2,050.00",,,3.7,(85),In Stock,https://m.media-amazon.com/images/I/31x1RLWWZ6L._AC_UL320_.jpg,https://www.amazon.eg/dp/B0CC7K4CL8,2026-06-02T08:01:41.606586
amazon,B0FJG26QGQ,Product B0FJG26QGQ,SK-13043 مكنسة كهربائية 2 * 1 2000 وات,Industrial,"EGP 2,084.79","EGP 2,188.00",,3.0,(12),In Stock,https://m.media-amazon.com/images/I/41OgpLOpzPL._AC_UL320_.jpg,https://www.amazon.eg/dp/B0FJG26QGQ,2026-06-02T08:01:41.610843
amazon,B0CPMDJS1L,Product B0CPMDJS1L,SOKANY SK-13003 Electric Vacuum Cleaner 3.5L 3600W,Industrial,"EGP 4,228.13",,,3.0,(1),In Stock,https://m.media-amazon.com/images/I/71BLdFzIfLL._AC_UL320_.jpg,https://www.amazon.eg/dp/B0CPMDJS1L,2026-06-02T08:01:41.613972
amazon,B0GW8TXT2G,Product B0GW8TXT2G,"TOTAL 20V Cordless Portable Pressure Washer (24.8 Bar) - Self-Suction Power Washer with 6m Hose, 2-Pattern Spray Gun, 300ml Foam Producer, 2.0Ah Battery & Charger - TPWLI20362",Industrial,"EGP 2,751.00",,,5.0,(1),In Stock,https://m.media-amazon.com/images/I/71jz5FJ9ZrL._AC_UL320_.jpg,https://www.amazon.eg/dp/B0GW8TXT2G,2026-06-02T08:01:41.617438
amazon,B08N1D2HYG,Product B08N1D2HYG,"Kenwood High Power14.8VOLT Handheld Vacuum cleaner Cordless, Rechargeable, Lightweight Wet And Dry Hand Vacuum for Home/Pet/Car, Silver HVP19.000SI - International warranty",Industrial,"EGP 3,795.00","EGP 4,999.00",,4.0,(294),In Stock,https://m.media-amazon.com/images/I/71086ZFrT6L._AC_UL320_.jpg,https://www.amazon.eg/dp/B08N1D2HYG,2026-06-02T08:01:41.621004
amazon,B09SJ283XN,Product B09SJ283XN,Ideal Standard B 7833 Eurostorm basin mixer,Industrial,"EGP 4,832.05",,,4.6,(7),In Stock,https://m.media-amazon.com/images/I/51KbX-CWRJL._AC_UL320_.jpg,https://www.amazon.eg/dp/B09SJ283XN,2026-06-02T08:01:41.624297
amazon,B07MQVSPGJ,Product B07MQVSPGJ,High pressure washing machine 130 bar Model TOTAL TGT11316,Industrial,"EGP 3,151.00","EGP 3,634.00",,4.3,(389),In Stock,https://m.media-amazon.com/images/I/71vQZcr+tZL._AC_UL320_.jpg,https://www.amazon.eg/dp/B07MQVSPGJ,2026-06-02T08:01:41.628254
amazon,B09GS46SVR,Product B09GS46SVR,"Black & Decker 18V Cordless Handheld Pivot Vacuum Cleaner With 1.5Ah Li-Ion Battery, 27.5 AW Suction Power, 440ml Bowl Capacity And Triple Filteration With 200° Rotation PV1820LRGP-GB",Industrial,"EGP 4,249.00","EGP 4,550.00",,4.4,(344),In Stock,https://m.media-amazon.com/images/I/611i8EOS8hL._AC_UL320_.jpg,https://www.amazon.eg/dp/B09GS46SVR,2026-06-02T08:01:41.631907
amazon,B0DM21SLFT,Product B0DM21SLFT,"DSP Electric Spin Scrubber, IPX7 Waterproof, Adjustable Telescopic Pole Adjustable Angles, 3 speeds Electric Spin Brush for Cleaning Bathroom Tub Floor Tile Basin, LED Display",Industrial,"EGP 2,026.00","EGP 2,275.00",,3.7,(14),In Stock,https://m.media-amazon.com/images/I/71RW5FwyPKL._AC_UL320_.jpg,https://www.amazon.eg/dp/B0DM21SLFT,2026-06-02T08:01:41.636152
amazon,B093BS639T,Product B093BS639T,"UNI-T Coating Thickness Gauge UT343D, Automotive Coating Paint Thickness Tester, Car Painting Depth Gauge for Used Car Buyer, Resolution 0.1um, F/NF Automatic Detection, um/mil, Auto Off",Industrial,"EGP 5,000.00",,,3.8,(34),In Stock,https://m.media-amazon.com/images/I/71LsHfE1XTL._AC_UL320_.jpg,https://www.amazon.eg/dp/B093BS639T,2026-06-02T08:01:42.387894
amazon,B0GYZDK847,Product B0GYZDK847,Aqua Jet 7-Stages [Black Edition] Premium Black Aqua Jet Filter: Ultra Purity + Alkaline Water | Modern Design for Your Kitchen Ultra-Pure System,Industrial,"EGP 5,000.00",,,,EGP 5000.00EGP5000.00,In Stock,https://m.media-amazon.com/images/I/614bryaKj7L._AC_UL320_.jpg,https://www.amazon.eg/dp/B0GYZDK847,2026-06-02T08:01:42.390859
amazon,B0FDBBHXBP,Product B0FDBBHXBP,"YATO Hot Air Soldering Station, 750W, Digital Tool for Precision Soldering and Desoldering in Electronics and Repairs",Industrial,"EGP 5,000.00",,,,EGP 5000.00EGP5000.00,In Stock,https://m.media-amazon.com/images/I/610fdEVFU6L._AC_UL320_.jpg,https://www.amazon.eg/dp/B0FDBBHXBP,2026-06-02T08:01:42.393751
amazon,B093259TRY,Product B093259TRY,"KEWEI Commode Toilet Chair， Heavy Duty Steel Medical Folding Supply With Safety Frame Rails Bedside, For Disabled, Elderly, Pregnant Woman",Industrial,"EGP 5,000.00",,,2.8,(3),In Stock,https://m.media-amazon.com/images/I/51bGdQPIcVL._AC_UL320_.jpg,https://www.amazon.eg/dp/B093259TRY,2026-06-02T08:01:42.397442
amazon,B0DDCF6YX9,Product B0DDCF6YX9,"Fuzion Digital Shipping Postal Scale - 88lb x 0.1oz, Stainless Steel Platform, 5 Units, Hold/Tare/PCS Counting, Easy Calibration, Large LCD, Scale for Packages, All-in-1 Shipping Scale",Industrial,"EGP 5,000.00",,,4.7,(369),In Stock,https://m.media-amazon.com/images/I/71xdP6wGwaL._AC_UL320_.jpg,https://www.amazon.eg/dp/B0DDCF6YX9,2026-06-02T08:01:42.400650
amazon,B09RKB6Z8R,Product B09RKB6Z8R,Total 20V Tree Branch Trim Scissors Model: TOTAL TSSLI2001,Industrial,"EGP 5,000.00",,,4.2,(5),In Stock,https://m.media-amazon.com/images/I/51nvWTpo8pL._AC_UL320_.jpg,https://www.amazon.eg/dp/B09RKB6Z8R,2026-06-02T08:01:42.403943
amazon,B0D9P2HCBW,Product B0D9P2HCBW,Large Digital Kitchen Scale 40kg/88lb Stainless Steel Price Computing Scale Counting Scale Deli Scale with LCD Display for Baking Bread Cooking Meat Prep Parts and Coins Adapter Included (Black),Industrial,"EGP 5,000.00",,,4.6,(108),In Stock,https://m.media-amazon.com/images/I/7136Rgpw2AL._AC_UL320_.jpg,https://www.amazon.eg/dp/B0D9P2HCBW,2026-06-02T08:01:42.406980
amazon,B0CFHT2NL9,Product B0CFHT2NL9,"Rosa FM Golden Shell Organic Porcelain Round Dinner Set 24 Pieces - Multi Color 6 Dessert Plates, 6 Soup Plates, 6 Dinner Plates, 6 Bowls",Industrial,"EGP 5,000.00",,,4.0,(7),In Stock,https://m.media-amazon.com/images/I/517+xsK96fL._AC_UL320_.jpg,https://www.amazon.eg/dp/B0CFHT2NL9,2026-06-02T08:01:42.410028
amazon,B0922YPS5F,Product B0922YPS5F,"Total Tools High Pressure Washer, 150 Bar",Industrial,"EGP 5,000.00",,,5.0,(1),In Stock,https://m.media-amazon.com/images/I/61rAiRDUjdL._AC_UL320_.jpg,https://www.amazon.eg/dp/B0922YPS5F,2026-06-02T08:01:42.413478
amazon,B0CMZJP9V8,Product B0CMZJP9V8,"TIMEMORE Coffee Scale Basic 2.0 Electronic Espresso Scale with Water Flow Rate and Timer Function, Free Switching of Ounce/kg Units, Digital Scale for Kitchen/Baking/Cooking, Black",Industrial,"EGP 5,000.00",,,4.4,(435),In Stock,https://m.media-amazon.com/images/I/51x+g9dt10L._AC_UL320_.jpg,https://www.amazon.eg/dp/B0CMZJP9V8,2026-06-02T08:01:42.416685
amazon,B0F8J76HVP,Product B0F8J76HVP,Digital Lab Scale 5000g x 0.1g LCD Display Analytical Balance Jewelry Scale with Charging Precision Electronic Scale Scientific Scale 0.1g Accuracy for Laboratory Kitchen Measurement,Industrial,"EGP 5,000.00",,,4.3,(13),In Stock,https://m.media-amazon.com/images/I/71-q5U6g75L._AC_UL320_.jpg,https://www.amazon.eg/dp/B0F8J76HVP,2026-06-02T08:01:42.419722
amazon,B091J6L6ZN,Product B091J6L6ZN,inGCO GCS45185 Gasoline Chain Saw - 1800 Watt,Industrial,"EGP 5,000.00",,,3.8,(4),In Stock,https://m.media-amazon.com/images/I/51SIaL-5kzL._AC_UL320_.jpg,https://www.amazon.eg/dp/B091J6L6ZN,2026-06-02T08:01:42.422864
amazon,B0DQL26W7X,Product B0DQL26W7X,"Digital Postal Scale, 88lb/0.1oz, Stainless Steel Platform, 5 Units, Hold/PCS Function, Back-lit LCD Display, Scale for Package and Office, All-in-1 Shipping Scale, with a Tape",Industrial,"EGP 5,000.00",,,4.5,(79),In Stock,https://m.media-amazon.com/images/I/71zdL+DmiEL._AC_UL320_.jpg,https://www.amazon.eg/dp/B0DQL26W7X,2026-06-02T08:01:42.425896
amazon,B091CXTKYD,Product B091CXTKYD,Al Sharif Round Melamine Tableware and Dinnerware Set Of 38 - Multi Color Black Rasha,Industrial,"EGP 5,000.00",,,1.0,(2),In Stock,https://m.media-amazon.com/images/I/71iAViTBj0L._AC_UL320_.jpg,https://www.amazon.eg/dp/B091CXTKYD,2026-06-02T08:01:42.429100
amazon,B0F6K5R8RN,Product B0F6K5R8RN,"UNIWEIGH Milligram Scale Precision 0.001g/50g, Digital Jewelry Scale for Powder,Coins,Gold,Gem,Reloading,Micro Gram Scale with 6 Units,Tare,Cal Weight,Pocket mg Scale with USB&Battery Powered",Industrial,"EGP 5,000.00",,,4.5,(218),In Stock,https://m.media-amazon.com/images/I/81V-v1GXN0L._AC_UL320_.jpg,https://www.amazon.eg/dp/B0F6K5R8RN,2026-06-02T08:01:42.432148
amazon,B0FX3GT1FW,Product B0FX3GT1FW,"Safety-Line Fiberglass Fire Blanket, 120x120cm, Emergency Safety Blanket for Kitchen and Commercial Fire Protection, Red and White (12)",Industrial,"EGP 5,000.00",,,,EGP 5000.00EGP5000.00,In Stock,https://m.media-amazon.com/images/I/51kAK9hSUwL._AC_UL320_.jpg,https://www.amazon.eg/dp/B0FX3GT1FW,2026-06-02T08:01:42.435126
amazon,B0GRP29QZM,Product B0GRP29QZM,"Porcelain Tea and Cake Set 24 Pieces, Black with Gold Lines, Includes Cups, Saucers and Dessert Plates, High Quality Glossy Finish",Industrial,"EGP 5,000.00",,,,EGP 5000.00EGP5000.00,In Stock,https://m.media-amazon.com/images/I/61PruFWSKaL._AC_UL320_.jpg,https://www.amazon.eg/dp/B0GRP29QZM,2026-06-02T08:01:42.438085
amazon,B0GF3735CB,Product B0GF3735CB,Emtop 1800 W Metal Heavy Duty Rotary Hammer (36mm SDS-Plus) With Plastic Case - Red,Industrial,"EGP 5,000.00",,,,EGP 5000.00EGP5000.00,In Stock,https://m.media-amazon.com/images/I/61bLSRYV83L._AC_UL320_.jpg,https://www.amazon.eg/dp/B0GF3735CB,2026-06-02T08:01:42.441049
amazon,B0GF2CYP2L,Product B0GF2CYP2L,Emtop 20V Heavy-Duty Cordless Rotary Hammer 22mm Kit with 2 x 4.0Ah Batteries - Red/Blue,Industrial,"EGP 5,000.00",,,,EGP 5000.00EGP5000.00,In Stock,https://m.media-amazon.com/images/I/41Inx+NRgmL._AC_UL320_.jpg,https://www.amazon.eg/dp/B0GF2CYP2L,2026-06-02T08:01:42.443995
amazon,B0GBLSL42K,Product B0GBLSL42K,MOLEX SFP+ 5M,Industrial,"EGP 5,000.00",,,,EGP 5000.00EGP5000.00,In Stock,https://m.media-amazon.com/images/I/51h63nMl4nL._AC_UL320_.jpg,https://www.amazon.eg/dp/B0GBLSL42K,2026-06-02T08:01:42.446776
amazon,B0G8LY83TB,Product B0G8LY83TB,SFP-H10GB-CU 5M,Industrial,"EGP 5,000.00",,,,EGP 5000.00EGP5000.00,In Stock,https://m.media-amazon.com/images/I/51mSqdEcZQL._AC_UL320_.jpg,https://www.amazon.eg/dp/B0G8LY83TB,2026-06-02T08:01:42.449745
amazon,B0G82KGSNS,Product B0G82KGSNS,MA-CBL-40G-1M,Industrial,"EGP 5,000.00",,,,EGP 5000.00EGP5000.00,In Stock,https://m.media-amazon.com/images/I/51U2UQTKUdL._AC_UL320_.jpg,https://www.amazon.eg/dp/B0G82KGSNS,2026-06-02T08:01:42.452697
amazon,B0FZ935LT7,Product B0FZ935LT7,KRLZ 3 in 1 Endoscope Inspection Camera Borescope HD Camera Waterproof Snake Pipe Drain with 6 Adjustable Led Light Snake Cable USB Adapter for Android Phone Tablet Device (Size: 2 M),Industrial,"EGP 5,000.00",,,3.2,(21),In Stock,https://m.media-amazon.com/images/I/71xSbxaUVpL._AC_UL320_.jpg,https://www.amazon.eg/dp/B0FZ935LT7,2026-06-02T08:01:42.455893
amazon,B0FV9D5RYH,Product B0FV9D5RYH,"Mobile Endoscope Camera,Type-C Compatible, 720P HD with 6 LED Light,Waterproof IP67 Inspection Camera,2M Wire for Android Phone | PC | Tablet Security Type C App Camera.",Industrial,"EGP 5,000.00",,,3.5,(24),In Stock,https://m.media-amazon.com/images/I/81yV19V8TLL._AC_UL320_.jpg,https://www.amazon.eg/dp/B0FV9D5RYH,2026-06-02T08:01:42.458942
amazon,B0DWLTX4X6,Product B0DWLTX4X6,"Polymer Clay Blocks Set, 12 Assorted Colours, Rainbow Modelling Clay Kit",Arts & Crafts,,,,4.3,(34),In Stock,https://m.media-amazon.com/images/I/41RzBjQTPBL._AC_UL320_.jpg,https://www.amazon.eg/dp/B0DWLTX4X6,2026-06-02T08:02:02.444604
amazon,B09KH16GCM,Product B09KH16GCM,"Automatic Telescopic Tape Measure - Self-Tightening Body Measuring Ruler With Double Scales, Retractable Waist Measure (Black)",Arts & Crafts,EGP 36.48,,,3.6,(136),In Stock,https://m.media-amazon.com/images/I/51Yz7Nhd80L._AC_UL320_.jpg,https://www.amazon.eg/dp/B09KH16GCM,2026-06-02T08:02:02.448205
amazon,B0912R2K32,Product B0912R2K32,GDMINLO Sewing Tape Measure 2 Pack Double-Scale Soft Tape Measuring Body Weight Loss Medical Body Measurement Sewing Tailor Cloth Ruler Dressmaker Flexible Ruler Tape Measure (Multicolor)60Inches/50cm,Arts & Crafts,EGP 39.00,,,4.2,(258),In Stock,https://m.media-amazon.com/images/I/718sxDE75ES._AC_UL320_.jpg,https://www.amazon.eg/dp/B0912R2K32,2026-06-02T08:02:02.451868
amazon,B08521JWPM,Product B08521JWPM,TOUCH 80 Colors Graphic Professional Design Art Twin Tip Marker Pen Series -5 Alcohol Graphic Pen Manga Graphic W/bag Art Twin Marker Pen,Arts & Crafts,EGP 374.99,,,4.1,(561),In Stock,https://m.media-amazon.com/images/I/71JYgJ+FqxL._AC_UL320_.jpg,https://www.amazon.eg/dp/B08521JWPM,2026-06-02T08:02:02.455465
amazon,B00BIXWUWY,Product B00BIXWUWY,"Indomie Instant Noodles Beef Flavour, 75 gm",Arts & Crafts,EGP 8.99,EGP 11.50,,4.1,(109),In Stock,https://m.media-amazon.com/images/I/41LFlBeCx-L._AC_UL320_.jpg,https://www.amazon.eg/dp/B00BIXWUWY,2026-06-02T08:02:02.459620
amazon,B0CVRQ6SY4,Product B0CVRQ6SY4,VENIQE 24 Pcs Art Marker Pen Set Dual Tips Blender Drawing Permanent Sketch Kids Adult Coloring Based Markers Artist Supplies For Coloring Pens Projects Marker Tip Sketching Paint With Carry,Arts & Crafts,EGP 130.34,EGP 198.25,,4.1,(293),In Stock,https://m.media-amazon.com/images/I/61h8My0ZwvL._AC_UL320_.jpg,https://www.amazon.eg/dp/B0CVRQ6SY4,2026-06-02T08:02:02.464251
amazon,B074M45RM2,Product B074M45RM2,Uhu Super Glue/Ultra Fast Control - 3 grams,Arts & Crafts,EGP 85.00,,,4.4,(2.1K),In Stock,https://m.media-amazon.com/images/I/716zCWH58YL._AC_UL320_.jpg,https://www.amazon.eg/dp/B074M45RM2,2026-06-02T08:02:02.468316
amazon,B014Z2RLJ6,Product B014Z2RLJ6,"Indomie Instant Noodles Chicken Flavour, 60 gm",Arts & Crafts,EGP 19.99,,,4.2,(3.7K),In Stock,https://m.media-amazon.com/images/I/71F0ee59juL._AC_UL320_.jpg,https://www.amazon.eg/dp/B014Z2RLJ6,2026-06-02T08:02:02.471900
amazon,B099QBXLMH,Product B099QBXLMH,"CiaraQ Modeling Clay Kit - 24 Colors Air Dry Ultra Light Magic Foam Clay, Safe & Non-Toxic, Great Gift for Kids.",Arts & Crafts,EGP 97.68,,,3.6,(959),In Stock,https://m.media-amazon.com/images/I/71c+C5yy+mL._AC_UL320_.jpg,https://www.amazon.eg/dp/B099QBXLMH,2026-06-02T08:02:02.475477
amazon,B007AJWWB4,Product B007AJWWB4,Jovi 500 gm Air Hardening Modelling Clay For Kids - White,Arts & Crafts,EGP 123.00,,,4.4,(9.7K),In Stock,https://m.media-amazon.com/images/I/51oCrqPzXPL._AC_UL320_.jpg,https://www.amazon.eg/dp/B007AJWWB4,2026-06-02T08:02:02.479045
amazon,B09692ZXHS,Product B09692ZXHS,"keep smiling HS-7112A Acrylic Color Set, 12 Colors &1Brush",Arts & Crafts,EGP 135.00,EGP 158.00,,4.4,(155),In Stock,https://m.media-amazon.com/images/I/813twHvQr3L._AC_UL320_.jpg,https://www.amazon.eg/dp/B09692ZXHS,2026-06-02T08:02:02.483652
amazon,B09JNL8KY9,Product B09JNL8KY9,KARLOR Children's Modelling Clay - 12 Colours Air-Drying Ultralight Non-Toxic Magic Clay With 3 Tools - Creative Crafts for Nursery School Children From 3 Years,Arts & Crafts,EGP 39.00,,,4.2,(87),In Stock,https://m.media-amazon.com/images/I/61ed859BtJL._AC_UL320_.jpg,https://www.amazon.eg/dp/B09JNL8KY9,2026-06-02T08:02:02.487323
amazon,B081RRK1CP,Product B081RRK1CP,"B-7000 110ML Adhesive, Multi-Function Glues Transperant Paste Adhesive Suitable for Phone Frame Bumper Jewelry Multi-Purpos,110ML/3.7fl.oz,with 3X Cleaning Cloth",Arts & Crafts,EGP 110.00,EGP 29.73,,4.3,(365),In Stock,https://m.media-amazon.com/images/I/51AWmDnekNL._AC_UL320_.jpg,https://www.amazon.eg/dp/B081RRK1CP,2026-06-02T08:02:02.491736
amazon,B091D8XKZ5,Product B091D8XKZ5,"Water and oil colors brushes - 12 brushes, different sizes",Arts & Crafts,EGP 90.00,,,4.0,(361),In Stock,https://m.media-amazon.com/images/I/61gep590qaL._AC_UL320_.jpg,https://www.amazon.eg/dp/B091D8XKZ5,2026-06-02T08:02:02.495309
amazon,B09X9DPDBQ,Product B09X9DPDBQ,"Redtwo 5100 Clay Beads Bracelet Making Kit, Flat Preppy Beads for Friendship Jewelry Making,Polymer Heishi Beads with Charms Gifts for Teen Girls Crafts for Girls Ages 8-12",Arts & Crafts,EGP 294.50,,,4.6,(12K),In Stock,https://m.media-amazon.com/images/I/817w4yo6gZL._AC_UL320_.jpg,https://www.amazon.eg/dp/B09X9DPDBQ,2026-06-02T08:02:02.499279
amazon,B0C4H4WT9Q,Product B0C4H4WT9Q,"VRRTOE Art Supplies, Art Drawing Painting Sets, Arts and Crafts for Kids, Gifts for Teens Girls Boys 6-8-9-12, Art Kit Case Includes Oil Pastels, Crayons, Colored Pencils, Watercolor Cakes",Arts & Crafts,EGP 208.00,,,3.9,(117),In Stock,https://m.media-amazon.com/images/I/A1CZmDD1vbL._AC_UL320_.jpg,https://www.amazon.eg/dp/B0C4H4WT9Q,2026-06-02T08:02:02.502734
amazon,B089K5F4WF,Product B089K5F4WF,VIAFOIA Pandahall 1Roll/100m 0.7mm Crystal Clear Thread Fiber Stretch Elastic Cord Jewelry Beading String Fishing Line,Arts & Crafts,EGP 75.00,,,4.4,(1.7K),In Stock,https://m.media-amazon.com/images/I/610jO615ZNL._AC_UL320_.jpg,https://www.amazon.eg/dp/B089K5F4WF,2026-06-02T08:02:02.506775
amazon,B0968WCJGR,Product B0968WCJGR,Glue sticks pack of 6 pieces - clear,Arts & Crafts,EGP 59.00,EGP 9.83,,4.2,(443),In Stock,https://m.media-amazon.com/images/I/51KBqrQYL7L._AC_UL320_.jpg,https://www.amazon.eg/dp/B0968WCJGR,2026-06-02T08:02:02.511626
amazon,B0DD8CSRFH,Product B0DD8CSRFH,Coloring Book 24 Professional Drawing Suitable For Adults And Kids Gifted Multi Shapes (Orange),Arts & Crafts,EGP 106.44,,,4.1,(167),In Stock,https://m.media-amazon.com/images/I/61fj+3R3qxL._AC_UL320_.jpg,https://www.amazon.eg/dp/B0DD8CSRFH,2026-06-02T08:02:02.515609
amazon,B0DVRR1SF8,Product B0DVRR1SF8,"KIDSZONE 150PC Art Set with Sketch Book, Coloring Art Kit Drawing Art Supplies Case, Markers Crayon Colour Pencils for Budding Artists Kids Teens Boys Girls Gift (Black)",Arts & Crafts,EGP 190.00,EGP 221.00,,3.9,(51),In Stock,https://m.media-amazon.com/images/I/71-NAyes8pL._AC_UL320_.jpg,https://www.amazon.eg/dp/B0DVRR1SF8,2026-06-02T08:02:02.519633
amazon,B0CFDZL8JJ,Product B0CFDZL8JJ,"JOISHOP 12000pcs Glass Seed Beads for Bracelet Making Kit, 24 Colors 2mm Small Glass Tiny Waist Beads Friendship Bracelet kit for Girls Jewelry Making DIY Craft Bracelet Necklaces",Arts & Crafts,EGP 190.00,,,3.8,(113),In Stock,https://m.media-amazon.com/images/I/81vcMykWFWL._AC_UL320_.jpg,https://www.amazon.eg/dp/B0CFDZL8JJ,2026-06-02T08:02:02.523094
amazon,B0025ZIGPO,Product B0025ZIGPO,"Jovi – Air Dry Modelling Clay, 250g, White (83)",Arts & Crafts,EGP 61.00,,,4.3,(1K),In Stock,https://m.media-amazon.com/images/I/51rmgUubuTL._AC_UL320_.jpg,https://www.amazon.eg/dp/B0025ZIGPO,2026-06-02T08:02:02.526480
amazon,B0BT9TRM3F,Product B0BT9TRM3F,"GHAZAL Double Head Animation Sketch Graffiti Marker Drawing Set Marker Pen with Pencil Holder, the ink is quick drying, smudge-proof and not easy to fade.(80 Colors)",Arts & Crafts,EGP 315.50,,,4.3,(231),In Stock,https://m.media-amazon.com/images/I/71geF0jf8sL._AC_UL320_.jpg,https://www.amazon.eg/dp/B0BT9TRM3F,2026-06-02T08:02:02.530055
amazon,B08HM4133L,Product B08HM4133L,"Printing pen with display-includes 3D pen, 3 start colors of PLA yarn, stencil book + multicolor project manual",Arts & Crafts,EGP 589.00,,,4.3,(22.9K),In Stock,https://m.media-amazon.com/images/I/81+4z0Ki+xL._AC_UL320_.jpg,https://www.amazon.eg/dp/B08HM4133L,2026-06-02T08:02:03.893816
amazon,B0B71J3LGK,Product B0B71J3LGK,"Halobios Professional Art Set, 144 Deluxe Aluminium Art Case Painting Set with Watercolour Pens Drawing Pencils Paints Oil Pastels, Premium Colouring Drawing Art Supplies Case Gift for Artists Adult",Arts & Crafts,EGP 577.00,EGP 590.02,,4.5,(982),In Stock,https://m.media-amazon.com/images/I/91yFtiJYZ0L._AC_UL320_.jpg,https://www.amazon.eg/dp/B0B71J3LGK,2026-06-02T08:02:03.898781
amazon,B08TRMZ4F3,Product B08TRMZ4F3,"Generic Acdolf Intelligent 3D Pen with LED Display, 3D Printing Pen with USB Charging, 30 Colors PLA Filament Refills, Compatible PLA & ABS,Perfect Arts Crafts Gift for Kids & Adults, DIY Gifts",Arts & Crafts,,,,1.7,(50),In Stock,https://m.media-amazon.com/images/I/719klR7PisL._AC_UL320_.jpg,https://www.amazon.eg/dp/B08TRMZ4F3,2026-06-02T08:02:03.901311
amazon,B0F6VH97DL,Product B0F6VH97DL,"36 Colors Acrylic Paint Pens - Soft Brush Tip, Quick-Drying, Waterproof for Canvas, Wood, Metal, Ceramic, Stone, Egg, Rock Painting & DIY Art Crafting",Arts & Crafts,EGP 870.00,EGP 924.00,,4.7,(128),In Stock,https://m.media-amazon.com/images/I/71zBPYovWIL._AC_UL320_.jpg,https://www.amazon.eg/dp/B0F6VH97DL,2026-06-02T08:02:03.905422
amazon,B0CSQVW9H6,Product B0CSQVW9H6,"KsopiaVobs Acrylic Paint Pens, Soft Brush Tip Acrylic Paint Markers, 24 Color Acrylic Markers Ideal for Canvas, Rock Painting, Wood, Stone, Glass, Ceramic, Fabric Painting, DIY Crafts",Arts & Crafts,EGP 790.00,,,4.6,(517),In Stock,https://m.media-amazon.com/images/I/61V03EhTfyL._AC_UL320_.jpg,https://www.amazon.eg/dp/B0CSQVW9H6,2026-06-02T08:02:03.908966
amazon,B0C5X4TDZS,Product B0C5X4TDZS,"ALinmo 10000Pcs Clay Beads Bracelet Making Kit,56 Colors 3 Boxes Flat Round Polymer Clay Beads Spacer Heishi Beads for Jewelry Making with Pendant Charms Kit Letter Beads and Elastic Strings",Arts & Crafts,EGP 580.00,,,3.8,(25),In Stock,https://m.media-amazon.com/images/I/913Wutkof-L._AC_UL320_.jpg,https://www.amazon.eg/dp/B0C5X4TDZS,2026-06-02T08:02:03.912327
amazon,B07PY4GPM5,Product B07PY4GPM5,Mini Handheld sewing machines Dual Speed Double Thread Multifunction UK Electric Mini Automatic Tread Rewind Sewing Machine,Arts & Crafts,EGP 731.86,,,3.4,(3),In Stock,https://m.media-amazon.com/images/I/51GAXTFiEKS._AC_UL320_.jpg,https://www.amazon.eg/dp/B07PY4GPM5,2026-06-02T08:02:03.915679
amazon,B0DQ5GXJ5J,Product B0DQ5GXJ5J,Painting Box 145 Color Kit Sketch Pencil Drawing Kit Colour Set Crayons Oil Pastels Colour Pencil Set Watercolor Cakes Paint Brush Stationary Art Supplies Artist (145 pc Unicorn Art Set_Pink),Arts & Crafts,EGP 634.00,EGP 777.20,,3.3,(13),In Stock,https://m.media-amazon.com/images/I/81WReXP3riL._AC_UL320_.jpg,https://www.amazon.eg/dp/B0DQ5GXJ5J,2026-06-02T08:02:03.919960
amazon,B0D7PCR59L,Product B0D7PCR59L,"fashion mania Tag Gun Set, Fine Mini tag Gun for Clothing Mini needle Gun for clothing sewing Quilting welt quick stitching tag gun with 5 pins,500 white and 500 black micro fasteners",Arts & Crafts,EGP 759.00,,,2.1,(3),In Stock,https://m.media-amazon.com/images/I/71Ox3M6unYL._AC_UL320_.jpg,https://www.amazon.eg/dp/B0D7PCR59L,2026-06-02T08:02:03.923435
amazon,B0FN4M67VV,Product B0FN4M67VV,"EPOXY RESIN KIT,1.5 KG NET,CRYSTAL,CLEAR,UV RESISTANT,SELF LEVELING,FOOD SAFE FOR TABLE TOP,ARTS AND CRASTS,JEWELERY MAKING,USE WITH MICA POWDER,SILICONE MOLDS,ALCOHOL INK",Arts & Crafts,EGP 640.00,EGP 0.64,,4.2,(13),In Stock,https://m.media-amazon.com/images/I/71gyn-b+2+L._AC_UL320_.jpg,https://www.amazon.eg/dp/B0FN4M67VV,2026-06-02T08:02:03.927188
amazon,B0D7PDTLKJ,Product B0D7PDTLKJ,fashion mania 5D Diamond Painting Kit for Adults Tree of Life Diamond Art Kit for Beginners DIY Gem Art Craft Kit Home Wall Decoration Gift 30.48 x 40.64 cm,Arts & Crafts,EGP 597.00,,,4.4,(18),In Stock,https://m.media-amazon.com/images/I/71sTQQ4JgeL._AC_UL320_.jpg,https://www.amazon.eg/dp/B0D7PDTLKJ,2026-06-02T08:02:03.930658
amazon,B0FBX7XX3H,Product B0FBX7XX3H,KIDSZ Markers for Adult Coloring Books: Brush Pens Dual Brush Fine Tip Drawing Pens Water-Based Coloring Markers for Kids Adults Artist Calligraphy Bullet Journal with Carrying Case (Pack of 80),Arts & Crafts,EGP 629.00,,,4.0,(84),In Stock,https://m.media-amazon.com/images/I/81+49mRTy8L._AC_UL320_.jpg,https://www.amazon.eg/dp/B0FBX7XX3H,2026-06-02T08:02:03.934616
amazon,B07NY2TXJS,Product B07NY2TXJS,"98Pcs Sewing Kit Bundle Mini Travel Sewing Accessories Tools for Beginners, Emergency Sewing Needs",Arts & Crafts,EGP 699.00,,,4.5,(757),In Stock,https://m.media-amazon.com/images/I/61ggpqdcX6L._AC_UL320_.jpg,https://www.amazon.eg/dp/B07NY2TXJS,2026-06-02T08:02:03.938105
amazon,B09VXXBXLD,Product B09VXXBXLD,"KINSPORY Art Kits for Kids, Art Set, 139 Pack Painting Coloring Drawing Art Supplies Case, Sketch Book, Deluxe Aluminum Gift Box for Girls Boys Teens (Light Pink)",Arts & Crafts,EGP 652.48,,,4.6,(3.3K),In Stock,https://m.media-amazon.com/images/I/91HHh9o2UWL._AC_UL320_.jpg,https://www.amazon.eg/dp/B09VXXBXLD,2026-06-02T08:02:03.942236
amazon,B08FSNZH2P,Product B08FSNZH2P,"Duo Tip Brush Marker Pens,100 Colors Art Markers with Fine and Brush Watercolor Marker Set with Canvas Bag for Adult Coloring Books Journaling Calligraphy Drawing Sketching Doodling Illustrating",Arts & Crafts,EGP 799.00,,,4.6,(139),In Stock,https://m.media-amazon.com/images/I/81t7s4PPg2L._AC_UL320_.jpg,https://www.amazon.eg/dp/B08FSNZH2P,2026-06-02T08:02:03.946304
amazon,B0BFDSS12C,Product B0BFDSS12C,"cridoz 350 Pcs Silver Spacer Beads for Jewelry Making, Mixed Jewelry Spacer Beads Bulk Random Styles Metal Beads for Bracelets, Necklace, Earring Jewelry Making",Arts & Crafts,EGP 508.00,,,4.6,(1.2K),In Stock,https://m.media-amazon.com/images/I/81VOffVyMvL._AC_UL320_.jpg,https://www.amazon.eg/dp/B0BFDSS12C,2026-06-02T08:02:03.949711
amazon,B0C6KDYRT1,Product B0C6KDYRT1,"XuanyanYK 6000Pcs Clay Beads for Bracelet Making, 28Colors Beads Spacer Beads Kit, Jewelry Making Kit for Crafting and Friendship Bracelet Making for Girls (2 Boxes)",Arts & Crafts,EGP 885.98,,,5.0,(2),In Stock,https://m.media-amazon.com/images/I/91B5Vq+5R8L._AC_UL320_.jpg,https://www.amazon.eg/dp/B0C6KDYRT1,2026-06-02T08:02:03.953612
amazon,B0H33ZC6TX,Product B0H33ZC6TX,"Electric Pottery Wheel for Kids, DIY Clay Art Kit with Sculpting Tools, Paints, and Apron",Arts & Crafts,EGP 850.00,,,,EGP 850.00EGP850.00,In Stock,https://m.media-amazon.com/images/I/511T2MlQK+L._AC_UL320_.jpg,https://www.amazon.eg/dp/B0H33ZC6TX,2026-06-02T08:02:03.956652
amazon,B0H1DYJXKR,Product B0H1DYJXKR,"Jeff Kinney Diary of a Wimpy Kid Book Series, Complete Set, 19 Books",Arts & Crafts,"EGP 1,000.00",,,,EGP 1000.00EGP1000.00,In Stock,https://m.media-amazon.com/images/I/71rlaRiAsAL._AC_UL320_.jpg,https://www.amazon.eg/dp/B0H1DYJXKR,2026-06-02T08:02:03.959792
amazon,B0H12DRG67,Product B0H12DRG67,"Nopatia 208 Pcs Drawing Kits for Girls Includes Double Sided Trifold Easel Art Supplies with Oil Pastels, Colored Pencils, Watercolor Pencils Gifts for Kids.",Arts & Crafts,EGP 525.00,,,,EGP 525.00EGP525.00,In Stock,https://m.media-amazon.com/images/I/61nsIUHNkJL._AC_UL320_.jpg,https://www.amazon.eg/dp/B0H12DRG67,2026-06-02T08:02:03.962771
amazon,B0C2HNQP45,Product B0C2HNQP45,"Shuban Deluxe Art Set Box & Drawing Kit with Crayons, Oil Pastels, Colored Pencil Deluxe Gift Art (145 Pcs Art Set-Pink)",Arts & Crafts,EGP 599.00,EGP 641.00,,4.0,(106),In Stock,https://m.media-amazon.com/images/I/81f0GPCV1kL._AC_UL320_.jpg,https://www.amazon.eg/dp/B0C2HNQP45,2026-06-02T08:02:03.966668
amazon,B002BWOS7Q,Product B002BWOS7Q,"Rust-Oleum 249127 Painter's Touch Acrylic Spray Paint for Plastic, Metal, Wood (Matte Flat Black - 340 Grams)",Arts & Crafts,EGP 601.00,,,4.6,(10.5K),In Stock,https://m.media-amazon.com/images/I/71OmicHmwgL._AC_UL320_.jpg,https://www.amazon.eg/dp/B002BWOS7Q,2026-06-02T08:02:03.970632
amazon,B08WWM2FXX,Product B08WWM2FXX,GRANOTONE Acrylic Artist's Varnish Non Yellowing Non Toxic (100 ml HIGH GLOSS),Arts & Crafts,,,,4.3,(3.7K),In Stock,https://m.media-amazon.com/images/I/514iJ--Ed0L._AC_UL320_.jpg,https://www.amazon.eg/dp/B08WWM2FXX,2026-06-02T08:02:03.972997
amazon,B09TVZ25Y7,Product B09TVZ25Y7,"Easel Stand, Wooden Stand, Artist Easel, Drawing Easel Portable Easel for Painting Adults Kinds, Wedding, Display, Exhibition - Adjustable Canvas Height, Easy to Assemble, 1.5m/59inch",Arts & Crafts,EGP 830.00,,,4.4,(652),In Stock,https://m.media-amazon.com/images/I/51hcvU0tauL._AC_UL320_.jpg,https://www.amazon.eg/dp/B09TVZ25Y7,2026-06-02T08:02:03.976457
amazon,B0FPDSBDSJ,Product B0FPDSBDSJ,"-CLEAR CAST EPOXY RESIN-DEEP POUR UP 5 INCHES,ULTRA TRANSPARENT,SELF LEVELING&BUBBLE-FREE,3-GALLON KIT(6.5 KG)-IDEAL FOR RIVER TABLES,ART,DECOR,AND MORE,POX CAST WATER CLEAR",Arts & Crafts,"EGP 2,736.50",EGP 0.42,,,EGP 2736.50EGP2736.50(EGP 0.42EGP0.42/gram),In Stock,https://m.media-amazon.com/images/I/81QYvO3exNL._AC_UL320_.jpg,https://www.amazon.eg/dp/B0FPDSBDSJ,2026-06-02T08:04:45.874299
amazon,B07S7ZRNL3,Product B07S7ZRNL3,WUXINGMEILI A3 Ultra-Thin Portable LED Light Box Tracer USB Power Cable Dimmable Brightness LED Artcraft Tracing Light Box Light Pad for Artists Drawing Sketching Animation Stencilling X-ray Viewing,Arts & Crafts,"EGP 2,499.00",,,4.0,(44),In Stock,https://m.media-amazon.com/images/I/51DvEvalS2L._AC_UL320_.jpg,https://www.amazon.eg/dp/B07S7ZRNL3,2026-06-02T08:04:45.877700
amazon,B07NRB5G3Q,Product B07NRB5G3Q,Ohuhu Alcohol Markers Brush Tip: Double Tipped Art Marker Set,Arts & Crafts,"EGP 3,423.79",,,4.8,(16K),In Stock,https://m.media-amazon.com/images/I/712rBQDC8mL._AC_UL320_.jpg,https://www.amazon.eg/dp/B07NRB5G3Q,2026-06-02T08:04:45.881124
amazon,B0GPMBWRQW,Product B0GPMBWRQW,"Wood Suggestion Box, Wooden Donation Boxes for Fundraising, Prayer Box with Chalkboard and 50 Suggestion Cards, Ballot Boxes for Wedding Church & Classroom",Arts & Crafts,"EGP 2,400.00",,,,EGP 2400.00EGP2400.00,In Stock,https://m.media-amazon.com/images/I/71+-zGaVc1L._AC_UL320_.jpg,https://www.amazon.eg/dp/B0GPMBWRQW,2026-06-02T08:04:45.884263
amazon,B0946ZB4S3,Product B0946ZB4S3,"Leather Repair Patch for Couches 17X55inch Large Self-Adhesive reupholster Tape Patches kit for Couch Car Seats Furniture Sofa Vinyl Chairs Jackets Shoes Fabric Fix Tear (Dark Brown, 17x55 inch)",Arts & Crafts,"EGP 2,360.00",,,4.0,(6.1K),In Stock,https://m.media-amazon.com/images/I/71UuZCQ5avS._AC_UL320_.jpg,https://www.amazon.eg/dp/B0946ZB4S3,2026-06-02T08:04:45.887665
amazon,B0D2QQND81,Product B0D2QQND81,"HOMBOUR Female Mannequin Body, Sewing Mannequin Torso Dress Form, Adjustable Mannequin with Stand for Sewing Dressmaker Jewelry Display, Black",Arts & Crafts,,,,4.1,(8),In Stock,https://m.media-amazon.com/images/I/51JOR9X7z9L._AC_UL320_.jpg,https://www.amazon.eg/dp/B0D2QQND81,2026-06-02T08:04:45.890029
amazon,B0DJ93FFRL,Product B0DJ93FFRL,"HASTHIP® Desk LED Magnifier 10X Magnifier with Flexible Arm, USB 3-Color LED Magnifier with Controller Desk Mounted LED Lamp USB Desk LED Magnifier for Repairing, Reading, DIY Crafting",Arts & Crafts,"EGP 2,000.00",,,4.1,(66),In Stock,https://m.media-amazon.com/images/I/614c2g0JWRL._AC_UL320_.jpg,https://www.amazon.eg/dp/B0DJ93FFRL,2026-06-02T08:04:45.893433
amazon,B0027ACQ2Q,Product B0027ACQ2Q,"Strathmore 400 Series Bristol, 2-Ply Smooth, 11""x14"" Tape Bound, 15 Sheets",Arts & Crafts,"EGP 2,393.95",,,4.7,(141),In Stock,https://m.media-amazon.com/images/I/61ehIFyZ+GL._AC_UL320_.jpg,https://www.amazon.eg/dp/B0027ACQ2Q,2026-06-02T08:04:45.896858
amazon,B09VGJD7T4,Product B09VGJD7T4,"HOMBOUR Female Mannequin Body, Sewing Mannequin Torso Dress Form, Height Adjustable 52-67 inch Mannequin with Stand for Dressmaker Jewelry Display, Ivory",Arts & Crafts,,,,4.2,(42),In Stock,https://m.media-amazon.com/images/I/71GW8o+oA-L._AC_UL320_.jpg,https://www.amazon.eg/dp/B09VGJD7T4,2026-06-02T08:04:45.899207
amazon,B08PF9D65P,Product B08PF9D65P,UV Resin,Arts & Crafts,"EGP 2,694.72",EGP 13.48,,4.4,(2),In Stock,https://m.media-amazon.com/images/I/71emIpOlfjL._AC_UL320_.jpg,https://www.amazon.eg/dp/B08PF9D65P,2026-06-02T08:04:45.903014
amazon,B08JPGTN98,Product B08JPGTN98,"YRYM HT UV Resin Kit - 500g Crystal Clear Hard Type Glue Ultraviolet Curing Resin for Jewelry Making, Transparent Solar Cure Sunlight Activated Resin for Resin Mold, Casting and Coating(Free Tool Kit)",Arts & Crafts,"EGP 3,103.09",,,3.7,(208),In Stock,https://m.media-amazon.com/images/I/712ofwjn6bL._AC_UL320_.jpg,https://www.amazon.eg/dp/B08JPGTN98,2026-06-02T08:04:45.906408
amazon,B07MXCPYJ3,Product B07MXCPYJ3,Drawing Copy Board A4 LED Table Light Pad Tracer USB Powered Portable LED Artcraft Light Eye Protected,Arts & Crafts,"EGP 2,400.00",,,3.9,(29),In Stock,https://m.media-amazon.com/images/I/616ON7oTYYL._AC_UL320_.jpg,https://www.amazon.eg/dp/B07MXCPYJ3,2026-06-02T08:04:45.909744
amazon,B0CS3DZ7QL,Product B0CS3DZ7QL,"Ohuhu Marker Pads Art Sketchbook Bleedproof - 90LB/150GSM Smooth Drawing Papers - 60 Sheets/120 Pages, Spiral Bound Sketching Book for Alcohol Markers (9 x 12 IN)",Arts & Crafts,"EGP 2,317.59",,,4.6,(493),In Stock,https://m.media-amazon.com/images/I/61qX7BFxrBL._AC_UL320_.jpg,https://www.amazon.eg/dp/B0CS3DZ7QL,2026-06-02T08:04:45.913181
amazon,B01LQ902L0,Product B01LQ902L0,Fresh Microwave oven 20 Liters White - FMW-20MCP - 700 Watt,Arts & Crafts,,,,4.1,(38),In Stock,https://m.media-amazon.com/images/I/413UAGLvBTL._AC_UL320_.jpg,https://www.amazon.eg/dp/B01LQ902L0,2026-06-02T08:04:45.915542
amazon,B098XN9VK5,Product B098XN9VK5,TTone A3 LED Light Box Pad Tracer Graphic Tablet Tracing Drawing Board Copyboard Stepless Dimming with USB Cable for Artist Animation Designing Sketching Calligraphy,Arts & Crafts,"EGP 2,500.00",,,2.9,(2),In Stock,https://m.media-amazon.com/images/I/71tySn7gxMS._AC_UL320_.jpg,https://www.amazon.eg/dp/B098XN9VK5,2026-06-02T08:04:45.918809
amazon,B08VW5MB9R,Product B08VW5MB9R,"Tobeape® DIY Candle Making Kit Supplies, Arts & Craft Tools Including Pouring Pot, 45 Pcs Cotton Wicks, Candle Wicks Holder, Beeswax, Spoon & Candles tins",Arts & Crafts,"EGP 2,450.00","EGP 2,524.80",,4.1,(38),In Stock,https://m.media-amazon.com/images/I/81c9cEfpDmS._AC_UL320_.jpg,https://www.amazon.eg/dp/B08VW5MB9R,2026-06-02T08:04:45.923409
amazon,B0DXYRHSQM,Product B0DXYRHSQM,"JusArt 48 Colors Acrylic Paint Markers with Canvas Bag, Water-Based No-Bleed Paint Pens with Automatic Ink Control System, Waterproof Brush Tip Markers for Rock, Egg, Wood, Fabric, Glass, DIY Crafts",Arts & Crafts,"EGP 2,918.54",,,4.8,(2.3K),In Stock,https://m.media-amazon.com/images/I/81pS1G6AMRL._AC_UL320_.jpg,https://www.amazon.eg/dp/B0DXYRHSQM,2026-06-02T08:04:45.926816
amazon,B09VCYS41G,Product B09VCYS41G,"Betem 24 Colors Dual Tip Acrylic Paint Pens Markers, Premium Acrylic Paint Pens for Wood, Canvas, Stone, Rock Painting, Glass, Ceramic Surfaces, DIY Crafts Making Art Supplies",Arts & Crafts,"EGP 2,100.00",,,4.6,(15.9K),In Stock,https://m.media-amazon.com/images/I/81Cl2dW39VL._AC_UL320_.jpg,https://www.amazon.eg/dp/B09VCYS41G,2026-06-02T08:04:45.930189
amazon,B0D4QW8MHB,Product B0D4QW8MHB,"KsopiaVobs 60 Color Paint Pens, Soft Brush Tip Acrylic Markers, Quick-Drying Waterproof for Canvas, Rock, Wood, Stone, Glass, Ceramic, Fabric Painting, DIY Crafts",Arts & Crafts,"EGP 2,350.00",,,4.6,(517),In Stock,https://m.media-amazon.com/images/I/710vGfwPZEL._AC_UL320_.jpg,https://www.amazon.eg/dp/B0D4QW8MHB,2026-06-02T08:04:45.933726
amazon,B08864ZS42,Product B08864ZS42,Woodworking Bench Mortiser Square Hole Chisel Drilling Machine Location Tool Tenon Joint Mortising Attachment Chisel Bit Mortise Tenon Drill for Bench Drill Steel USA Stock,Arts & Crafts,"EGP 3,550.00",,,3.9,(80),In Stock,https://m.media-amazon.com/images/I/71F3rM6xhqL._AC_UL320_.jpg,https://www.amazon.eg/dp/B08864ZS42,2026-06-02T08:04:45.937162
amazon,B093SZLL9Q,Product B093SZLL9Q,"JINH 16oz Epoxy Resin Kit Crystal Clear for Jewelry DIY Art Crafts Cast Coating Wood, River(Free Tool Kit) Tables Easy Mix 1:1 Resin epoxy and Hardener (16oz)",Arts & Crafts,"EGP 3,131.00",,,4.5,(372),In Stock,https://m.media-amazon.com/images/I/71vF-ATROmL._AC_UL320_.jpg,https://www.amazon.eg/dp/B093SZLL9Q,2026-06-02T08:04:45.940618
amazon,B07D2M6B23,Product B07D2M6B23,"ARTISTRO Black Paint Pens for Rock Painting, Stone, Ceramic, Glass, Wood, Tire, Fabric, Metal, Canvas. Set of 5 Water Based Black Markers for Acrylic Painting Extra Fine Point Tip",Arts & Crafts,"EGP 2,288.76",,,4.5,(7.5K),In Stock,https://m.media-amazon.com/images/I/716PixuA68L._AC_UL320_.jpg,https://www.amazon.eg/dp/B07D2M6B23,2026-06-02T08:04:45.944062
amazon,B0G4WZTF57,Product B0G4WZTF57,"JAZZEEEL 15-Piece Round Table Number Holders, 30x47 mm Modern Place Card Stand, Wooden Base for Wedding Anniversary Birthday Party Seating, Gold Metal Clip with Wood Base Decor",Arts & Crafts,"EGP 2,000.00",,,,EGP 2000.00EGP2000.00,In Stock,https://m.media-amazon.com/images/I/71Ri9cOKMnL._AC_UL320_.jpg,https://www.amazon.eg/dp/B0G4WZTF57,2026-06-02T08:04:45.947203
amazon,B0CPBV1YHW,Product B0CPBV1YHW,"Mo-Tools 180cm Length Beech Wood Easel for Painting, Sketching, Sketching and Fine Arts, Holds up to 150cm",Arts & Crafts,,,,2.0,(2),In Stock,https://m.media-amazon.com/images/I/51uFabfh7OL._AC_UL320_.jpg,https://www.amazon.eg/dp/B0CPBV1YHW,2026-06-02T08:04:45.949570
amazon,B0D8JP87D5,Product B0D8JP87D5,Renault Kadjar Outdoor Threshold,Arts & Crafts,"EGP 5,000.00",,,,EGP 5000.00EGP5000.00,In Stock,https://m.media-amazon.com/images/I/61dhmpXPu5L._AC_UL320_.jpg,https://www.amazon.eg/dp/B0D8JP87D5,2026-06-02T08:04:46.834431
amazon,B0FY763FD1,Product B0FY763FD1,"JAZZEEL Hand Press Machine with 5 Double Cap Rivet Die Sets, Professional Grade Tool for Leather Craft, Fabric, and DIY Projects, Effortless Rivet, Snap, and Grommet Setting",Arts & Crafts,"EGP 5,000.00",,,,EGP 5000.00EGP5000.00,In Stock,https://m.media-amazon.com/images/I/61ZcPfIrtJS._AC_UL320_.jpg,https://www.amazon.eg/dp/B0FY763FD1,2026-06-02T08:04:46.837528
amazon,B0FSL9QGX5,Product B0FSL9QGX5,"JAZZEEL African Style Black Coral Prayer Beads Misbaha with 100 Natural Yusr Beads & Counter, Islamic Tasbih for Dhikr & Meditation, Traditional Spiritual Rosary Premium Gift for Men Women",Arts & Crafts,"EGP 5,000.00",,,,EGP 5000.00EGP5000.00,In Stock,https://m.media-amazon.com/images/I/41jFnQSqgyL._AC_UL320_.jpg,https://www.amazon.eg/dp/B0FSL9QGX5,2026-06-02T08:04:46.840187
amazon,B0GHPJHCCD,Product B0GHPJHCCD,JAZZEEL A Set of 24 Sheets of Peony Themed UV DTF Wraps for Crafts - A Collection of DIY Waterproof Rub-On Transfers for Acrylic Bookmark Blanks and Other Projects - Colorful,Arts & Crafts,"EGP 5,000.00",,,,EGP 5000.00EGP5000.00,In Stock,https://m.media-amazon.com/images/I/818NqwIhqZL._AC_UL320_.jpg,https://www.amazon.eg/dp/B0GHPJHCCD,2026-06-02T08:04:46.843244
amazon,B0G6BPDHCZ,Product B0G6BPDHCZ,"Diamond Tester Pen, High Accuracy Jewelry Tester, Battery Included, Gemstone-Only Detection - No Metal/Gold Testing, for Novice and Expert Gemologists",Arts & Crafts,"EGP 5,000.00",,,3.1,(21),In Stock,https://m.media-amazon.com/images/I/71ghi3QLc+L._AC_UL320_.jpg,https://www.amazon.eg/dp/B0G6BPDHCZ,2026-06-02T08:04:46.846542
amazon,B0G5PW15WC,Product B0G5PW15WC,JAZZEEL Clay Wedging Board Portable Plaster Modeling Base 61x46cm 2Pcs Natural for Pottery Ceramics Dough Rolling Sculpture Art Studio Class DIY Crafts Absorbent Surface Durable Work Mat Hand Building,Arts & Crafts,"EGP 5,000.00",,,,EGP 5000.00EGP5000.00,In Stock,https://m.media-amazon.com/images/I/61NLXRolC9L._AC_UL320_.jpg,https://www.amazon.eg/dp/B0G5PW15WC,2026-06-02T08:04:46.849589
amazon,B0G5PTW2CF,Product B0G5PTW2CF,JAZZEEL Basswood Plywood Sheets Unfinished Thin Board 30x45x0.3cm 30Pcs Natural for Laser Cutting Engraving Pyrography Model Making DIY Arts Crafts School Projects Architect Burning Eco Friendly,Arts & Crafts,"EGP 5,000.00",,,,EGP 5000.00EGP5000.00,In Stock,https://m.media-amazon.com/images/I/71FCxBPhgUL._AC_UL320_.jpg,https://www.amazon.eg/dp/B0G5PTW2CF,2026-06-02T08:04:46.852643
amazon,B0G5PHYNLR,Product B0G5PHYNLR,"JAZZEEL 4-Tier Stackable Wood Desk Organizer, Paper and Letter Tray with Drawer and Pen Holder, Multi-functional Document File Sorter for Home Office and Classroom Supplies",Arts & Crafts,"EGP 5,000.00",,,,EGP 5000.00EGP5000.00,In Stock,https://m.media-amazon.com/images/I/71rV63qw9tL._AC_UL320_.jpg,https://www.amazon.eg/dp/B0G5PHYNLR,2026-06-02T08:04:46.855700
amazon,B0FN7RLSMV,Product B0FN7RLSMV,"JAZZEEL Black Coral Prayer Beads Misbaha with 100 Natural 10mm Yusr Beads & Counter, African Style Islamic Tasbih for Dhikr & Meditation, Traditional Spiritual Rosary, Premium Gift for Men & Women",Arts & Crafts,"EGP 5,000.00",,,,EGP 5000.00EGP5000.00,In Stock,https://m.media-amazon.com/images/I/51dHt-LHjAL._AC_UL320_.jpg,https://www.amazon.eg/dp/B0FN7RLSMV,2026-06-02T08:04:46.860660
amazon,B0DTS53RMS,Product B0DTS53RMS,"Diamond Tester High Accuracy Diamond Tester Pen,Environmental Protection 9V Battery,Professional Diamond Selector for Jeweler Novice and Expert,Thermal Conductivity Meter (Diamond Tester)",Arts & Crafts,,,,4.1,(95),In Stock,https://m.media-amazon.com/images/I/71clipYL9OL._AC_UL320_.jpg,https://www.amazon.eg/dp/B0DTS53RMS,2026-06-02T08:04:46.863626
amazon,B0C73PBKD2,Product B0C73PBKD2,COHEALI 2 Set Leather Tool Set Leather Sewing Kit Hand Sewing Kit Work Tool Leather Hand Leather Work Tool Leather Craft Kit Manual Sewing Kit Leather Sewing Tool Suite,Arts & Crafts,"EGP 5,000.00",,,,EGP 5000.00EGP5000.00,In Stock,https://m.media-amazon.com/images/I/61AIDzk8HPL._AC_UL320_.jpg,https://www.amazon.eg/dp/B0C73PBKD2,2026-06-02T08:04:46.866714
amazon,B0C28LL4WX,Product B0C28LL4WX,"FUNSUEI 80 PCS 9-10cm Log Slices, 1cm Thickness Wood Log Coasters, Wooden Log Discs, Unfinished Wooden Circles for Art, DIY Craft, Christmas Ornaments, No Hole",Arts & Crafts,,,,4.8,(10),In Stock,https://m.media-amazon.com/images/I/81KYY3EsW9L._AC_UL320_.jpg,https://www.amazon.eg/dp/B0C28LL4WX,2026-06-02T08:04:46.869039
amazon,B09FPSSGGH,Product B09FPSSGGH,Marspark 16 Pieces Wooden Easel Tabletop Painting Easel Small Canvas Stand Tripod Portable Canvas Holder Table Top Easels for Display Painting Art Wedding Mini Picture Canvas Easel Stand,Arts & Crafts,"EGP 5,000.00",,,4.7,(7),In Stock,https://m.media-amazon.com/images/I/81qfWOWRe-L._AC_UL320_.jpg,https://www.amazon.eg/dp/B09FPSSGGH,2026-06-02T08:04:46.872213
amazon,B097NYJNZ4,Product B097NYJNZ4,"HMKIS Diamond Tester Pen and 9V Battery Kit,High Accuracy Jewelry Diamond Tester,Diamond Selector for Novice and Expert, Thermal Conductivity Meter (Diamond Tester)",Arts & Crafts,"EGP 5,000.00",,,4.2,(929),In Stock,https://m.media-amazon.com/images/I/61TEh1bQ+kL._AC_UL320_.jpg,https://www.amazon.eg/dp/B097NYJNZ4,2026-06-02T08:04:46.875524
amazon,B07PRJQ6PD,Product B07PRJQ6PD,"BELLE VOUS 8 Pack Wooden Tabletop Art Display Easel - 30cm/12 Inches - Small Natural Pine Wood Tripods for Displaying Canvas Paintings, Kids Arts & Crafts and Frames",Arts & Crafts,"EGP 5,000.00",,,4.2,(75),In Stock,https://m.media-amazon.com/images/I/71K9Rm9r4PS._AC_UL320_.jpg,https://www.amazon.eg/dp/B07PRJQ6PD,2026-06-02T08:04:46.878821
amazon,B00MVQ7IMO,Product B00MVQ7IMO,Schmincke Norma professional Magnet Box Set,Arts & Crafts,"EGP 5,000.00",,,,EGP 5000.00EGP5000.00,In Stock,https://m.media-amazon.com/images/I/81PQXXXC9KL._AC_UL320_.jpg,https://www.amazon.eg/dp/B00MVQ7IMO,2026-06-02T08:04:46.881874
amazon,B008RPB0QS,Product B008RPB0QS,Schmincke syuminke pigumento 501 Series 3 (50ml),Arts & Crafts,"EGP 5,000.00",,,5.0,(1),In Stock,https://m.media-amazon.com/images/I/61abUD3wtKL._AC_UL320_.jpg,https://www.amazon.eg/dp/B008RPB0QS,2026-06-02T08:04:46.885053
amazon,B0068WNOW0,Product B0068WNOW0,"Schmincke - Gesso, 1000 ml, 50 518 051, 1 L, white, semi-transparent, lightfast and ageing-resistant primer for oil and acrylic colours, ready-to-use, primer for canvases",Arts & Crafts,"EGP 5,000.00",,,4.6,(19),In Stock,https://m.media-amazon.com/images/I/61s7nSTilEL._AC_UL320_.jpg,https://www.amazon.eg/dp/B0068WNOW0,2026-06-02T08:04:46.888207
amazon,B0DPWVMNXM,Product B0DPWVMNXM,Ariel Automatic Detergent Gel with Touch of Downy - 3.6 KG,Luggage & Bags,EGP 290.00,EGP 330.00,,4.5,(4.7K),In Stock,https://m.media-amazon.com/images/I/71qZp1XZyyL._AC_UL320_.jpg,https://www.amazon.eg/dp/B0DPWVMNXM,2026-06-02T08:03:34.702870
amazon,B08WJMJHD8,Product B08WJMJHD8,Imtenan parsely and celery tea- 18 bags,Luggage & Bags,EGP 36.00,EGP 39.00,,4.5,(2.5K),In Stock,https://m.media-amazon.com/images/I/716rMoXOpoL._AC_UL320_.jpg,https://www.amazon.eg/dp/B08WJMJHD8,2026-06-02T08:03:34.711033
amazon,B0976YW93B,Product B0976YW93B,"Pampers Diapers Pants, Size 6, above16 KG, with Lotion with Olive Oil, 64 Baby Diapers",Luggage & Bags,EGP 469.99,EGP 555.00,,4.2,(1.2K),In Stock,https://m.media-amazon.com/images/I/71A1E4fpNML._AC_UL320_.jpg,https://www.amazon.eg/dp/B0976YW93B,2026-06-02T08:03:34.714769
amazon,B0D4B1S9G3,Product B0D4B1S9G3,Ariel Automatic Detergent Powder Lavender 8 KG (packaging may vary),Luggage & Bags,EGP 459.95,EGP 598.00,,4.5,(2.2K),In Stock,https://m.media-amazon.com/images/I/71hwuuG-ChL._AC_UL320_.jpg,https://www.amazon.eg/dp/B0D4B1S9G3,2026-06-02T08:03:34.749101
amazon,B0976Z2D1G,Product B0976Z2D1G,"Pampers premium EXTRA care Taped diapers, size 6, with Lotion with Aloe Vera, 48 baby diapers",Luggage & Bags,EGP 489.00,EGP 558.00,,4.5,(4K),In Stock,https://m.media-amazon.com/images/I/81xwRgyCzWL._AC_UL320_.jpg,https://www.amazon.eg/dp/B0976Z2D1G,2026-06-02T08:03:34.768274
amazon,B0DL4JFSHL,Product B0DL4JFSHL,NanoTreat Salicylic Acid & Niacinamide Daily Gentle Cleanser 200ml,Luggage & Bags,EGP 102.98,,,4.1,(204),In Stock,https://m.media-amazon.com/images/I/61Snk6WQyAL._AC_UL320_.jpg,https://www.amazon.eg/dp/B0DL4JFSHL,2026-06-02T08:03:34.790778
amazon,B097713S53,Product B097713S53,"Pampers Pants, Size 4, with Lotion with Olive Oil, 80 Baby Diapers",Luggage & Bags,EGP 469.99,EGP 558.00,,4.2,(1.2K),In Stock,https://m.media-amazon.com/images/I/71XkeHepC1L._AC_UL320_.jpg,https://www.amazon.eg/dp/B097713S53,2026-06-02T08:03:34.805767
amazon,B0FT34H81Z,Product B0FT34H81Z,Triple to dual plug converter,Luggage & Bags,EGP 25.37,,,4.3,(62),In Stock,https://m.media-amazon.com/images/I/21nF5qldXSL._AC_UL320_.jpg,https://www.amazon.eg/dp/B0FT34H81Z,2026-06-02T08:03:34.824931
amazon,B00XHWTK36,Product B00XHWTK36,"Al Doha Egyptian Rice, 5 kg (Pack of 1)",Luggage & Bags,EGP 194.95,EGP 214.75,,4.6,(4.8K),In Stock,https://m.media-amazon.com/images/I/71AvNZM-GkL._AC_UL320_.jpg,https://www.amazon.eg/dp/B00XHWTK36,2026-06-02T08:03:34.840090
amazon,B09SFVKSHN,Product B09SFVKSHN,"Double Grid Anti-Mosquito Lamp, 20W UV Anti-Flying Insects Electric Indoor Effective Range 50-80 m² Fly Traps Killer Lamp, Insect Killer, Home, Kitchen, Office",Garden & Outdoors,EGP 799.00,,,3.9,(2K),In Stock,https://m.media-amazon.com/images/I/71AC6A5vpgL._AC_UL320_.jpg,https://www.amazon.eg/dp/B09SFVKSHN,2026-06-02T08:04:59.681736
amazon,B091J6M6C5,Product B091J6M6C5,APT DW09320AV2 Blower 450 W,Garden & Outdoors,EGP 784.00,,,4.2,(208),In Stock,https://m.media-amazon.com/images/I/51OnBn8kehL._AC_UL320_.jpg,https://www.amazon.eg/dp/B091J6M6C5,2026-06-02T08:04:59.689140
amazon,B098TW3WD3,Product B098TW3WD3,TOTAL BATTERY Li ion 20 V 2 Ah TFBLI 2001 item 5470,Garden & Outdoors,EGP 745.00,EGP 996.07,,4.4,(269),In Stock,https://m.media-amazon.com/images/I/61CG6lOUaqL._AC_UL320_.jpg,https://www.amazon.eg/dp/B098TW3WD3,2026-06-02T08:04:59.693587
amazon,B0D8Y8RTG4,Product B0D8Y8RTG4,"APT Yellow Water Hose Kit 1/2"" 25m",Garden & Outdoors,EGP 847.00,,,4.3,(245),In Stock,https://m.media-amazon.com/images/I/71VlWigMK3L._AC_UL320_.jpg,https://www.amazon.eg/dp/B0D8Y8RTG4,2026-06-02T08:04:59.696957
amazon,B0CVJ1H6JK,Product B0CVJ1H6JK,APT DW09320A-V2 450W Electric Blower,Garden & Outdoors,EGP 795.00,,,4.6,(41),In Stock,https://m.media-amazon.com/images/I/61FIOzJ5ssL._AC_UL320_.jpg,https://www.amazon.eg/dp/B0CVJ1H6JK,2026-06-02T08:04:59.707704
amazon,B0FMQ3RSKM,Product B0FMQ3RSKM,"Electric Bug Zapper FW103 – 60cm, Strong Metal Design, High Capacity for Wide Coverage and Easy Maintenance",Garden & Outdoors,EGP 949.00,,,3.8,(8),In Stock,https://m.media-amazon.com/images/I/415qXqJ3MZL._AC_UL320_.jpg,https://www.amazon.eg/dp/B0FMQ3RSKM,2026-06-02T08:04:59.710447
amazon,B0FD875N87,Product B0FD875N87,"FIRST 40cm Stainless Electric Mosquito Killer – 2x24W Powerful Zapper Mesh & Attraction UV Light, Efficient & Safe for Home & Office Use",Garden & Outdoors,EGP 888.00,,,3.5,(10),In Stock,https://m.media-amazon.com/images/I/41pM8WecO-L._AC_UL320_.jpg,https://www.amazon.eg/dp/B0FD875N87,2026-06-02T08:04:59.713273
amazon,B0DYDQX1PY,Product B0DYDQX1PY,Total Blower 20v Without battery and charger TABLI20028,Garden & Outdoors,EGP 720.72,,,4.5,(44),In Stock,https://m.media-amazon.com/images/I/41UQBC3B43L._AC_UL320_.jpg,https://www.amazon.eg/dp/B0DYDQX1PY,2026-06-02T08:04:59.717147
amazon,B09ZRRKZ4X,Product B09ZRRKZ4X,"WBM SMART 2 in 1 Electric Bug Zapper, Mosquitoes Trap Lamp & Racket, USB Rechargeable Electric Fly Swatter for Home and Outdoor Powerful Grid 3-Layer Safety Mesh Safe to Touch, Pack of 2",Garden & Outdoors,EGP 909.31,,,4.3,(441),In Stock,https://m.media-amazon.com/images/I/815I3pGbB+L._AC_UL320_.jpg,https://www.amazon.eg/dp/B09ZRRKZ4X,2026-06-02T08:04:59.720009
amazon,B0FFGXMVKX,Product B0FFGXMVKX,DWT 650W Blower (LSP05-350),Garden & Outdoors,EGP 777.00,,,4.2,(25),In Stock,https://m.media-amazon.com/images/I/61eW0RW3ljL._AC_UL320_.jpg,https://www.amazon.eg/dp/B0FFGXMVKX,2026-06-02T08:04:59.723355
amazon,B09VPXJYKR,Product B09VPXJYKR,Tank Ice Box - 1 Year Warranty,Garden & Outdoors,EGP 595.00,,,4.4,(792),In Stock,https://m.media-amazon.com/images/I/71foB7HTVvL._AC_UL320_.jpg,https://www.amazon.eg/dp/B09VPXJYKR,2026-06-02T08:04:59.728075
amazon,B091D3Q5JF,Product B091D3Q5JF,"Tank Ice Tank with Micro-Filter (Blue, 20L)",Garden & Outdoors,EGP 725.00,,,4.2,(38),In Stock,https://m.media-amazon.com/images/I/41ZtnuHNT8L._AC_UL320_.jpg,https://www.amazon.eg/dp/B091D3Q5JF,2026-06-02T08:04:59.731534
amazon,B0GQJLQLGD,Product B0GQJLQLGD,"Air Blower &Vacuum Cleaner 2-in-1 Turbo Super Power Air Duster 450W Powerful Motor Lightweight Handheld Blows Dust, Leaves & Debris | Easy Grip Handle | For Home, Car & Garden",Garden & Outdoors,EGP 750.00,,,4.7,(5),In Stock,https://m.media-amazon.com/images/I/51xsbOh8yUL._AC_UL320_.jpg,https://www.amazon.eg/dp/B0GQJLQLGD,2026-06-02T08:04:59.734721
amazon,B0D6N886FD,Product B0D6N886FD,"Complete BBQ Grill Set – Galvanized Heat-Resistant Metal – Locally Made – Includes Grill, Cooking Net, 6 Skewers, Tongs & Feather Fan",Garden & Outdoors,EGP 799.00,,,4.0,(19),In Stock,https://m.media-amazon.com/images/I/61sc7LAB84L._AC_UL320_.jpg,https://www.amazon.eg/dp/B0D6N886FD,2026-06-02T08:04:59.737905
amazon,B0DF5GK57T,Product B0DF5GK57T,Water Hose 1/2 Inche 25 M 15 Bar 3 Layers Italy By Circle Tools,Garden & Outdoors,EGP 631.12,,,4.2,(36),In Stock,https://m.media-amazon.com/images/I/51aEjpzO+gL._AC_UL320_.jpg,https://www.amazon.eg/dp/B0DF5GK57T,2026-06-02T08:04:59.745481
amazon,B0FCSPFT7Y,Product B0FCSPFT7Y,"UV Insect Repellent - Durable Design - Effective for Indoor and Commercial Use (Restaurants, Offices, Homes) - Mosquito Remover",Garden & Outdoors,EGP 849.00,,,3.4,(41),In Stock,https://m.media-amazon.com/images/I/61JRd38ArvL._AC_UL320_.jpg,https://www.amazon.eg/dp/B0FCSPFT7Y,2026-06-02T08:04:59.748237
amazon,B0DYYNNCTL,Product B0DYYNNCTL,STARQ Upgraded Super Powerful Turbo Air Blower & Vaccum Cordless | Handheld 3rd Generation Brushless Motor 200000 RPM | 2000mAh Rechargeable | Multi Usage for Car | Home | Electrical Works,Garden & Outdoors,EGP 565.00,EGP 896.00,,2.3,(37),In Stock,https://m.media-amazon.com/images/I/61RkvHirUrL._AC_UL320_.jpg,https://www.amazon.eg/dp/B0DYYNNCTL,2026-06-02T08:04:59.752615
amazon,B09WDYV7MV,Product B09WDYV7MV,"120LED Solar Wall Lamp Outdoor Street Lights Waterproof Security Lighting Remote Control Motion Sensor Solar Powered Light for Gazebo,Garden,Garage,Yard,Patio,Lawn,Balcony",Garden & Outdoors,EGP 530.10,,,2.5,(85),In Stock,https://m.media-amazon.com/images/I/5160musdtxL._AC_UL320_.jpg,https://www.amazon.eg/dp/B09WDYV7MV,2026-06-02T08:04:59.756765
amazon,B0CPFF3Y9N,Product B0CPFF3Y9N,Tank Insulated Thermal Bag,Garden & Outdoors,EGP 675.00,EGP 776.00,,4.1,(101),In Stock,https://m.media-amazon.com/images/I/41gmlsu32GL._AC_UL320_.jpg,https://www.amazon.eg/dp/B0CPFF3Y9N,2026-06-02T08:04:59.761334
amazon,B0B1HZY72K,Product B0B1HZY72K,Sagrach Cordless 48V Electric High Pressure Car Washer | Manual Rechargeable Car-Washing Machine with Adjustable 3-in-1 Nozzle and 5M Hose Pipe for Washing Cars | Watering Flowers | Cleaning Floors,Garden & Outdoors,EGP 708.99,,,2.2,(74),In Stock,https://m.media-amazon.com/images/I/5116QYgCQbL._AC_UL320_.jpg,https://www.amazon.eg/dp/B0B1HZY72K,2026-06-02T08:04:59.764623
amazon,B0B2WY2N1M,Product B0B2WY2N1M,JAC Air Cooler 90 Liter,Garden & Outdoors,"EGP 4,154.00",,,3.6,(87),In Stock,https://m.media-amazon.com/images/I/51XE2-IvVPL._AC_UL320_.jpg,https://www.amazon.eg/dp/B0B2WY2N1M,2026-06-02T08:06:30.361770
amazon,B0B525LXK4,Product B0B525LXK4,Prifix Air Cooler -ice tank -70 Liters color Grey,Garden & Outdoors,"EGP 4,597.00","EGP 4,598.00",,3.4,(62),In Stock,https://m.media-amazon.com/images/I/81t6WPVKkSL._AC_UL320_.jpg,https://www.amazon.eg/dp/B0B525LXK4,2026-06-02T08:06:30.369918
amazon,B083XFXTPF,Product B083XFXTPF,Bosch GBL 620 Blower,Garden & Outdoors,"EGP 2,142.00",,,4.5,(214),In Stock,https://m.media-amazon.com/images/I/61inAXdVtSL._AC_UL320_.jpg,https://www.amazon.eg/dp/B083XFXTPF,2026-06-02T08:06:30.373436
amazon,B0F79PMBG9,Product B0F79PMBG9,ATA Air Cooler 30 Litre 3 Speeds White Blue - AC35N,Garden & Outdoors,"EGP 3,150.00",,,2.9,(9),In Stock,https://m.media-amazon.com/images/I/61UE7K5sbYL._AC_UL320_.jpg,https://www.amazon.eg/dp/B0F79PMBG9,2026-06-02T08:06:30.380225
amazon,B0DRTF5CYK,Product B0DRTF5CYK,"apt Pressure washer DW-LP307-1400A 110 bar 390l/h 1400 watt portable For Car, Home Garden,Air Conditioner wiht gun and hose light in weight by circle tools",Garden & Outdoors,"EGP 2,550.00",,,3.3,(16),In Stock,https://m.media-amazon.com/images/I/61v0NgfzH0L._AC_UL320_.jpg,https://www.amazon.eg/dp/B0DRTF5CYK,2026-06-02T08:06:30.387848
amazon,B0GTJSRQKR,Product B0GTJSRQKR,"High Quality PVC Irrigation Hose, 40 Meters, Half Inch with Multi Pattern Spray Gun and Leak-Proof Quick Connectors",Garden & Outdoors,"EGP 2,999.00",,,,EGP 2999.00EGP2999.00,In Stock,https://m.media-amazon.com/images/I/61Z8kZmw8OL._AC_UL320_.jpg,https://www.amazon.eg/dp/B0GTJSRQKR,2026-06-02T08:06:30.390884
amazon,B0CPM6SF9L,Product B0CPM6SF9L,SWEET FURNITURE Rattan Swing Iron Chassis Single Garden Leeving Roof Balcony,Garden & Outdoors,"EGP 3,999.00",,,4.2,(37),In Stock,https://m.media-amazon.com/images/I/61aG6y0vSGL._AC_UL320_.jpg,https://www.amazon.eg/dp/B0CPM6SF9L,2026-06-02T08:06:30.394248
amazon,B0C8P73637,Product B0C8P73637,CASTEL DESERT COOLER 85L BEIGE AC 1185,Garden & Outdoors,"EGP 4,978.00",,,3.9,(23),In Stock,https://m.media-amazon.com/images/I/517Pa4bo7dL._AC_UL320_.jpg,https://www.amazon.eg/dp/B0C8P73637,2026-06-02T08:06:30.397584
amazon,B0CN3ZMSRD,Product B0CN3ZMSRD,شمسيه دك 4 متر مزود بقاعدة زط متحرك,Garden & Outdoors,"EGP 2,630.00",,,3.7,(31),In Stock,https://m.media-amazon.com/images/I/61DzXfF5jSL._AC_UL320_.jpg,https://www.amazon.eg/dp/B0CN3ZMSRD,2026-06-02T08:06:30.400876
amazon,B0C4BTS4JQ,Product B0C4BTS4JQ,Garden Set of 4 Chair and Table Black for Home Garden and Balcony,Garden & Outdoors,"EGP 2,050.00",,,3.9,(16),In Stock,https://m.media-amazon.com/images/I/71BOoVcy0AL._AC_UL320_.jpg,https://www.amazon.eg/dp/B0C4BTS4JQ,2026-06-02T08:06:30.404175
amazon,B0DZ1XSLSR,Product B0DZ1XSLSR,INGCO Cordless Pressure Washer,Garden & Outdoors,"EGP 2,400.00",,,4.2,(30),In Stock,https://m.media-amazon.com/images/I/71N1fzCjkcL._AC_UL320_.jpg,https://www.amazon.eg/dp/B0DZ1XSLSR,2026-06-02T08:06:30.407424
amazon,B0DRTFWY89,Product B0DRTFWY89,"apt Pressure washer DW-LP407-1800A 140 bar 420l/h 1800 watt with wheels For Car, Home Garden,Air Conditioner wiht gun and hose light in weight by circle tools",Garden & Outdoors,"EGP 3,698.00",,,4.3,(16),In Stock,https://m.media-amazon.com/images/I/61E9lLYY5ML._AC_UL320_.jpg,https://www.amazon.eg/dp/B0DRTFWY89,2026-06-02T08:06:30.410844
amazon,B0FS221L7M,Product B0FS221L7M,"APT Wall Mounted Garden Hose Reel, Retractable Auto Rewind Pipe, 15m, 180 Swivel, Compact Blue Design, Durable PVC Hose, Outdoor Patio Watering Equipment, Lawn Plants Cleaning, Easy Storage",Garden & Outdoors,"EGP 2,481.00",,,2.8,(11),In Stock,https://m.media-amazon.com/images/I/41HkGBtbr0L._AC_UL320_.jpg,https://www.amazon.eg/dp/B0FS221L7M,2026-06-02T08:06:30.414328
amazon,B09ZYP19CK,Product B09ZYP19CK,"Rainberg 6ft Heavy Duty Folding Table, Sturdy Metal Frame, Foldable Table Waterproof, Portable, Picnic table, Camping table, Ideal for Parties, Garden, BBQ, Beach, Indoor & Outdoor use (6FT - WHITE)",Garden & Outdoors,"EGP 4,999.00",,,4.3,(233),In Stock,https://m.media-amazon.com/images/I/510hdpEiJ2L._AC_UL320_.jpg,https://www.amazon.eg/dp/B09ZYP19CK,2026-06-02T08:06:30.417662
amazon,B09231M9WH,Product B09231M9WH,"Total Tools High Pressure Washing Machine, Tgt11236",Garden & Outdoors,"EGP 4,800.00",,,3.9,(31),In Stock,https://m.media-amazon.com/images/I/61csRKrKI9L._AC_UL320_.jpg,https://www.amazon.eg/dp/B09231M9WH,2026-06-02T08:06:30.421268
amazon,B0CD86LSQV,Product B0CD86LSQV,"Sweet Chair Fun Hanging Swing Chair 2 Persons for Gardens, Roof, Leeving and Confections",Garden & Outdoors,"EGP 3,999.00",,,3.6,(23),In Stock,https://m.media-amazon.com/images/I/61DnbtN09rL._AC_UL320_.jpg,https://www.amazon.eg/dp/B0CD86LSQV,2026-06-02T08:06:30.424590
amazon,B08SJ34RGR,Product B08SJ34RGR,"Bosch electric hedge trimmer easyhedgecut 45 (420 w, knife length 45 cm, in carton)",Garden & Outdoors,"EGP 3,504.79",,,4.4,(1.7K),In Stock,https://m.media-amazon.com/images/I/61u2YQJjQfL._AC_UL320_.jpg,https://www.amazon.eg/dp/B08SJ34RGR,2026-06-02T08:06:30.428512
amazon,B0922KCW66,Product B0922KCW66,"Ingco High Pressure Washer, 1400 Watts - 130 Bar",Garden & Outdoors,,,,4.3,(41),In Stock,https://m.media-amazon.com/images/I/61LcslRmnSL._AC_UL320_.jpg,https://www.amazon.eg/dp/B0922KCW66,2026-06-02T08:06:30.430774
amazon,B07YC8PVF1,Product B07YC8PVF1,"SOLPEX Solar Deck Lights Outdoor 16 Pack, Solar Step Lights Waterproof Led Solar Lights for Outdoor Stairs, Step, Fence, Yard, Patio, and Pathway",Garden & Outdoors,"EGP 2,669.00",,,4.2,(18.5K),In Stock,https://m.media-amazon.com/images/I/713D2SSYyVL._AC_UL320_.jpg,https://www.amazon.eg/dp/B07YC8PVF1,2026-06-02T08:06:30.434136
amazon,B0B9KWZGG8,Product B0B9KWZGG8,"Fresh Food Plastic Flexible Storage Bags, 100 Pieces",Watches,EGP 19.00,,,4.1,(1.1K),In Stock,https://m.media-amazon.com/images/I/71UZ-pIp8UL._AC_UL320_.jpg,https://www.amazon.eg/dp/B0B9KWZGG8,2026-06-02T08:03:52.747664
amazon,B0CGDRK9WZ,Product B0CGDRK9WZ,,Software,"EGP 1,943.00",,,4.8,(11),In Stock,https://m.media-amazon.com/images/I/615LfyFP8qL._AC_UY218_.jpg,https://www.amazon.eg/dp/B0CGDRK9WZ,2026-06-02T08:10:46.395894
amazon,B0FV8W6RN9,Product B0FV8W6RN9,,Software,"EGP 1,279.00",,,,CD-ROM,In Stock,https://m.media-amazon.com/images/I/41ij+RrYZrL._AC_UY218_.jpg,https://www.amazon.eg/dp/B0FV8W6RN9,2026-06-02T08:10:46.398871
amazon,B0CNNX91TM,Product B0CNNX91TM,,Software,"EGP 1,349.00",,,5.0,(1),In Stock,https://m.media-amazon.com/images/I/61IwkgHpDyL._AC_UY218_.jpg,https://www.amazon.eg/dp/B0CNNX91TM,2026-06-02T08:10:46.402220
amazon,B0CXDTL3P6,Product B0CXDTL3P6,,Software,"EGP 1,131.00",,,5.0,(4),In Stock,https://m.media-amazon.com/images/I/61GqO6k4qJL._AC_UY218_.jpg,https://www.amazon.eg/dp/B0CXDTL3P6,2026-06-02T08:10:46.405445
amazon,B0922LWDT7,Product B0922LWDT7,,Software,"EGP 1,699.00",,,5.0,(12),In Stock,https://m.media-amazon.com/images/I/61l+TckwVwL._AC_UY218_.jpg,https://www.amazon.eg/dp/B0922LWDT7,2026-06-02T08:10:46.408597
amazon,B0CXDD1R8D,Product B0CXDD1R8D,,Software,"EGP 1,698.00",,,5.0,(1),In Stock,https://m.media-amazon.com/images/I/71TB8dickLL._AC_UY218_.jpg,https://www.amazon.eg/dp/B0CXDD1R8D,2026-06-02T08:10:46.411806
amazon,B091KHS84V,Product B091KHS84V,,Software,"EGP 1,149.00",,,3.8,(31),In Stock,https://m.media-amazon.com/images/I/51foSf3rwzL._AC_UY218_.jpg,https://www.amazon.eg/dp/B091KHS84V,2026-06-02T08:10:46.416205
amazon,B0CXDXKQ4P,Product B0CXDXKQ4P,,Software,"EGP 1,981.00",,,5.0,(1),In Stock,https://m.media-amazon.com/images/I/61fzhQOqKbL._AC_UY218_.jpg,https://www.amazon.eg/dp/B0CXDXKQ4P,2026-06-02T08:10:46.419404
amazon,B091KGP713,Product B091KGP713,,Software,"EGP 1,949.00",,,4.2,(80),In Stock,https://m.media-amazon.com/images/I/61tbHUmCsgL._AC_UY218_.jpg,https://www.amazon.eg/dp/B091KGP713,2026-06-02T08:10:46.423454
amazon,B0CNNPB1PM,Product B0CNNPB1PM,,Software,"EGP 1,949.00",,,,License,In Stock,https://m.media-amazon.com/images/I/61N3cN6LPVL._AC_UY218_.jpg,https://www.amazon.eg/dp/B0CNNPB1PM,2026-06-02T08:10:46.426487
amazon,B0CPD95Q23,Product B0CPD95Q23,,Software,"EGP 1,949.00",,,,License,In Stock,https://m.media-amazon.com/images/I/61vGZPDjDFL._AC_UY218_.jpg,https://www.amazon.eg/dp/B0CPD95Q23,2026-06-02T08:10:46.429309
amazon,B0BT9PGS1G,Product B0BT9PGS1G,,Software,"EGP 1,949.00",,,5.0,(1),In Stock,https://m.media-amazon.com/images/I/61JjzxjRLFL._AC_UY218_.jpg,https://www.amazon.eg/dp/B0BT9PGS1G,2026-06-02T08:10:46.432668
amazon,B091JGVVSZ,Product B091JGVVSZ,,Software,"EGP 1,149.00",,,4.0,(76),In Stock,https://m.media-amazon.com/images/I/61QpMuX5qSL._AC_UY218_.jpg,https://www.amazon.eg/dp/B091JGVVSZ,2026-06-02T08:10:46.436716
amazon,B07JQGMFYG,Product B07JQGMFYG,,Software,"EGP 1,949.00",,,4.0,(137),In Stock,https://m.media-amazon.com/images/I/51qA5kQChzL._AC_UY218_.jpg,https://www.amazon.eg/dp/B07JQGMFYG,2026-06-02T08:10:46.440072
amazon,B091KPF2DQ,Product B091KPF2DQ,,Software,"EGP 1,949.00",,,4.1,(33),In Stock,https://m.media-amazon.com/images/I/51GHR90cO9L._AC_UY218_.jpg,https://www.amazon.eg/dp/B091KPF2DQ,2026-06-02T08:10:46.444014
amazon,B0CXDF3ZDG,Product B0CXDF3ZDG,,Software,"EGP 1,418.00",,,5.0,(1),In Stock,https://m.media-amazon.com/images/I/61ALI2kWM7L._AC_UY218_.jpg,https://www.amazon.eg/dp/B0CXDF3ZDG,2026-06-02T08:10:46.447211
amazon,B07NP92L9P,Product B07NP92L9P,Queen By Lord Triple Blade Shaving Razor Set Of 4,Beauty,EGP 55.00,,,4.0,(1.1K),In Stock,https://m.media-amazon.com/images/I/71yXiUz49XL._AC_UL320_.jpg,https://www.amazon.eg/dp/B07NP92L9P,2026-06-02T08:02:18.831269
amazon,B00XAH0406,Product B00XAH0406,Dove Deeply Nourishing Bodywash for instantly Soft Skin 100% Gentle Cleanser and Sulphate free 500ML,Beauty,EGP 103.99,EGP 120.00,,4.6,(1.4K),In Stock,https://m.media-amazon.com/images/I/5116ive7noL._AC_UL320_.jpg,https://www.amazon.eg/dp/B00XAH0406,2026-06-02T08:02:18.859732
amazon,B0BPTGPQ1Z,Product B0BPTGPQ1Z,Shaan body milk 300 ml,Beauty,,,,4.4,(1.1K),In Stock,https://m.media-amazon.com/images/I/51c+8faWUWL._AC_UL320_.jpg,https://www.amazon.eg/dp/B0BPTGPQ1Z,2026-06-02T08:02:18.862444
amazon,B0CZCC39XQ,Product B0CZCC39XQ,Starville Acne Prone Skin Face Mask 1Sheet,Beauty,EGP 55.00,,,4.4,(141),In Stock,https://m.media-amazon.com/images/I/61wpHjVHW4L._AC_UL320_.jpg,https://www.amazon.eg/dp/B0CZCC39XQ,2026-06-02T08:02:18.865327
amazon,B07MMFCTCX,Product B07MMFCTCX,Garnier SkinActive Micellar Cleansing Water Classic 100ml,Beauty,EGP 93.99,,,4.5,(7.5K),In Stock,https://m.media-amazon.com/images/I/51G1d+VuaIL._AC_UL320_.jpg,https://www.amazon.eg/dp/B07MMFCTCX,2026-06-02T08:02:18.869597
amazon,B0B74JS567,Product B0B74JS567,Aloe Eva Strengthening Hair Mask Pouch With Aloe Vera & Silk Proteins 250 Gm,Beauty,EGP 69.05,EGP 78.75,,4.4,(1.4K),In Stock,https://m.media-amazon.com/images/I/71vNz88eP0L._AC_UL320_.jpg,https://www.amazon.eg/dp/B0B74JS567,2026-06-02T08:02:18.874416
amazon,B099GGJW15,Product B099GGJW15,"Dosh Classic Bar Soap, 110 gm - Pack of 4 - Color and Scent May vary",Beauty,EGP 53.00,,,4.2,(1.1K),In Stock,https://m.media-amazon.com/images/I/61yHLWusTrL._AC_UL320_.jpg,https://www.amazon.eg/dp/B099GGJW15,2026-06-02T08:02:18.877770
amazon,B07ZYCC467,Product B07ZYCC467,"NIVEA MEN Antiperspirant Roll-on for Men, DEEP Black Carbon Antibacterial, Espresso Scent, 50ml",Beauty,,,,4.4,(3.1K),In Stock,https://m.media-amazon.com/images/I/71BmO3Ev+kL._AC_UL320_.jpg,https://www.amazon.eg/dp/B07ZYCC467,2026-06-02T08:02:18.891104
amazon,B0DVCJSHQT,Product B0DVCJSHQT,Dear Hydration Moisturizing Gel - 200 GM – With| Glycerin | Hyaluronic Acid | Vitamin E | Aloe Vera | Antioxidant | Long-Lasting Hydration | Skin Nourishment |,Beauty,EGP 155.00,,,4.1,(394),In Stock,https://m.media-amazon.com/images/I/51pUe7tyOaL._AC_UL320_.jpg,https://www.amazon.eg/dp/B0DVCJSHQT,2026-06-02T08:02:18.895278
amazon,B0D5YTGQ5J,Product B0D5YTGQ5J,Queen By Lord Eye Brow Trimmer and Facial Face Hair Remover 3-Pieces,Beauty,EGP 100.00,,,4.2,(335),In Stock,https://m.media-amazon.com/images/I/41+xyWARUcL._AC_UL320_.jpg,https://www.amazon.eg/dp/B0D5YTGQ5J,2026-06-02T08:02:18.898679
amazon,B01FN772MS,Product B01FN772MS,"L’Oréal Paris L'Oréal Paris Elvive Extraordinary Oil Serum For Dry Hair Types, 100ml",Beauty,EGP 395.00,EGP 428.00,,4.4,(2.1K),In Stock,https://m.media-amazon.com/images/I/61DtnbJVxYL._AC_UL320_.jpg,https://www.amazon.eg/dp/B01FN772MS,2026-06-02T08:02:18.910227
amazon,B091NZSHBC,Product B091NZSHBC,Aloe Eva Strengthening Hair Conditioner with Aloe Vera and Moroccan Argan Oil - 230 ml,Beauty,EGP 72.00,EGP 84.00,,4.4,(1K),In Stock,https://m.media-amazon.com/images/I/618nzMMriSL._AC_UL320_.jpg,https://www.amazon.eg/dp/B091NZSHBC,2026-06-02T08:02:18.918959
amazon,B0CFRKPVLL,Product B0CFRKPVLL,Blankie Baby Daily Moisturizer - 150 ml,Beauty,EGP 118.00,EGP 130.00,,4.6,(481),In Stock,https://m.media-amazon.com/images/I/41FbI-XcfBL._AC_UL320_.jpg,https://www.amazon.eg/dp/B0CFRKPVLL,2026-06-02T08:02:18.922805
amazon,B0BTX9YFGZ,Product B0BTX9YFGZ,Star Ville acne prone skin facial cleanser 400 ml,Beauty,,,,4.3,(1.6K),In Stock,https://m.media-amazon.com/images/I/61bpfxKkmuL._AC_UL320_.jpg,https://www.amazon.eg/dp/B0BTX9YFGZ,2026-06-02T08:02:18.925997
amazon,B0BPTDTPDT,Product B0BPTDTPDT,Bobai Sunscreen Extra Lightening Gel SPF 50 50 gm,Beauty,,,,4.4,(423),In Stock,https://m.media-amazon.com/images/I/61oNC92LUDL._AC_UL320_.jpg,https://www.amazon.eg/dp/B0BPTDTPDT,2026-06-02T08:02:18.928272
amazon,B0BYT7W8GX,Product B0BYT7W8GX,Back Brush | Bath Brush for Women | Brown | Natural Bristle | Remove Dead Skin | Dry Brushing Body Brush | Dry Body Brush | Pack of 1,Beauty,EGP 84.00,,,4.1,(259),In Stock,https://m.media-amazon.com/images/I/61wWEIP9GcL._AC_UL320_.jpg,https://www.amazon.eg/dp/B0BYT7W8GX,2026-06-02T08:02:18.931844
amazon,B08WJQ4ZGF,Product B08WJQ4ZGF,CYBELE 3D MASCARA DARK BLACK,Beauty,EGP 280.00,EGP 345.00,,4.1,(641),In Stock,https://m.media-amazon.com/images/I/517Nfmf-T0L._AC_UL320_.jpg,https://www.amazon.eg/dp/B08WJQ4ZGF,2026-06-02T08:02:18.936132
amazon,B0C3WXQY4S,Product B0C3WXQY4S,Melaite Melatime Gel Sunscreen SPF 50g,Beauty,EGP 220.00,EGP 245.40,,4.2,(543),In Stock,https://m.media-amazon.com/images/I/51l8cfhUWnL._AC_UL320_.jpg,https://www.amazon.eg/dp/B0C3WXQY4S,2026-06-02T08:02:18.943824
amazon,B0CGDD1DZ8,Product B0CGDD1DZ8,Kolagra Oily Skin Cleanser - Rich In Vitamin B3-200Ml,Beauty,EGP 96.00,EGP 138.54,,4.0,(703),In Stock,https://m.media-amazon.com/images/I/41KZ1iSqFVL._AC_UL320_.jpg,https://www.amazon.eg/dp/B0CGDD1DZ8,2026-06-02T08:02:18.947716
amazon,B0CTMJN35S,Product B0CTMJN35S,Eva Skin Care Natural Glow Body Scrub 250 gm,Beauty,EGP 85.00,EGP 105.00,,4.4,(247),In Stock,https://m.media-amazon.com/images/I/41rHKrdf5CL._AC_UL320_.jpg,https://www.amazon.eg/dp/B0CTMJN35S,2026-06-02T08:02:18.951999
amazon,B0BWNW1SQT,Product B0BWNW1SQT,Blends Herbal Sensation Shampoo with Argan Oil for Frizzy Hair - Hydrating Anti-Frizz Formula for Split Ends - Silicon & Paraben Free - 600 ml,Beauty,EGP 81.99,,,3.9,(134),In Stock,https://m.media-amazon.com/images/I/61muWniJrcL._AC_UL320_.jpg,https://www.amazon.eg/dp/B0BWNW1SQT,2026-06-02T08:02:18.955363
amazon,B0CVQ8JKGT,Product B0CVQ8JKGT,Clary Hair Leave In Cream 300 gm,Beauty,,,,3.9,(436),In Stock,https://m.media-amazon.com/images/I/51LL4FKh4yL._AC_UL320_.jpg,https://www.amazon.eg/dp/B0CVQ8JKGT,2026-06-02T08:02:18.961033
amazon,B0D8QFGKMV,Product B0D8QFGKMV,Cure Aid Hydrocolloid spots for acne and cold sores Skin Tone Pill Sticker,Beauty,EGP 43.00,EGP 60.00,,4.1,(497),In Stock,https://m.media-amazon.com/images/I/610AOMsGAFL._AC_UL320_.jpg,https://www.amazon.eg/dp/B0D8QFGKMV,2026-06-02T08:02:18.964896
amazon,B0DZXBC49F,Product B0DZXBC49F,"Eva Skin Care Soft Moisturizing Cream with Aloe Vera, Panthenol & Vitamin E 20 Gm",Beauty,EGP 12.60,,,4.0,(190),In Stock,https://m.media-amazon.com/images/I/41pB9taJz4L._AC_UL320_.jpg,https://www.amazon.eg/dp/B0DZXBC49F,2026-06-02T08:02:18.968165
amazon,B07MTTLNF7,Product B07MTTLNF7,"NIVEA MEN Antiperspirant Roll-on for Men, Black & White Invisible Protection Original, 50ml",Beauty,EGP 84.25,,,4.4,(825),In Stock,https://m.media-amazon.com/images/I/61RwwRxZ0LL._AC_UL320_.jpg,https://www.amazon.eg/dp/B07MTTLNF7,2026-06-02T08:02:18.971894
amazon,B08T1MQR5L,Product B08T1MQR5L,Temperia Double Sided Foot File Scrubber | Dead Skin & Callus Remover | Feet Scraper | Pedicure Tool with Wooden Handle,Beauty,EGP 26.13,,,3.7,(2.7K),In Stock,https://m.media-amazon.com/images/I/71UJlzN0N2L._AC_UL320_.jpg,https://www.amazon.eg/dp/B08T1MQR5L,2026-06-02T08:02:18.975633
amazon,B0976FWQDX,Product B0976FWQDX,Moist -1 Moisturizing Cream - 100 ml,Beauty,EGP 150.00,EGP 198.00,,4.4,(727),In Stock,https://m.media-amazon.com/images/I/51y9NevBdXL._AC_UL320_.jpg,https://www.amazon.eg/dp/B0976FWQDX,2026-06-02T08:02:18.979524
amazon,B0DVCSTC9H,Product B0DVCSTC9H,Dear Hydration Body Milk - 300 ML – With Coconut Oil | Shea Butter | Argan Oil |Nourishing & Hydration |Skin Renewal |Face and Body Soft skin,Beauty,EGP 210.00,,,4.2,(330),In Stock,https://m.media-amazon.com/images/I/51F09xpd1tL._AC_UL320_.jpg,https://www.amazon.eg/dp/B0DVCSTC9H,2026-06-02T08:02:18.987121
amazon,B0114C7JQU,Product B0114C7JQU,Bobana hair serum jojoba oil 100 ml 00,Beauty,EGP 126.00,,,4.3,(541),In Stock,https://m.media-amazon.com/images/I/41UG-mTW+lL._AC_UL320_.jpg,https://www.amazon.eg/dp/B0114C7JQU,2026-06-02T08:02:18.990869
amazon,B08MW8NF1X,Product B08MW8NF1X,"Scalp Massager, Shampoo Brush Soft Silicone Bristles Head Massager, Hair Scrub Brush for Wet and Dry Hair, Scalp Exfoliator,Reduce Dandruff, Massage Scalp, Promote Hair Growth (Random Color)",Beauty,EGP 36.00,EGP 41.00,,4.0,(1.1K),In Stock,https://m.media-amazon.com/images/I/51O4LSjWVKL._AC_UL320_.jpg,https://www.amazon.eg/dp/B08MW8NF1X,2026-06-02T08:02:18.995147
amazon,B0F1YZVL5R,Product B0F1YZVL5R,Leaves Nourishing and Styling Hair Cream anti-frizz 250ml,Beauty,EGP 250.00,,,3.8,(192),In Stock,https://m.media-amazon.com/images/I/61TWk-8khEL._AC_UL320_.jpg,https://www.amazon.eg/dp/B0F1YZVL5R,2026-06-02T08:02:18.998876
amazon,B09JSXLKD4,Product B09JSXLKD4,Argento clear facial cleanser skin cleanser 200ml,Beauty,EGP 119.00,EGP 219.00,,4.0,(2.7K),In Stock,https://m.media-amazon.com/images/I/41+Ud6yHmEL._AC_UL320_.jpg,https://www.amazon.eg/dp/B09JSXLKD4,2026-06-02T08:02:19.003280
amazon,B07PH3GTKZ,Product B07PH3GTKZ,"NIVEA MEN Fresh Active, Antibacterial Deodorant Roll-On 50ml for Men, 72H Protection, with Infini Fresh Formula, Long-Lasting Freshness",Beauty,EGP 87.95,,,4.4,(1.1K),In Stock,https://m.media-amazon.com/images/I/61i8q04WzdL._AC_UL320_.jpg,https://www.amazon.eg/dp/B07PH3GTKZ,2026-06-02T08:02:19.006647
amazon,B01MSXH2BO,Product B01MSXH2BO,"Eucerin Face Sunscreen Even Pigment Perfector Hyperpigmentation Sun Fluid with Thiamidol, High UVA/UVB Protection, SPF 50+, Reduces Dark Spots, For All Skin Types, 50ml",Beauty,EGP 991.80,,,4.5,(1.2K),In Stock,https://m.media-amazon.com/images/I/61CfX+NWxnL._AC_UL320_.jpg,https://www.amazon.eg/dp/B01MSXH2BO,2026-06-02T08:02:20.164615
amazon,B013YBAA60,Product B013YBAA60,Gillette Fusion5 Power Blade Refills – Pack of 4,Beauty,EGP 705.22,,,4.6,(4.7K),In Stock,https://m.media-amazon.com/images/I/61ItYU5dm2L._AC_UL320_.jpg,https://www.amazon.eg/dp/B013YBAA60,2026-06-02T08:02:20.168925
amazon,B0DG5N5VPP,Product B0DG5N5VPP,"Neutrogena Hydro Boost Fluid SPF 50, Lightweight, Non-Sticky Formula, Enriched with Hyaluronic Acid, Provitamin B5, 2% Niacinamide, 50ml",Beauty,EGP 500.00,EGP 650.00,,4.5,(145),In Stock,https://m.media-amazon.com/images/I/61vjHhKzOVL._AC_UL320_.jpg,https://www.amazon.eg/dp/B0DG5N5VPP,2026-06-02T08:02:20.175195
amazon,B0CFW2G9WL,Product B0CFW2G9WL,Maa Althahab Freshie R183 Strong With You Eau De Parfum For Men 50ml,Beauty,EGP 500.00,,,3.8,(167),In Stock,https://m.media-amazon.com/images/I/41EuSdbwXHL._AC_UL320_.jpg,https://www.amazon.eg/dp/B0CFW2G9WL,2026-06-02T08:02:20.178577
amazon,B0B3DQ2655,Product B0B3DQ2655,Capixy Hair Fertlizer Intense Tonic Spray 125 Ml,Beauty,,,,3.5,(75),In Stock,https://m.media-amazon.com/images/I/41qmL-jO3oL._AC_UL320_.jpg,https://www.amazon.eg/dp/B0B3DQ2655,2026-06-02T08:02:20.180861
amazon,B098TTTX77,Product B098TTTX77,KEMEI Electric Dry Shaving Machine for Men - Hair Shaving and Trimming Beard,Beauty,,,,4.0,(128),In Stock,https://m.media-amazon.com/images/I/51f2fooPBGS._AC_UL320_.jpg,https://www.amazon.eg/dp/B098TTTX77,2026-06-02T08:02:20.206454
amazon,B0CFW2XKBN,Product B0CFW2XKBN,Maa Althahab Spicy Gold Water R159 Sauvage Eau de Parfum for Men 50ml,Beauty,EGP 500.00,,,4.0,(131),In Stock,https://m.media-amazon.com/images/I/61DD+FLffXL._AC_UL320_.jpg,https://www.amazon.eg/dp/B0CFW2XKBN,2026-06-02T08:02:20.209816
amazon,B01CT3FRXK,Product B01CT3FRXK,"Gillette Venus & Olay women's razor blade refills, 4 count",Beauty,EGP 634.13,EGP 686.00,,4.6,(503),In Stock,https://m.media-amazon.com/images/I/81Ay5bDzRwL._AC_UL320_.jpg,https://www.amazon.eg/dp/B01CT3FRXK,2026-06-02T08:02:20.214184
amazon,B0DC5DYDHL,Product B0DC5DYDHL,Capixy Anti Hair Loss Vials 70Ml,Beauty,EGP 788.99,EGP 961.00,,3.8,(29),In Stock,https://m.media-amazon.com/images/I/41cTMmt1LHL._AC_UL320_.jpg,https://www.amazon.eg/dp/B0DC5DYDHL,2026-06-02T08:02:20.218057
amazon,B0C9ZS6ZVQ,Product B0C9ZS6ZVQ,VGR V-118 Professional Corded & Cordless Hair Clipper with LED Display 6 Length Settings | 200 min Runtime (Black),Beauty,EGP 850.00,,,4.2,(452),In Stock,https://m.media-amazon.com/images/I/61TFRNWrZ1L._AC_UL320_.jpg,https://www.amazon.eg/dp/B0C9ZS6ZVQ,2026-06-02T08:02:20.221157
amazon,B0CJ5GW8RY,Product B0CJ5GW8RY,"L’Oréal Paris Volume Million Lashes Panorama Mascara In Black, 9.9 Ml",Beauty,EGP 703.00,,,4.3,(8.7K),In Stock,https://m.media-amazon.com/images/I/5132UTlzLVL._AC_UL320_.jpg,https://www.amazon.eg/dp/B0CJ5GW8RY,2026-06-02T08:02:20.224502
amazon,B094DHJ3X3,Product B094DHJ3X3,"L’Oréal Professionnel | Absolut Repair Shampoo | For dry & damaged hair | Repairs & Hydrates Dry, Damaged Hair |With Gold Quinoa & Protein | SERIE EXPERT | 300ml",Beauty,EGP 741.37,EGP 810.67,,4.3,(3.4K),In Stock,https://m.media-amazon.com/images/I/61uPKlIbBsL._AC_UL320_.jpg,https://www.amazon.eg/dp/B094DHJ3X3,2026-06-02T08:02:20.228370
amazon,B07Q2R45XG,Product B07Q2R45XG,Normaderm Gel 200Ml,Beauty,EGP 716.00,EGP 768.00,,4.5,(3.8K),In Stock,https://m.media-amazon.com/images/I/61Xg8ArQ8UL._AC_UL320_.jpg,https://www.amazon.eg/dp/B07Q2R45XG,2026-06-02T08:02:20.234663
amazon,B00VTQXCAE,Product B00VTQXCAE,VICHY Dercos ANTI-DANDRUFF SHAMPOO FOR DRY Hair (Green) (200 Ml),Beauty,EGP 775.17,,,4.6,(6.6K),In Stock,https://m.media-amazon.com/images/I/71ePEyy4X7L._AC_UL320_.jpg,https://www.amazon.eg/dp/B00VTQXCAE,2026-06-02T08:02:20.238455
amazon,B09SLF5ZH8,Product B09SLF5ZH8,Anthelios uvmune 400 fluide invisible sfp50+ 50 ml,Beauty,EGP 870.46,"EGP 1,092.00",,4.5,(15.8K),In Stock,https://m.media-amazon.com/images/I/713bb29Zu8L._AC_UL320_.jpg,https://www.amazon.eg/dp/B09SLF5ZH8,2026-06-02T08:02:20.242798
amazon,B0DTQ2JRBX,Product B0DTQ2JRBX,Natavis Brightening Serum – 30 ml – with Alpha Arbutin – Glycerin & Niacinamide - Ferulic Acid - Reduces Dark Spots - Brightens Skin - Hydrates Deeply - Protects and Repairs - Smooths Fine Lines,Beauty,EGP 619.00,,,4.8,(7),In Stock,https://m.media-amazon.com/images/I/41mNEWCux2L._AC_UL320_.jpg,https://www.amazon.eg/dp/B0DTQ2JRBX,2026-06-02T08:02:20.246195
amazon,B0BTZ6PBX7,Product B0BTZ6PBX7,"Igea Collacogen, Box of 30 sachets",Beauty,EGP 679.75,EGP 699.00,,4.3,(153),In Stock,https://m.media-amazon.com/images/I/71HtvzHFt-L._AC_UL320_.jpg,https://www.amazon.eg/dp/B0BTZ6PBX7,2026-06-02T08:02:20.250194
amazon,B004CCSKCW,Product B004CCSKCW,INTUITION Schick Sensitive Care Razor for Women with 2 Moisturising Razor Blade Refills with Natural Aloe Schick,Beauty,EGP 615.00,,,4.5,(9.8K),In Stock,https://m.media-amazon.com/images/I/61h9pf4UoGL._AC_UL320_.jpg,https://www.amazon.eg/dp/B004CCSKCW,2026-06-02T08:02:20.254101
amazon,B0BWSJGBHW,Product B0BWSJGBHW,Anthelios Oil Control Fluid 50Ml,Beauty,EGP 979.00,"EGP 1,071.00",,4.6,(7K),In Stock,https://m.media-amazon.com/images/I/71ytXBlX00L._AC_UL320_.jpg,https://www.amazon.eg/dp/B0BWSJGBHW,2026-06-02T08:02:20.258486
amazon,B0959QJFD3,Product B0959QJFD3,"L’Oréal Professionnel Anti-Yellowing Hair Shampoo for White, Grey and Bleached Hair, Violet Pigments, Serie Expert, Silver Shampoo, 300 ml",Beauty,EGP 741.37,,,4.5,(3K),In Stock,https://m.media-amazon.com/images/I/41QUB1UHm5L._AC_UL320_.jpg,https://www.amazon.eg/dp/B0959QJFD3,2026-06-02T08:02:20.265782
amazon,B007B8UO9G,Product B007B8UO9G,Maybelline New York Fit Me Concealer - Sand 20,Beauty,EGP 500.00,,,4.2,(47.9K),In Stock,https://m.media-amazon.com/images/I/419GodrR3wL._AC_UL320_.jpg,https://www.amazon.eg/dp/B007B8UO9G,2026-06-02T08:02:20.269775
amazon,B0B7RQ46LD,Product B0B7RQ46LD,Cerave Anti Blemish Control Cleanser 8Oz,Beauty,EGP 651.00,EGP 715.00,,4.6,(32.3K),In Stock,https://m.media-amazon.com/images/I/51LD9cUwXpL._AC_UL320_.jpg,https://www.amazon.eg/dp/B0B7RQ46LD,2026-06-02T08:02:20.273654
amazon,B0C5QLT4X7,Product B0C5QLT4X7,"KEMEI 2299 Trimmer Professional Cordless Hair Clipper for Men Electric Beard Trimmers Barber Hair Cuttings Kit, Zero Gapped T Blade Trimmers for Men, KM-2299",Beauty,EGP 616.42,EGP 850.00,,4.2,(2.1K),In Stock,https://m.media-amazon.com/images/I/61B0O78RKZL._AC_UL320_.jpg,https://www.amazon.eg/dp/B0C5QLT4X7,2026-06-02T08:02:20.277982
amazon,B0994CZY2H,Product B0994CZY2H,Beesline Whitening Roll-On Deodorant Elder Rose 48h Protection (1+1) Promo Pack - 50 ml,Beauty,EGP 500.00,,,4.5,(327),In Stock,https://m.media-amazon.com/images/I/410XY3yOhQL._AC_UL320_.jpg,https://www.amazon.eg/dp/B0994CZY2H,2026-06-02T08:02:20.281437
amazon,B0CB4ZC9QY,Product B0CB4ZC9QY,VGR V-282 Professional Hair Shaver Clipper Rechargeable Cordless Hair Trimmer Hair Cutting Machine Electric Shaving Machine for Men,Beauty,EGP 769.00,,,4.2,(130),In Stock,https://m.media-amazon.com/images/I/71rOKQD6HVL._AC_UL320_.jpg,https://www.amazon.eg/dp/B0CB4ZC9QY,2026-06-02T08:02:20.284698
amazon,B00449W12S,Product B00449W12S,"Cantu Shea Butter Leave-In Conditioning Repair Cream, 16 Ounce",Beauty,EGP 525.00,EGP 680.00,,4.4,(21.9K),In Stock,https://m.media-amazon.com/images/I/71hl9yyi9BL._AC_UL320_.jpg,https://www.amazon.eg/dp/B00449W12S,2026-06-02T08:02:20.289034
amazon,B08P4YPB8Q,Product B08P4YPB8Q,Maybelline New York Black Mascara For Extremely Long Eyelashes Lash Sensational Sky High Mascara Very Black 7.2Ml,Beauty,EGP 529.02,EGP 585.00,,3.8,(34.6K),In Stock,https://m.media-amazon.com/images/I/61JCtpKCnhL._AC_UL320_.jpg,https://www.amazon.eg/dp/B08P4YPB8Q,2026-06-02T08:02:20.293561
amazon,B0816PC5JB,Product B0816PC5JB,Maybelline New York Hyper Easy Liquid Eyeliner Black,Beauty,EGP 517.00,,,4.1,(14.9K),In Stock,https://m.media-amazon.com/images/I/61qTGDtbdNL._AC_UL320_.jpg,https://www.amazon.eg/dp/B0816PC5JB,2026-06-02T08:02:20.296897
amazon,B0CFW9SYG1,Product B0CFW9SYG1,Maa Althahab Freshie R146 Invictus Gold Eau de Parfum for Men 50ml,Beauty,EGP 500.00,,,4.1,(49),In Stock,https://m.media-amazon.com/images/I/51irvyXIGgL._AC_UL320_.jpg,https://www.amazon.eg/dp/B0CFW9SYG1,2026-06-02T08:02:20.300242
amazon,B0CFW48YVM,Product B0CFW48YVM,Maa Althahab Fruity N213 Bombshell Victoria's Secret Gold Eau de Parfum for Women 50ml,Beauty,EGP 500.00,,,4.0,(78),In Stock,https://m.media-amazon.com/images/I/71C6HFYi2-L._AC_UL320_.jpg,https://www.amazon.eg/dp/B0CFW48YVM,2026-06-02T08:02:20.303570
amazon,B000FQNPD8,Product B000FQNPD8,"Fino Shiseido Premium Hair Mask with Touch Essence, 230 g, Pack of 1",Beauty,EGP 870.00,"EGP 1,352.90",,4.3,(2.7K),In Stock,https://m.media-amazon.com/images/I/61mhN18ClsL._AC_UL320_.jpg,https://www.amazon.eg/dp/B000FQNPD8,2026-06-02T08:02:20.307902
amazon,B0D41LG15Z,Product B0D41LG15Z,Eucerin Even Pigment Perfector Exfoliating Cleanser Gel 200 ml,Beauty,EGP 552.60,EGP 832.20,,4.5,(111),In Stock,https://m.media-amazon.com/images/I/61ZrxAdK-9L._AC_UL320_.jpg,https://www.amazon.eg/dp/B0D41LG15Z,2026-06-02T08:02:20.313595
amazon,B0BSR22WY1,Product B0BSR22WY1,"KEMEI Professional Body Hair Trimmer for Men & Women, KM-3208 with LED Light, USB Fast Charging & Ceramic Blade Heads, Waterproof Wet/Dry, Suitable For Body Private Part Shaving,And Pubic Hair.",Beauty,EGP 998.95,,,3.7,(128),In Stock,https://m.media-amazon.com/images/I/51r96youpwL._AC_UL320_.jpg,https://www.amazon.eg/dp/B0BSR22WY1,2026-06-02T08:02:20.316923
amazon,B08L1X2YM1,Product B08L1X2YM1,Beesline Beauty Pearl Fragrance Whitening Roll-On Deodorant 50 ml 1+1 Free,Beauty,EGP 555.00,,,4.3,(871),In Stock,https://m.media-amazon.com/images/I/61QuRDHWu8L._AC_UL320_.jpg,https://www.amazon.eg/dp/B08L1X2YM1,2026-06-02T08:02:20.320274
amazon,B091J45TB9,Product B091J45TB9,Max 9933 Hair Dryer 3000W,Beauty,EGP 635.00,EGP 655.00,,4.3,(369),In Stock,https://m.media-amazon.com/images/I/712uHKF8C1L._AC_UL320_.jpg,https://www.amazon.eg/dp/B091J45TB9,2026-06-02T08:02:20.324593
amazon,B0BHBSJ2WR,Product B0BHBSJ2WR,"VGR V-107 Professional 11in1 IPX6 Washable Grooming Kit Trimmer for Men, 150 min Runtime (Silver, Black)",Beauty,EGP 726.60,,,3.9,(52),In Stock,https://m.media-amazon.com/images/I/61rRoSboPJL._AC_UL320_.jpg,https://www.amazon.eg/dp/B0BHBSJ2WR,2026-06-02T08:02:20.328388
amazon,B09NQG78ND,Product B09NQG78ND,Maybelline New York Super Stay Vinyl Ink 35 Cheeky 5.4 Ml,Beauty,EGP 648.00,EGP 690.00,,4.4,(5.8K),In Stock,https://m.media-amazon.com/images/I/41N7HjR5xJL._AC_UL320_.jpg,https://www.amazon.eg/dp/B09NQG78ND,2026-06-02T08:02:20.332271
amazon,B09WDRFSLN,Product B09WDRFSLN,Effaclar H 40Ml,Beauty,EGP 846.40,EGP 939.00,,4.6,(2.5K),In Stock,https://m.media-amazon.com/images/I/61QVD9C-ZCL._AC_UL320_.jpg,https://www.amazon.eg/dp/B09WDRFSLN,2026-06-02T08:02:20.336145
amazon,B07RTQ4VM7,Product B07RTQ4VM7,"Afnan 9 Pm For Men Eau De Parfum, 100Ml",Beauty,"EGP 1,905.99","EGP 2,200.00",,4.5,(26.3K),In Stock,https://m.media-amazon.com/images/I/41ZQdV659VL._AC_UL320_.jpg,https://www.amazon.eg/dp/B07RTQ4VM7,2026-06-02T08:02:21.192203
amazon,B0CLYRQ2MG,Product B0CLYRQ2MG,"Eucerin Even Pigment Perfector Eye Corrector Dark Circle Illuminating Eye Care Cream, for Immediately Fresh and Awake Look & Reduction on Dark Circles with Thiamidol, Effective in 2 Weeks, 15ml",Beauty,"EGP 1,649.97",,,4.0,(102),In Stock,https://m.media-amazon.com/images/I/71pBs9ly3+L._AC_UL320_.jpg,https://www.amazon.eg/dp/B0CLYRQ2MG,2026-06-02T08:02:21.196010
amazon,B00M3IFUMK,Product B00M3IFUMK,ARMAF CLUB DE NUIT INTENSE (M) EDT 105ML,Beauty,"EGP 1,680.00","EGP 2,838.00",,3.9,(73.5K),In Stock,https://m.media-amazon.com/images/I/61ZDTqUgx6L._AC_UL320_.jpg,https://www.amazon.eg/dp/B00M3IFUMK,2026-06-02T08:02:21.202178
amazon,B0918FHY6P,Product B0918FHY6P,"L’Oréal Professionnel | Absolut Repair Oil multi-benefit leave in treatment | For dry and damaged hair | | Repairs & Hydrates Dry, Damaged Hair | With Protein and Gold Quinoa | SERIE EXPERT | 90ml",Beauty,"EGP 1,263.55","EGP 1,383.12",,4.6,(19K),In Stock,https://m.media-amazon.com/images/I/51JIqYKSSdL._AC_UL320_.jpg,https://www.amazon.eg/dp/B0918FHY6P,2026-06-02T08:02:21.212770
amazon,B0DXVRDG3H,Product B0DXVRDG3H,Braun Silk-épil 3 3-000 Epilator - Purple,Beauty,"EGP 1,995.00","EGP 2,498.00",,4.1,(27),In Stock,https://m.media-amazon.com/images/I/41aGV-DGRiL._AC_UL320_.jpg,https://www.amazon.eg/dp/B0DXVRDG3H,2026-06-02T08:02:21.216392
amazon,B0BJFLVCZK,Product B0BJFLVCZK,Cicaplast Baume 100Ml,Beauty,"EGP 1,323.90",,,4.7,(4.5K),In Stock,https://m.media-amazon.com/images/I/611C3QEv7ML._AC_UL320_.jpg,https://www.amazon.eg/dp/B0BJFLVCZK,2026-06-02T08:02:21.219746
amazon,B07PBXW3S9,Product B07PBXW3S9,Philips Essential Care BHC010/10 hair dryer Black 1200 W,Beauty,"EGP 1,170.00","EGP 1,239.00",,4.5,(11.2K),In Stock,https://m.media-amazon.com/images/I/61IL8SeIL4L._AC_UL320_.jpg,https://www.amazon.eg/dp/B07PBXW3S9,2026-06-02T08:02:21.223686
amazon,B0B92Y18GT,Product B0B92Y18GT,Lattafa Unisex Khamrah EDP 100 ml,Beauty,,,,4.4,(35.6K),In Stock,https://m.media-amazon.com/images/I/61lIaaNDDqL._AC_UL320_.jpg,https://www.amazon.eg/dp/B0B92Y18GT,2026-06-02T08:02:21.225974
amazon,B0CGRQ1K6F,Product B0CGRQ1K6F,"L’Oréal Professionnel | Absolut Repair Molecular Leave-In-Mask, Repair Damage & Restore Strength, Heat Protectant For Hair, For All Damaged Hair Types, SERIE EXPERT, 100ml",Beauty,"EGP 1,134.62",,,4.2,(345),In Stock,https://m.media-amazon.com/images/I/51GmQvJGEaL._AC_UL320_.jpg,https://www.amazon.eg/dp/B0CGRQ1K6F,2026-06-02T08:02:21.229359
amazon,B0GWYCKLYM,Product B0GWYCKLYM,"VGR IPX7 Professional Hair Trimmer Kit, 14-in-1 Waterproof Grooming Set with Metal Design, 150-Min Runtime, 7000 RPM Motor, Digital Display, USB Charging, Stand",Beauty,,,,4.0,(7),In Stock,https://m.media-amazon.com/images/I/71nHqIlBGKL._AC_UL320_.jpg,https://www.amazon.eg/dp/B0GWYCKLYM,2026-06-02T08:02:21.231678
amazon,B0C2J8DQC1,Product B0C2J8DQC1,"PHILIPS OneBlade Trimmer and Scraper with 3 Combs, Waterproof, Bivolt - QP2724/10",Beauty,"EGP 1,879.00",,,4.7,(11.8K),In Stock,https://m.media-amazon.com/images/I/61UruNMFWsL._AC_UL320_.jpg,https://www.amazon.eg/dp/B0C2J8DQC1,2026-06-02T08:02:21.235013
amazon,B0DL92QM79,Product B0DL92QM79,Anua Niacinamide 10% and TXA 4% Dark Spot Correcting Serum 30 ml,Beauty,,,,4.4,(2.7K),In Stock,https://m.media-amazon.com/images/I/61odQWUlZiL._AC_UL320_.jpg,https://www.amazon.eg/dp/B0DL92QM79,2026-06-02T08:02:21.241123
amazon,B07YV48XHP,Product B07YV48XHP,Babyliss 6704E Power Pro Hair Dryer,Beauty,"EGP 1,999.00",,,4.4,(400),In Stock,https://m.media-amazon.com/images/I/51Z+hL3kMKL._AC_UL320_.jpg,https://www.amazon.eg/dp/B07YV48XHP,2026-06-02T08:02:21.248683
amazon,B074V1PHPD,Product B074V1PHPD,Philips HC3100/13 Series 3000 Head And Face Hair Clipper With Stainless Steel Blades,Beauty,"EGP 1,565.00","EGP 2,622.00",,4.2,(1.5K),In Stock,https://m.media-amazon.com/images/I/61aeNJw6f7L._AC_UL320_.jpg,https://www.amazon.eg/dp/B074V1PHPD,2026-06-02T08:02:21.252557
amazon,B0F5BHXKDR,Product B0F5BHXKDR,Rasasi Hawas Black Eau De Parfum For Men 100ml,Beauty,"EGP 1,500.00","EGP 1,560.00",,4.2,(609),In Stock,https://m.media-amazon.com/images/I/41cO9MoyRFL._AC_UL320_.jpg,https://www.amazon.eg/dp/B0F5BHXKDR,2026-06-02T08:02:21.260674
amazon,B09716YCGX,Product B09716YCGX,"L’Oréal Professionnel | Metal Detox Mask | For Soft & Shiny looking hair | For Colored, Damaged & All Hair Types | Hard Water-Resistant | With Glicoamine | SERIE EXPERT | 250ml",Beauty,"EGP 1,375.00","EGP 1,587.56",,4.6,(7.1K),In Stock,https://m.media-amazon.com/images/I/61TxvkgnVML._AC_UL320_.jpg,https://www.amazon.eg/dp/B09716YCGX,2026-06-02T08:02:21.264557
amazon,B0968VX473,Product B0968VX473,L’Oréal Professionnel | Pro Longer Mask | Reduces Breakage & Appearance of Split Ends | With Filler-A100 and Amino Acid | For Long Hair with Thinned Ends | SERIE EXPERT | 250ml,Beauty,"EGP 1,164.27",,,4.6,(1.2K),In Stock,https://m.media-amazon.com/images/I/51XSa5cWYCL._AC_UL320_.jpg,https://www.amazon.eg/dp/B0968VX473,2026-06-02T08:02:21.267902
amazon,B000MQXEFU,Product B000MQXEFU,Jaguar classic black eau de toilette spray 3.4 oz/ 100 ml for men by 3.4 fl oz,Beauty,"EGP 1,237.00",,,3.9,(1.3K),In Stock,https://m.media-amazon.com/images/I/61EEQLO6y9L._AC_UL320_.jpg,https://www.amazon.eg/dp/B000MQXEFU,2026-06-02T08:02:21.271708
amazon,B00M9B66BU,Product B00M9B66BU,Revlon Uniq One Leave-In Original 150Ml,Beauty,"EGP 1,339.00",,,4.6,(63.8K),In Stock,https://m.media-amazon.com/images/I/81VQ94w3cKL._AC_UL320_.jpg,https://www.amazon.eg/dp/B00M9B66BU,2026-06-02T08:02:21.275519
amazon,B0DJ7HGP8J,Product B0DJ7HGP8J,"Rush Brush 2500W D2 PRO Hair Dryer, Black",Beauty,"EGP 1,998.98",,,4.2,(51),In Stock,https://m.media-amazon.com/images/I/51kdO-mLp2L._AC_UL320_.jpg,https://www.amazon.eg/dp/B0DJ7HGP8J,2026-06-02T08:02:21.279298
amazon,B07BCCRWVT,Product B07BCCRWVT,"L’Oréal Professionnel | Metal Detox Shampoo | Sulfate-Free | For Soft & Shiny looking hair | For Colored, Damaged & All Hair Types | Hard Water-Resistant | With Glicoamine | SERIE EXPERT | 300ml",Beauty,"EGP 1,081.76",,,4.6,(9.1K),In Stock,https://m.media-amazon.com/images/I/61r7hDBvlIL._AC_UL320_.jpg,https://www.amazon.eg/dp/B07BCCRWVT,2026-06-02T08:02:21.282648
amazon,B097J8DRV1,Product B097J8DRV1,L'Oréal Professionnel Série Expert Absolut Repair Omega 9 & Protein Shampoo 500ml,Beauty,"EGP 1,121.73",,,4.6,(3.4K),In Stock,https://m.media-amazon.com/images/I/51Pv5qOPNbL._AC_UL320_.jpg,https://www.amazon.eg/dp/B097J8DRV1,2026-06-02T08:02:21.286493
amazon,B0DS9MDL68,Product B0DS9MDL68,"The Ordinary Glycolic Acid 7% Exfoliating Toner, 240Ml - White",Beauty,"EGP 1,099.90","EGP 1,274.00",,4.4,(6),In Stock,https://m.media-amazon.com/images/I/51UGmei+qDL._AC_UL320_.jpg,https://www.amazon.eg/dp/B0DS9MDL68,2026-06-02T08:02:21.290233
amazon,B00IYQD5I6,Product B00IYQD5I6,Capital Soleil Tt Dry Touch 50Ml,Beauty,,,,4.4,(1.5K),In Stock,https://m.media-amazon.com/images/I/41tXkla0KVS._AC_UL320_.jpg,https://www.amazon.eg/dp/B00IYQD5I6,2026-06-02T08:02:21.292514
amazon,B0CKNGQ5FD,Product B0CKNGQ5FD,"VGR V-733 Professional Ladies Grooming Kit,Epilator for women for full body grooming| 6 in 1 lady care set,LED Display,90min Runtime &600mAh Lithium Battery with IPX 7 Waterproof (Green)",Beauty,"EGP 1,199.00",,,3.6,(38),In Stock,https://m.media-amazon.com/images/I/61O0OecPHsL._AC_UL320_.jpg,https://www.amazon.eg/dp/B0CKNGQ5FD,2026-06-02T08:02:21.295555
amazon,B0D8W1YVBX,Product B0D8W1YVBX,Eqqual Berry Deep Cera Vitamin Illuminating Serum 30Ml,Beauty,"EGP 1,050.00","EGP 1,110.30",,4.3,(12.5K),In Stock,https://m.media-amazon.com/images/I/614vlOIc8YL._AC_UL320_.jpg,https://www.amazon.eg/dp/B0D8W1YVBX,2026-06-02T08:02:21.299268
amazon,B0F2N18FZ7,Product B0F2N18FZ7,Lattafa Khamrah Dukhan Edp 100Ml,Beauty,"EGP 1,427.71","EGP 1,550.00",,4.5,(2.1K),In Stock,https://m.media-amazon.com/images/I/61SMft5FW+L._AC_UL320_.jpg,https://www.amazon.eg/dp/B0F2N18FZ7,2026-06-02T08:02:21.303156
amazon,B0FJYPJLYC,Product B0FJYPJLYC,"La Roche-Posay UV Air Sunscreen Serum SPF 50, Sun Protection for Face with Niacinamide & Hyaluronic Acid, Lightweight Sunscreen SPF 50, Hydrating & Fast-Absorbing",Beauty,"EGP 1,016.25",,,4.4,(101),In Stock,https://m.media-amazon.com/images/I/61FIrzjM7YL._AC_UL320_.jpg,https://www.amazon.eg/dp/B0FJYPJLYC,2026-06-02T08:02:21.306991
amazon,B0FGQ3J31K,Product B0FGQ3J31K,"EQQUALBERRY NAD+ Peptide Boosting Smoothie Serum 30ml | Rejuvenating Facial Serum with NAD+, Peptides & Antioxidants for Firmness, Radiance & Hydration",Beauty,"EGP 1,099.00","EGP 1,755.00",,4.4,(2.9K),In Stock,https://m.media-amazon.com/images/I/61r4soAaZcL._AC_UL320_.jpg,https://www.amazon.eg/dp/B0FGQ3J31K,2026-06-02T08:02:21.311412
amazon,B06XX3PBLW,Product B06XX3PBLW,L'Oréal Paris Professionnel VA16 Absolut Repair Molecular Restoring Leave-in Mask Sachet 10 ml,Beauty,"EGP 1,140.00",,,4.0,(20),In Stock,https://m.media-amazon.com/images/I/51Xon1-m8JL._AC_UL320_.jpg,https://www.amazon.eg/dp/B06XX3PBLW,2026-06-02T08:02:21.314760
amazon,B0D3D9BL44,Product B0D3D9BL44,"VGR 906 Fresh Fade Professional Hair Trimmer, 9000rpm Zero Gapped Beard Trimmer for Men, DLC T-Blade Cordless Hair Clipper for Barbers and USB Rechargeable, Green",Beauty,"EGP 1,283.40",,,4.4,(523),In Stock,https://m.media-amazon.com/images/I/714GiOdq2dL._AC_UL320_.jpg,https://www.amazon.eg/dp/B0D3D9BL44,2026-06-02T08:02:21.318497
amazon,B0CJ9NTLMH,Product B0CJ9NTLMH,"L’Oréal Professionnel | Absolut Repair Molecular Hair Rinse-off Serum, Repair Damage & Restore Strength, Deep molecular repair & Instant Transformation, For All Damaged Hair Types, SERIE EXPERT, 250ml",Beauty,"EGP 1,353.81",,,4.0,(353),In Stock,https://m.media-amazon.com/images/I/51m9Slm4k5L._AC_UL320_.jpg,https://www.amazon.eg/dp/B0CJ9NTLMH,2026-06-02T08:02:21.321849
amazon,B0CJ5FPMN3,Product B0CJ5FPMN3,"Maybelline New York Mascara Lash Sensational Sky High Volumizing and Thickening Eyelash Lengthening. Flake Free Formula, Mascara Burgundy Haze",Beauty,,,,4.2,(4.7K),In Stock,https://m.media-amazon.com/images/I/61e0LomkR2L._AC_UL320_.jpg,https://www.amazon.eg/dp/B0CJ5FPMN3,2026-06-02T08:02:21.324141
amazon,B0824MVHRR,Product B0824MVHRR,Philips OneBlade Original Replacement Blade 3 Piece,Beauty,"EGP 1,794.43",,,4.8,(2.3K),In Stock,https://m.media-amazon.com/images/I/61R1hRBFHbL._AC_UL320_.jpg,https://www.amazon.eg/dp/B0824MVHRR,2026-06-02T08:02:21.327491
amazon,B0B74RF8N9,Product B0B74RF8N9,Cerave Moisturizing Lotion 16Oz,Beauty,"EGP 1,051.00",,,4.6,(117),In Stock,https://m.media-amazon.com/images/I/41Qz01fP1IL._AC_UL320_.jpg,https://www.amazon.eg/dp/B0B74RF8N9,2026-06-02T08:02:21.330772
amazon,B0DJPD4TKR,Product B0DJPD4TKR,VGR Male V-103 8-In-1 Face Hair Body&Private Parts Multi Grooming Kit Hair Trimmer Beard Trimmer Ear&Nose Trimmer Head Shaver Full Body Grooming Kit Metal Body IPX6 With Travel Pouch Runtime 180 Mins,Beauty,"EGP 1,180.00","EGP 1,250.00",,3.9,(24),In Stock,https://m.media-amazon.com/images/I/51iJd0WoTtL._AC_UL320_.jpg,https://www.amazon.eg/dp/B0DJPD4TKR,2026-06-02T08:02:21.335049
amazon,B0012KOQNY,Product B0012KOQNY,"Eucerin Hyaluron-Filler Day Cream SPF15 for Dry Skin, 50ml",Beauty,"EGP 1,128.97","EGP 1,379.00",,4.5,(705),In Stock,https://m.media-amazon.com/images/I/51j0sVehxSL._AC_UL320_.jpg,https://www.amazon.eg/dp/B0012KOQNY,2026-06-02T08:02:21.339380
amazon,B0D1G7XF9X,Product B0D1G7XF9X,medicube Zero Pore Blackhead Mud Mask 100g,Beauty,"EGP 1,147.99","EGP 1,861.00",,4.5,(5K),In Stock,https://m.media-amazon.com/images/I/71MV5+RNA+L._AC_UL320_.jpg,https://www.amazon.eg/dp/B0D1G7XF9X,2026-06-02T08:02:21.343443
amazon,B0CGRD1BBM,Product B0CGRD1BBM,L’Oréal Professionnel | Absolut Repair Molecular Shampoo | Sulfate-Free | Deep Molecular Repair & Instant Transformation | For All Damaged Hair Types | SERIE EXPERT | 300ml,Beauty,"EGP 1,081.76","EGP 1,184.15",,4.2,(685),In Stock,https://m.media-amazon.com/images/I/51GIl63-YzL._AC_UL320_.jpg,https://www.amazon.eg/dp/B0CGRD1BBM,2026-06-02T08:02:21.347263
amazon,B0FX418XT8,Product B0FX418XT8,Arencia Vitamin C Booster Shot 30 ml,Beauty,,,,4.3,(1.2K),In Stock,https://m.media-amazon.com/images/I/51CF4EwEADL._AC_UL320_.jpg,https://www.amazon.eg/dp/B0FX418XT8,2026-06-02T08:02:21.349530
amazon,B0CX26NBS7,Product B0CX26NBS7,Anthelios Body Spray Kids 200Ml,Beauty,"EGP 1,276.00",,,4.5,(452),In Stock,https://m.media-amazon.com/images/I/410zHDq4S3L._AC_UL320_.jpg,https://www.amazon.eg/dp/B0CX26NBS7,2026-06-02T08:02:21.353338
amazon,B017XWW5EG,Product B017XWW5EG,Shahra for men eau de parfum by Rasasi 90ml,Beauty,"EGP 1,475.00","EGP 1,489.95",,4.2,(5.1K),In Stock,https://m.media-amazon.com/images/I/61YgyuedVCL._AC_UL320_.jpg,https://www.amazon.eg/dp/B017XWW5EG,2026-06-02T08:02:21.358578
amazon,B000GHWSG6,Product B000GHWSG6,Calvin Klein Euphoria Eau De Parfum For Women - 100 Ml,Beauty,"EGP 3,260.00",,,4.6,(15.3K),In Stock,https://m.media-amazon.com/images/I/51w51QbpBcL._AC_UL320_.jpg,https://www.amazon.eg/dp/B000GHWSG6,2026-06-02T08:02:22.261551
amazon,B0DP6HXJNH,Product B0DP6HXJNH,ARMAF ISLAND BLISS DELIGHT 100ML,Beauty,"EGP 2,495.99","EGP 3,400.00",,4.5,(199),In Stock,https://m.media-amazon.com/images/I/51EHM9KxDVL._AC_UL320_.jpg,https://www.amazon.eg/dp/B0DP6HXJNH,2026-06-02T08:02:22.272334
amazon,B0D4VB3LL9,Product B0D4VB3LL9,Philips BG3007/01 Cordless Showerproof New Body Trimmer for Men | Body Groomer with Skin Protect Technology | Ideal for all Body Areas & Private Part | Skin Friendly Body & Groin Shaver,Beauty,"EGP 2,769.00",,,4.0,(1.1K),In Stock,https://m.media-amazon.com/images/I/71jjGF7fDkL._AC_UL320_.jpg,https://www.amazon.eg/dp/B0D4VB3LL9,2026-06-02T08:02:22.278950
amazon,B07FSBH6XY,Product B07FSBH6XY,"Philips StyleCare Essential Heated Straightening Brush, Smooth, Shiny, Frizz-Free Hair, Extra Large Brush Area, ThermoProtect Technology, Tourmaline Ceramic Coating – BHH880/00",Beauty,"EGP 3,200.00","EGP 3,999.00",,4.3,(13.2K),In Stock,https://m.media-amazon.com/images/I/613YQhPkFuL._AC_UL320_.jpg,https://www.amazon.eg/dp/B07FSBH6XY,2026-06-02T08:02:22.283673
amazon,B0BQN79PH9,Product B0BQN79PH9,"Philips Norelco Multigroom Series 5000 18 Piece, Beard Face, Hair, Body and Intimate Hair Trimmer for Men – NO Blade Oil MG5910/49",Beauty,"EGP 3,699.00",,,4.6,(6.6K),In Stock,https://m.media-amazon.com/images/I/81FIedn+trL._AC_UL320_.jpg,https://www.amazon.eg/dp/B0BQN79PH9,2026-06-02T08:02:22.290761
amazon,B0BJLF1Q7T,Product B0BJLF1Q7T,Braun Face Mini Hair Remover FS1000 With Smartlight - White,Beauty,"EGP 2,099.00","EGP 2,941.00",,4.7,(9),In Stock,https://m.media-amazon.com/images/I/61Uk9EJFKeL._AC_UL320_.jpg,https://www.amazon.eg/dp/B0BJLF1Q7T,2026-06-02T08:02:22.294637
amazon,B0CQRX2KHZ,Product B0CQRX2KHZ,"Braun Silk-épil 3, Wired epilator for Hair Removal, attachments for Razors, Trimmer and Massage for Body, 3-202, Raspberry",Beauty,"EGP 2,638.00",,,4.2,(333),In Stock,https://m.media-amazon.com/images/I/71CxuhMVbAL._AC_UL320_.jpg,https://www.amazon.eg/dp/B0CQRX2KHZ,2026-06-02T08:02:22.297825
amazon,B0DHGC6GLL,Product B0DHGC6GLL,"Braun Silk-épil 3 – 3-000 Women’s Epilator, Corded Hair Removal with 20 Tweezers and SmartLight, Smooth Skin for Up to 4 Weeks, Ergonomic Design, Purple – SE3000",Beauty,"EGP 2,049.75",,,4.4,(154),In Stock,https://m.media-amazon.com/images/I/61aS1znZWyL._AC_UL320_.jpg,https://www.amazon.eg/dp/B0DHGC6GLL,2026-06-02T08:02:22.300933
amazon,B0FK24JNNZ,Product B0FK24JNNZ,PHILIPS Body Trimmer For Men | Skin Safe Grooming for intimate areas | Removes Back Hair | Advance close shave with triple protect shave system | Patented Pearl Tips | 100 Min Runtime I BG5475/15,Beauty,"EGP 4,799.00",,,4.1,(292),In Stock,https://m.media-amazon.com/images/I/71iNdHgImDL._AC_UL320_.jpg,https://www.amazon.eg/dp/B0FK24JNNZ,2026-06-02T08:02:22.304295
amazon,B004O24Q8W,Product B004O24Q8W,Gucci Guilty EDT Men 90ml,Beauty,"EGP 4,062.50",,,4.7,(5.6K),In Stock,https://m.media-amazon.com/images/I/51kb-pDBxSL._AC_UL320_.jpg,https://www.amazon.eg/dp/B004O24Q8W,2026-06-02T08:02:22.307490
amazon,B0CQCL4SK5,Product B0CQCL4SK5,"Philips Shaver 1000 Series Wet & Dry Electric Shaver S1151/00, 2 Years Warranty",Beauty,"EGP 2,140.49","EGP 2,297.10",,4.4,(4K),In Stock,https://m.media-amazon.com/images/I/518fhZlCsFL._AC_UL320_.jpg,https://www.amazon.eg/dp/B0CQCL4SK5,2026-06-02T08:02:22.311923
amazon,B0CG26X7SX,Product B0CG26X7SX,"Braun 9-in-1 Style Kit 5 MGK5420 Beard, Body, Ear & Nose. With 100-min Runtime, Pouch - Black/Grey",Beauty,"EGP 4,459.46",,,4.2,(83),In Stock,https://m.media-amazon.com/images/I/91bEjKX8aHL._AC_UL320_.jpg,https://www.amazon.eg/dp/B0CG26X7SX,2026-06-02T08:02:22.315761
amazon,B07MVYFFRP,Product B07MVYFFRP,"Sorciere Intensive Care Hair Lotion, 160 ml",Beauty,"EGP 2,188.90",,,4.3,(85),In Stock,https://m.media-amazon.com/images/I/71QLZ07x1RL._AC_UL320_.jpg,https://www.amazon.eg/dp/B07MVYFFRP,2026-06-02T08:02:22.319251
amazon,B098XSQC9H,Product B098XSQC9H,"BaByliss Italian Air Pro 2200W Professional Hair Dryer AC Motor, Ionic Technology Salon Blow Dryer Made in Italy, 2 Speed & 2 Heat Settings, Diffuser & Concentrator Nozzles, Black/Grey - 6719DE",Beauty,"EGP 2,387.77","EGP 3,000.00",,4.5,(1.7K),In Stock,https://m.media-amazon.com/images/I/51561iHIb4L._AC_UL320_.jpg,https://www.amazon.eg/dp/B098XSQC9H,2026-06-02T08:02:22.323079
amazon,B07KXMYLMG,Product B07KXMYLMG,"TopDirect Dr.pen Ultima A6 Rechargeable Electric Microneedle Derma Pen with 2 Pcs 12PIN Needle Cartridges for Hair Loss, Scars, Acne Micro Needles, 0.25-2.5mm Adjustable",Beauty,"EGP 2,199.00",,,3.7,(447),In Stock,https://m.media-amazon.com/images/I/61iG9Z9GlzS._AC_UL320_.jpg,https://www.amazon.eg/dp/B07KXMYLMG,2026-06-02T08:02:22.326905
amazon,B0DHGP6PYC,Product B0DHGP6PYC,"Braun Silk-épil 3 SE 3-032 Epilator, Removes Even Short Hairs From The Root, 20 MicroGrip Tweezers, Non-Stop Corded Epilator, Smart Light, Bikini Styler, Shaver Head, Trimmer Cap Included - Pink",Beauty,"EGP 2,560.00","EGP 2,570.00",,4.5,(34),In Stock,https://m.media-amazon.com/images/I/61kcsiBUoZL._AC_UL320_.jpg,https://www.amazon.eg/dp/B0DHGP6PYC,2026-06-02T08:02:22.331629
amazon,B0FMQHQ74J,Product B0FMQHQ74J,Tornado Hair Expert - Nano gold 2024,Beauty,"EGP 2,200.00",,,4.6,(23),In Stock,https://m.media-amazon.com/images/I/71zB4L-syKL._AC_UL320_.jpg,https://www.amazon.eg/dp/B0FMQHQ74J,2026-06-02T08:02:22.334912
amazon,B000C213ZM,Product B000C213ZM,GUY LAROCHE DRAKKAR NOIR (M) EDT 200ML,Beauty,"EGP 2,549.98",,,4.6,(17.6K),In Stock,https://m.media-amazon.com/images/I/61+kcOvxc0L._AC_UL320_.jpg,https://www.amazon.eg/dp/B000C213ZM,2026-06-02T08:02:22.338641
amazon,B0CLX1HQ17,Product B0CLX1HQ17,"Philips Norelco Multi Groomer All-in-One Trimmer Series 3000-13 Piece Mens Grooming Kit for Beard, Face, Nose, Ear Hair Trimmer and Hair Clipper - NO Blade Oil Needed, MG3740/40",Beauty,"EGP 2,850.00",,,4.4,(20.4K),In Stock,https://m.media-amazon.com/images/I/71bWxaMPvML._AC_UL320_.jpg,https://www.amazon.eg/dp/B0CLX1HQ17,2026-06-02T08:02:22.341921
amazon,B000P22TRU,Product B000P22TRU,"Calvin Klein Euphoria for Men - Eau de Toilette, 100ml",Beauty,"EGP 2,121.00",,,4.3,(3.9K),In Stock,https://m.media-amazon.com/images/I/61SDE5wqXiL._AC_UL320_.jpg,https://www.amazon.eg/dp/B000P22TRU,2026-06-02T08:02:22.345237
amazon,B08F4Y4L36,Product B08F4Y4L36,"BabyLiss Brush, Hot Air Styler Hair Dryer 1000W, 4-in-1 Multi-function for Quick Drying, Straightening, and Curling Hair - AS960E, 1000W",Beauty,"EGP 3,834.20","EGP 4,362.00",,4.2,(2.5K),In Stock,https://m.media-amazon.com/images/I/81hFDnFUYsL._AC_UL320_.jpg,https://www.amazon.eg/dp/B08F4Y4L36,2026-06-02T08:02:22.349496
amazon,B08WJLCXCK,Product B08WJLCXCK,CHI Enviro American Smoothing Treatment Virgin/ Resistant Hair / 355 ML 12 oz.,Beauty,"EGP 4,559.98","EGP 4,795.00",,4.0,(43),In Stock,https://m.media-amazon.com/images/I/41oerRL3ziL._AC_UL320_.jpg,https://www.amazon.eg/dp/B08WJLCXCK,2026-06-02T08:02:22.353755
amazon,B0F59W4FL6,Product B0F59W4FL6,Afnan Historic Sahara Extrait De Parfum 100Ml,Beauty,"EGP 2,509.90","EGP 2,800.00",,4.3,(193),In Stock,https://m.media-amazon.com/images/I/614j4OkQOwL._AC_UL320_.jpg,https://www.amazon.eg/dp/B0F59W4FL6,2026-06-02T08:02:22.357622
amazon,B0FPMJ4CTQ,Product B0FPMJ4CTQ,"Philips 3000 Series Body Groomer,Triple Protect shave system,Click-on combs 2,3,5 for trimming hair,travel pouch-BG3485/15",Beauty,"EGP 3,650.00",,,3.7,(83),In Stock,https://m.media-amazon.com/images/I/71eOiLoGoDL._AC_UL320_.jpg,https://www.amazon.eg/dp/B0FPMJ4CTQ,2026-06-02T08:02:22.360967
amazon,B0CXWR771G,Product B0CXWR771G,"VGR 001 Professional Hair Clippers for Men, Cordless Barber Clippers for Hair Cutting, Carbon Steel Blade Hair Trimmers for Barbers, 9000RPM, LED Display, Black",Beauty,"EGP 2,709.45","EGP 2,890.00",,4.6,(382),In Stock,https://m.media-amazon.com/images/I/71gXfKFuJlL._AC_UL320_.jpg,https://www.amazon.eg/dp/B0CXWR771G,2026-06-02T08:02:22.365297
amazon,B0C289HC3M,Product B0C289HC3M,Philips S5887/10 Series 5000 Wet & Dry Razor,Beauty,"EGP 4,415.00","EGP 6,372.60",,4.4,(610),In Stock,https://m.media-amazon.com/images/I/81tBTVDXRrL._AC_UL320_.jpg,https://www.amazon.eg/dp/B0C289HC3M,2026-06-02T08:02:22.369061
amazon,B000ARDBH2,Product B000ARDBH2,"Guess pink by guess for women - eau de parfum, 75ml",Beauty,,,,4.4,(10.1K),In Stock,https://m.media-amazon.com/images/I/71wRxPJxJ2L._AC_UL320_.jpg,https://www.amazon.eg/dp/B000ARDBH2,2026-06-02T08:02:22.371301
amazon,B0D5J3FPFW,Product B0D5J3FPFW,"Kérastase | Elixir Ultime, L'Huile Originale Refillable Hair Oil | Versatile Leave-In Oil to Smooth Frizz & Add Shine | For All Hair Types | 75ml",Beauty,"EGP 2,732.80",,,4.6,(77),In Stock,https://m.media-amazon.com/images/I/61hc02RlMtL._AC_UL320_.jpg,https://www.amazon.eg/dp/B0D5J3FPFW,2026-06-02T08:02:22.374613
amazon,B0BKZY6YWT,Product B0BKZY6YWT,CLUB DE NUIT URBAN MAN ELIXIR 105ML,Beauty,,,,4.5,(3K),In Stock,https://m.media-amazon.com/images/I/51wO5z+RXZL._AC_UL320_.jpg,https://www.amazon.eg/dp/B0BKZY6YWT,2026-06-02T08:02:22.376853
amazon,B0D2DKGQY5,Product B0D2DKGQY5,Epilator Braun SE3000,Beauty,"EGP 2,228.90",,,4.5,(75),In Stock,https://m.media-amazon.com/images/I/71KgxljifZL._AC_UL320_.jpg,https://www.amazon.eg/dp/B0D2DKGQY5,2026-06-02T08:02:22.380188
amazon,B077R54PZ5,Product B077R54PZ5,"Babyliss Hair Straightener, Intense Protect Diamond Ceramic, Slim 28mm, Wet and Dry, Max. Temperature 235C – International Warranty – ST327E",Beauty,"EGP 2,099.00",,,4.1,(57),In Stock,https://m.media-amazon.com/images/I/51IS7PO2roL._AC_UL320_.jpg,https://www.amazon.eg/dp/B077R54PZ5,2026-06-02T08:02:22.383502
amazon,B0CQCTSGXR,Product B0CQCTSGXR,"Philips 11 in 1 Trimmer Series 5000 MG5930/15, 2Years Warranty",Beauty,"EGP 3,050.00",,,4.0,(191),In Stock,https://m.media-amazon.com/images/I/61elrg5h+aL._AC_UL320_.jpg,https://www.amazon.eg/dp/B0CQCTSGXR,2026-06-02T08:02:22.387271
amazon,B00CP7A1BY,Product B00CP7A1BY,"Bentley intense for men - eau de parfum, 100ml",Beauty,"EGP 2,350.00",,,4.1,(9.5K),In Stock,https://m.media-amazon.com/images/I/71zgfhBptTL._AC_UL320_.jpg,https://www.amazon.eg/dp/B00CP7A1BY,2026-06-02T08:02:22.390596
amazon,B0BHD8BNTN,Product B0BHD8BNTN,"Braun All-in-one Trimmer 7 MGK7331, 10-in-1 Beard Trimmer For Men, Hair Clipper, For Face, Hair, Body",Beauty,"EGP 4,970.00","EGP 6,399.00",,4.5,(2.6K),In Stock,https://m.media-amazon.com/images/I/81ixzERtVSL._AC_UL320_.jpg,https://www.amazon.eg/dp/B0BHD8BNTN,2026-06-02T08:02:22.394637
amazon,B00NC6W5A2,Product B00NC6W5A2,Guess gold eau de parfum for women 75ml,Beauty,,,,4.4,(2K),In Stock,https://m.media-amazon.com/images/I/51r7z-b1IJL._AC_UL320_.jpg,https://www.amazon.eg/dp/B00NC6W5A2,2026-06-02T08:02:22.396878
amazon,B0DQWLLMBS,Product B0DQWLLMBS,"Braun All-in-One Series 3 8-in-1 Grooming Kit, Ultra Sharp Blade, 14 Lengths AIO3540, Grey",Beauty,"EGP 2,649.00","EGP 2,999.00",,4.0,(119),In Stock,https://m.media-amazon.com/images/I/71tbpkZFWGL._AC_UL320_.jpg,https://www.amazon.eg/dp/B0DQWLLMBS,2026-06-02T08:02:22.400744
amazon,B0F1DRXF7H,Product B0F1DRXF7H,Memwa Mini Eau de Toilette 30 ml - No. 107A Memoah,Beauty,"EGP 3,816.07","EGP 3,962.57",,4.3,(87),In Stock,https://m.media-amazon.com/images/I/814KGF6qIqL._AC_UL320_.jpg,https://www.amazon.eg/dp/B0F1DRXF7H,2026-06-02T08:02:22.404588
amazon,B0GL2DMSM1,Product B0GL2DMSM1,Assaf Glitch 150 Ml,Beauty,"EGP 2,985.00","EGP 4,500.00",,4.0,(1),In Stock,https://m.media-amazon.com/images/I/41HfHc0tURL._AC_UL320_.jpg,https://www.amazon.eg/dp/B0GL2DMSM1,2026-06-02T08:02:22.408352
amazon,B09NYD73N4,Product B09NYD73N4,"Philips 5000 Series Hair Straightener with ThermoShield Technology, Mauve [Model BHS530/00] Pink",Beauty,"EGP 4,400.00",,,4.5,(828),In Stock,https://m.media-amazon.com/images/I/510-+hyPNEL._AC_UL320_.jpg,https://www.amazon.eg/dp/B09NYD73N4,2026-06-02T08:02:22.411668
amazon,B09B81NKPF,Product B09B81NKPF,BaByliss Keratin Shine 2-in-1 Hair Straightener | Keratin Ceramic Coated Plates | Digital Temperature Display | 6 Adjustable Heat Settings (140°C - 230°C) | 30-Second Heat-Up | (ST335AE),Beauty,"EGP 2,575.00","EGP 2,673.00",,4.1,(71),In Stock,https://m.media-amazon.com/images/I/61Nev4hXhpL._AC_UL320_.jpg,https://www.amazon.eg/dp/B09B81NKPF,2026-06-02T08:02:22.415510
amazon,B08J4NMBL2,Product B08J4NMBL2,"Braun Face Mini hair Remover FS1000 with Smartlight, White",Beauty,"EGP 2,299.00",,,4.3,(36.2K),In Stock,https://m.media-amazon.com/images/I/61+QL5xKFaL._AC_UL320_.jpg,https://www.amazon.eg/dp/B08J4NMBL2,2026-06-02T08:02:22.418658
amazon,B01FY57E3G,Product B01FY57E3G,"Montblanc legend for men - eau de toilette, 200 ml",Beauty,"EGP 4,030.00",,,4.6,(3.5K),In Stock,https://m.media-amazon.com/images/I/61frZf4ut2L._AC_UL320_.jpg,https://www.amazon.eg/dp/B01FY57E3G,2026-06-02T08:02:23.243682
amazon,B0CN3TNZCV,Product B0CN3TNZCV,SOL DE JANEIRO Hair & Body Fragrance Mist 240 mL,Beauty,"EGP 5,000.00",,,4.7,(2.1K),In Stock,https://m.media-amazon.com/images/I/51nYScuryUL._AC_UL320_.jpg,https://www.amazon.eg/dp/B0CN3TNZCV,2026-06-02T08:02:23.247387
amazon,B00BO8F9TE,Product B00BO8F9TE,Carolina Herrera 212 Vip (M) Edt 100Ml,Beauty,"EGP 5,000.00","EGP 5,168.00",,4.6,(101),In Stock,https://m.media-amazon.com/images/I/51EfCyAxF+L._AC_UL320_.jpg,https://www.amazon.eg/dp/B00BO8F9TE,2026-06-02T08:02:23.252514
amazon,B09WP884JV,Product B09WP884JV,SOL DE JANEIRO Collagen Boosting Beija Flor Elasti-Cream Body Cream (240 ml),Beauty,,,,4.6,(2.2K),In Stock,https://m.media-amazon.com/images/I/71fEtu0HrJL._AC_UL320_.jpg,https://www.amazon.eg/dp/B09WP884JV,2026-06-02T08:02:23.254712
amazon,B00GZ8EG8S,Product B00GZ8EG8S,ELIE SAAB LE PARFUM (W) EDP INTENSE 90ML,Beauty,"EGP 5,000.00",,,4.4,(266),In Stock,https://m.media-amazon.com/images/I/513Y0HVrpSL._AC_UL320_.jpg,https://www.amazon.eg/dp/B00GZ8EG8S,2026-06-02T08:02:23.257727
amazon,B0946Y3W79,Product B0946Y3W79,"Ted Baker Women's NICCO Vinyl Bow Washbag, Black, One Size",Beauty,"EGP 5,000.00",,,4.6,(47),In Stock,https://m.media-amazon.com/images/I/61xV5rX1XPL._AC_UL320_.jpg,https://www.amazon.eg/dp/B0946Y3W79,2026-06-02T08:02:23.260985
amazon,B0GTYC38HW,Product B0GTYC38HW,Lavée Protein Hair Straightening Kaviar and Gold Nitrate 1000ml,Beauty,,,,,(1 new offer),In Stock,https://m.media-amazon.com/images/I/41rzWiaf82L._AC_UL320_.jpg,https://www.amazon.eg/dp/B0GTYC38HW,2026-06-02T08:02:23.262863
amazon,B09HTY15JC,Product B09HTY15JC,Bvlgari Men's Terrae Essence EDP Spray 3.4oz,Beauty,"EGP 5,000.00","EGP 5,333.33",,4.5,(225),In Stock,https://m.media-amazon.com/images/I/515uEwpnSqL._AC_UL320_.jpg,https://www.amazon.eg/dp/B09HTY15JC,2026-06-02T08:02:23.266419
amazon,B0GSN24HV5,Product B0GSN24HV5,Professional Hair Dryer Adjustable Hood with Timer and Rolling Wheels for Salon Beauty Equipment,Beauty,,,,,(1 new offer),In Stock,https://m.media-amazon.com/images/I/31q2Q9D9jIL._AC_UL320_.jpg,https://www.amazon.eg/dp/B0GSN24HV5,2026-06-02T08:02:23.268295
amazon,B07XJZ1NF5,Product B07XJZ1NF5,"Braun Beard Trimmer BT3240, Beard Trimmer for Men and Hair Clipper, 39 Length Settings, Black/Blue",Beauty,,,,4.5,(618),In Stock,https://m.media-amazon.com/images/I/81hMtK4KvSL._AC_UL320_.jpg,https://www.amazon.eg/dp/B07XJZ1NF5,2026-06-02T08:02:23.270479
amazon,B01K3UU0EM,Product B01K3UU0EM,MONTBLANC Legend EDT,Beauty,,,,4.6,(298),In Stock,https://m.media-amazon.com/images/I/51ZFIKUYXyL._AC_UL320_.jpg,https://www.amazon.eg/dp/B01K3UU0EM,2026-06-02T08:02:23.272676
amazon,B0FWY2GJQJ,Product B0FWY2GJQJ,"Black Hair Dye Shampoo 3 in 1, Hair Color Shampoo for Cover Grey Hair, Natural with Herbal Ingredient for Men and Women (Black)",Beauty,"EGP 5,000.00",,,3.8,(6),In Stock,https://m.media-amazon.com/images/I/81ueDrk5tOL._AC_UL320_.jpg,https://www.amazon.eg/dp/B0FWY2GJQJ,2026-06-02T08:02:23.275766
amazon,B0872DBKYJ,Product B0872DBKYJ,Fenty Beauty by Rihanna Body Lava Body Luminizer,Beauty,"EGP 5,000.00",,,,EGP 5000.00EGP5000.00,In Stock,https://m.media-amazon.com/images/I/51vLqvQSAgL._AC_UL320_.jpg,https://www.amazon.eg/dp/B0872DBKYJ,2026-06-02T08:02:23.278537
amazon,B0D492BB1M,Product B0D492BB1M,"Cologne Organizer for Men, 3 Tier Wooden Cologne Holder Stand with Drawer Storage and Hidden Compartment, Perfume Organizer Great Gift for Men（Brown",Beauty,,,,4.8,(4),In Stock,https://m.media-amazon.com/images/I/71uSyOVBb9L._AC_UL320_.jpg,https://www.amazon.eg/dp/B0D492BB1M,2026-06-02T08:02:23.280736
amazon,B0CDVS546P,Product B0CDVS546P,"Salinity Refractometer with ATC,Saltwater Aquariums Dual Scale 0-100 PPT & Specific Gravity 1.000-1.070 Salinity Tester,for Marine Monitoring,Fish Farming,Pool Hydrometer Meter",Beauty,"EGP 5,000.00",,,5.0,(8),In Stock,https://m.media-amazon.com/images/I/61Z5d0ZfOmL._AC_UL320_.jpg,https://www.amazon.eg/dp/B0CDVS546P,2026-06-02T08:02:23.283896
amazon,B0BTD9PBWL,Product B0BTD9PBWL,Alphascience Mela Bright [C+] Serum 30ml,Beauty,"EGP 5,000.00",,,3.9,(34),In Stock,https://m.media-amazon.com/images/I/51hFOSGbtiL._AC_UL320_.jpg,https://www.amazon.eg/dp/B0BTD9PBWL,2026-06-02T08:02:23.287032
amazon,B0BRB9NRLB,Product B0BRB9NRLB,AVEDA Protein 0% formaline,Beauty,"EGP 5,000.00",,,,EGP 5000.00EGP5000.00,In Stock,https://m.media-amazon.com/images/I/41p3y-jlQCL._AC_UL320_.jpg,https://www.amazon.eg/dp/B0BRB9NRLB,2026-06-02T08:02:23.289788
amazon,B094HJBZ49,Product B094HJBZ49,C619E Babyliss Curling Iron,Beauty,,,,5.0,(1),In Stock,https://m.media-amazon.com/images/I/71Ha4iT+QkL._AC_UL320_.jpg,https://www.amazon.eg/dp/B094HJBZ49,2026-06-02T08:02:23.292002
amazon,B076BL7KNJ,Product B076BL7KNJ,Ole Henriksen Sheer Transformation Perfecting Moisturizer 1.7 oz/50 ml,Beauty,"EGP 5,000.00",,,,EGP 5000.00EGP5000.00,In Stock,https://m.media-amazon.com/images/I/81FsZqR+LRL._AC_UL320_.jpg,https://www.amazon.eg/dp/B076BL7KNJ,2026-06-02T08:02:23.295167
amazon,B0DFLKYMG6,Product B0DFLKYMG6,"Magnetic Chess Game, Fun Family Magnet Chess Game with 20pcs Stones, for Kids and Adults, Magnetic Gifts for Boys & Girls, 2-4 Players",Toys & Games,EGP 125.62,EGP 175.10,,3.5,(599),In Stock,https://m.media-amazon.com/images/I/71HqFGroRsL._AC_UL320_.jpg,https://www.amazon.eg/dp/B0DFLKYMG6,2026-06-02T08:00:44.978969
amazon,B094D42LRN,Product B094D42LRN,"PEBIRA Montessori for 1 to 3-Year-Old Boys Girls Toddlers, Wooden Sorting & Stacking Toys for Toddlers and Kids Preschool, Educational Toys, Color Recognition Shape Sorter, Learning Puzzles Gift",Toys & Games,EGP 78.50,,,4.3,(8.8K),In Stock,https://m.media-amazon.com/images/I/71U06Q9P9YL._AC_UL320_.jpg,https://www.amazon.eg/dp/B094D42LRN,2026-06-02T08:00:44.982939
amazon,B0CDHKJM39,Product B0CDHKJM39,"REZNOR 12 Colors Air Dry Magic Clay, Soft & Light DIY Clay with Sculpting Tools, Animal Decoration Accessories, Kids Art Crafts Best Gift for Boys & Girls Age 3-12 Year Old, Pack of 12",Toys & Games,EGP 39.99,EGP 48.84,,4.1,(563),In Stock,https://m.media-amazon.com/images/I/41sD5i-YxkL._AC_UL320_.jpg,https://www.amazon.eg/dp/B0CDHKJM39,2026-06-02T08:00:44.987499
amazon,B081VFXQZN,Product B081VFXQZN,Other Soft Plastic Ocean Ball Toys - 50 Pieces,Toys & Games,EGP 111.00,,,3.7,(312),In Stock,https://m.media-amazon.com/images/I/71SpB2aOfpL._AC_UL320_.jpg,https://www.amazon.eg/dp/B081VFXQZN,2026-06-02T08:00:44.991537
amazon,B0GKX5JJNK,Product B0GKX5JJNK,KIDSZONE Motion‑Activated Web Shooter Gloves – Realistic Spider Hero Launcher Toy Set for Kids’ Play & Cosplay,Toys & Games,EGP 78.90,EGP 87.46,,3.0,(32),In Stock,https://m.media-amazon.com/images/I/81O7-DJzXGL._AC_UL320_.jpg,https://www.amazon.eg/dp/B0GKX5JJNK,2026-06-02T08:00:44.998518
amazon,B0BN76V6R2,Product B0BN76V6R2,"Magic Chalkboard for Kids 8.5 Inch Interactive LCD Writing Drawing Tablet with Instant Erase Button, Educational Toys for Girl and Boy, Electronic Drawing Board",Toys & Games,EGP 64.77,,,3.5,(625),In Stock,https://m.media-amazon.com/images/I/61QcpyGG6zL._AC_UL320_.jpg,https://www.amazon.eg/dp/B0BN76V6R2,2026-06-02T08:00:45.002378
amazon,B0DVS1G5SM,Product B0DVS1G5SM,"KIDSZONE SET of 4/10 Giraffe Pieces LED Telescopic Suction Cup Giraffe Toy, Shape Changing Telescopic Tube Fidget Toys, Pop Tubes, Fidget Tubes Sensory Toys for Girls Boys Baby Gift (Set of 4)",Toys & Games,EGP 118.00,,,3.8,(288),In Stock,https://m.media-amazon.com/images/I/61cf8XLk4AL._AC_UL320_.jpg,https://www.amazon.eg/dp/B0DVS1G5SM,2026-06-02T08:00:45.006303
amazon,B091CZJK32,Product B091CZJK32,Other Creative children kid crocodile mouth dentist bite finger game funny toy,Toys & Games,EGP 95.00,,,3.7,(781),In Stock,https://m.media-amazon.com/images/I/61W3yu9wAcL._AC_UL320_.jpg,https://www.amazon.eg/dp/B091CZJK32,2026-06-02T08:00:45.010223
amazon,B0F2NBWKP1,Product B0F2NBWKP1,KIDSZONE Inflatable Tummy Time Water Mat Baby – Infant and Toddler Play Sensory Toys for Early Development Activities | Age 3 to 12 Months (70 * 51),Toys & Games,EGP 78.00,EGP 108.70,,3.7,(533),In Stock,https://m.media-amazon.com/images/I/81YBvoBA1rL._AC_UL320_.jpg,https://www.amazon.eg/dp/B0F2NBWKP1,2026-06-02T08:00:45.014727
amazon,B0BK8MVX46,Product B0BK8MVX46,"208 PCS Art Supplies,Drawing Art Kit for Kids Girls Boys Teens Artist, Art Set Case with Trifold Easel, Includes Oil Pastels, Crayons, Colored Pencils, Coloring Book, Scissors, Origami Paper 40 Sheets",Toys & Games,EGP 358.50,,,4.0,(252),In Stock,https://m.media-amazon.com/images/I/81bikcE2BOL._AC_UL320_.jpg,https://www.amazon.eg/dp/B0BK8MVX46,2026-06-02T08:00:45.018814
amazon,B0DPXPVTPH,Product B0DPXPVTPH,"KIDSZONE Pop Up Kids Play Tent Ball Pit for Kids, Boys, Girls, Babies and Toddlers, Indoor/Outdoor Playhouse, Birthday Gifts, NO BALLS INCLUDED (Red Dotted)",Toys & Games,EGP 198.00,EGP 299.68,,3.8,(151),In Stock,https://m.media-amazon.com/images/I/51oKSKWn69L._AC_UL320_.jpg,https://www.amazon.eg/dp/B0DPXPVTPH,2026-06-02T08:00:45.022890
amazon,B0CFW195Y5,Product B0CFW195Y5,"KIDSWAY Plastic Bubble Maker 32 Holes Bubble Gun & Fan, Big Size, Machine with Bubble Solution, Bubble Makers for Kids. (Assorted Colors)",Toys & Games,EGP 135.00,EGP 166.30,,2.0,(130),In Stock,https://m.media-amazon.com/images/I/51oO7ePyVJL._AC_UL320_.jpg,https://www.amazon.eg/dp/B0CFW195Y5,2026-06-02T08:00:45.027541
amazon,B09RWK5BX1,Product B09RWK5BX1,HaiLeTao Kitchen Toys Imitated Chef Light Music Pretend Cooking Food Play Dinnerware Set Safe Cute Children Girl Toy Gift Fun Game Toy Kitchen Sink with Running Water and Electronic Induction Stove,Toys & Games,EGP 279.00,,,4.0,(215),In Stock,https://m.media-amazon.com/images/I/71bvO2RjLPL._AC_UL320_.jpg,https://www.amazon.eg/dp/B09RWK5BX1,2026-06-02T08:00:45.031258
amazon,B0CPQ65KQS,Product B0CPQ65KQS,2ool Ameme 2ool aw E3mel Geib Game,Toys & Games,EGP 60.96,,,4.0,(336),In Stock,https://m.media-amazon.com/images/I/7128pXLh3QL._AC_UL320_.jpg,https://www.amazon.eg/dp/B0CPQ65KQS,2026-06-02T08:00:45.035607
amazon,B0BS9T5JG5,Product B0BS9T5JG5,"Kidology Electric Stair Climbing Track Toy for Kids, Duck Roller Coaster Toys with Flashing Lights and Music for Toddlers Boys and Girls (3 Duck Slide)",Toys & Games,EGP 181.66,,,3.8,(322),In Stock,https://m.media-amazon.com/images/I/71vG+KdbEKL._AC_UL320_.jpg,https://www.amazon.eg/dp/B0BS9T5JG5,2026-06-02T08:00:45.039890
amazon,B0BBVWK5VS,Product B0BBVWK5VS,Bubbles bubbles baby luffa,Toys & Games,EGP 43.49,,,4.0,(369),In Stock,https://m.media-amazon.com/images/I/813+42Qe68L._AC_UL320_.jpg,https://www.amazon.eg/dp/B0BBVWK5VS,2026-06-02T08:00:45.043325
amazon,B0DXFZXW24,Product B0DXFZXW24,"KIDSZONE Montessori Toys for 1 2 3 Years Old, Wooden Sorting & Stacking Toys for Toddlers 1-3, Education Preschool Toddler Puzzles,Best Gift. (4 shapes)",Toys & Games,EGP 60.00,,,3.9,(89),In Stock,https://m.media-amazon.com/images/I/512oEVz7GGL._AC_UL320_.jpg,https://www.amazon.eg/dp/B0DXFZXW24,2026-06-02T08:00:45.047251
amazon,B0FPB69Q84,Product B0FPB69Q84,"Moyu 3x3 Speed Cube, 56mm Professional Puzzle Cube, WCA Record Edition",Toys & Games,EGP 59.00,,,4.5,(48),In Stock,https://m.media-amazon.com/images/I/51ADIsJg3PL._AC_UL320_.jpg,https://www.amazon.eg/dp/B0FPB69Q84,2026-06-02T08:00:45.051172
amazon,B0GDDXRSTC,Product B0GDDXRSTC,TRUE FIT®-Generic double 6 dominoes - 28 pieces,Toys & Games,EGP 149.00,EGP 154.39,,3.6,(15),In Stock,https://m.media-amazon.com/images/I/31ICyYGzZML._AC_UL320_.jpg,https://www.amazon.eg/dp/B0GDDXRSTC,2026-06-02T08:00:45.055626
amazon,B076M3LRPZ,Product B076M3LRPZ,"Keyroad crayon,8mm,12 pcs kr971303(1 piece)",Toys & Games,EGP 32.00,,,4.2,(100),In Stock,https://m.media-amazon.com/images/I/811F3aEF2iL._AC_UL320_.jpg,https://www.amazon.eg/dp/B076M3LRPZ,2026-06-02T08:00:45.059506
amazon,B0FYZMVNVY,Product B0FYZMVNVY,KIDSZONE Interactive Steering Wheel Toy Driving Simulator for Kids Ages 3+ with Lights & Sound Effects (Yellow&Black),Toys & Games,EGP 155.50,EGP 296.40,,3.1,(46),In Stock,https://m.media-amazon.com/images/I/51y9y4ijbRL._AC_UL320_.jpg,https://www.amazon.eg/dp/B0FYZMVNVY,2026-06-02T08:00:45.063374
amazon,B0DBGCLW1B,Product B0DBGCLW1B,"Generic Small Water Gun, No. 2",Toys & Games,EGP 34.20,,,4.0,(7),In Stock,https://m.media-amazon.com/images/I/61alLBcjniL._AC_UL320_.jpg,https://www.amazon.eg/dp/B0DBGCLW1B,2026-06-02T08:00:45.067190
amazon,B0C53DTV6Z,Product B0C53DTV6Z,"Wooden Puzzles for Toddlers, 3pack Alphabet Shape Puzzles for Kids 3 Wooden Montessori Toddler Puzzles Wooden Alphabet Number Shape Puzzles for Kids 3 Years Old Boys & Girls",Toys & Games,EGP 149.00,EGP 189.00,,4.2,(1.2K),In Stock,https://m.media-amazon.com/images/I/714dyqQMfFL._AC_UL320_.jpg,https://www.amazon.eg/dp/B0C53DTV6Z,2026-06-02T08:00:45.071238
amazon,B0DRTPG4VN,Product B0DRTPG4VN,"Abo Elgoukh Kids’ 3-Wheel Foldable Scooter with Light-Up Wheels - Adjustable Height, Lean-to-Steer System, Safe & Durable",Toys & Games,"EGP 1,250.00",,,4.2,(86),In Stock,https://m.media-amazon.com/images/I/51a3kr9TvLL._AC_UL320_.jpg,https://www.amazon.eg/dp/B0DRTPG4VN,2026-06-02T08:04:06.912237
amazon,B0D56BZZ5S,Product B0D56BZZ5S,"Instant Print Camera for Kids - 1080P HD, 48MP, 32G Card, Bluetooth, Free App, 4 Rolls Print Paper, Stickers, Fun Filters, Gift for Boys and Girls - Pink Camera for Kids 3-12 yo",Toys & Games,"EGP 1,500.00","EGP 1,774.00",,3.9,(264),In Stock,https://m.media-amazon.com/images/I/71Gi9hOzVxL._AC_UL320_.jpg,https://www.amazon.eg/dp/B0D56BZZ5S,2026-06-02T08:04:06.916067
amazon,B095JM3YYT,Product B095JM3YYT,"5 in 1 Kids Scooter, 3 Wheels Kick Scooter with LED Flashing Light, Adjustable Removable Handlebar & Seat & Push Handle for 2-8 Years Old Boys and Girls",Toys & Games,"EGP 1,400.00","EGP 1,491.50",,3.2,(123),In Stock,https://m.media-amazon.com/images/I/71+Z8m-L4UL._AC_UL320_.jpg,https://www.amazon.eg/dp/B095JM3YYT,2026-06-02T08:04:06.920200
amazon,B07FBFMRLK,Product B07FBFMRLK,Intex Watermelon Pool – 3 Ring,Toys & Games,,,,4.2,(2.1K),In Stock,https://m.media-amazon.com/images/I/51LKSL0-0WL._AC_UL320_.jpg,https://www.amazon.eg/dp/B07FBFMRLK,2026-06-02T08:04:06.922440
amazon,B0DCK4QTR5,Product B0DCK4QTR5,"Tv Gaming System | Wireless Console Retro Gaming Console |4K Ultra HD |Plug & Play Wireless TV Video Game System | 24,000+ Games | 10 Emulators | Dual-Player Setup | 2.4G Wireless Game Stick",Toys & Games,"EGP 1,050.00",,,3.4,(25),In Stock,https://m.media-amazon.com/images/I/61cu-qpsbpL._AC_UL320_.jpg,https://www.amazon.eg/dp/B0DCK4QTR5,2026-06-02T08:04:06.925156
amazon,B0H3C4VDXT,Product B0H3C4VDXT,"Kids Scooter 3 Wheels Cute Rabbit Design, More Foldable Seat, Music and Side Light - 2 in 1 Scooter for Kids Ages 2-12 Boys Girls Reclining Steering",Toys & Games,"EGP 1,199.00",,,,EGP 1199.00EGP1199.00,In Stock,https://m.media-amazon.com/images/I/61Nv8sBzt4L._AC_UL320_.jpg,https://www.amazon.eg/dp/B0H3C4VDXT,2026-06-02T08:04:06.931731
amazon,B09NPVTBQ5,Product B09NPVTBQ5,"BESTIM INCUK Wireless Retro Game Console with Two 2.4G Wireless Controllers, Plug & Play Video Game Stick Built in 3500/10000+ Games,9 Classic Emulators, 4K High Definition HDMI Output for TV (64G)",Toys & Games,,,,2.5,(111),In Stock,https://m.media-amazon.com/images/I/71aaAZjLqQL._AC_UL320_.jpg,https://www.amazon.eg/dp/B09NPVTBQ5,2026-06-02T08:04:06.933892
amazon,B091J2HGMM,Product B091J2HGMM,Scooter with Two Wheels for Kids - Multi Color,Toys & Games,"EGP 1,861.94",,,3.5,(37),In Stock,https://m.media-amazon.com/images/I/61zI7VuO7sL._AC_UL320_.jpg,https://www.amazon.eg/dp/B091J2HGMM,2026-06-02T08:04:06.936943
amazon,B0H1K656YH,Product B0H1K656YH,"Adrenalyn FIFA World Cup Starter Kit, Includes 24 Cards, 3 of which are Limited Edition, 1 Coin Card, 2 Limited XXL Cards, Collecting Album, Game Board, Official Guide, and Gold Messi Card.",Toys & Games,"EGP 2,000.00",,,2.0,(1),In Stock,https://m.media-amazon.com/images/I/71pm9scWfOL._AC_UL320_.jpg,https://www.amazon.eg/dp/B0H1K656YH,2026-06-02T08:04:06.940207
amazon,B0DCZKWP2Z,Product B0DCZKWP2Z,"R36S Handheld Game Console,3.5-Inch IPS Screen Retro Gaming Console,3500mAh,Built in 20000+ Games. (Black-128G(20000+ Games))",Toys & Games,"EGP 1,970.00",,,3.4,(24),In Stock,https://m.media-amazon.com/images/I/61BVPROt32L._AC_UL320_.jpg,https://www.amazon.eg/dp/B0DCZKWP2Z,2026-06-02T08:04:06.943915
amazon,B0BQXJJ99Z,Product B0BQXJJ99Z,"TSZCOO Scooters for Kids, 3 Wheel Scooter with LED Lights, Adjustable Devil Skates Outdoor Folding, Kids Scooter Toy Gift for Boys Girls 4-12 Years Old",Toys & Games,"EGP 1,069.00",,,4.2,(123),In Stock,https://m.media-amazon.com/images/I/517ofTQigpL._AC_UL320_.jpg,https://www.amazon.eg/dp/B0BQXJJ99Z,2026-06-02T08:04:06.947193
amazon,B09368NT2Y,Product B09368NT2Y,COOLBABY Baby Multi-Function Baby Rocking Chair For Children To Soothe And Shake The ROCKER And Swing Seat Toy,Toys & Games,"EGP 1,180.00","EGP 1,304.00",,4.8,(12),In Stock,https://m.media-amazon.com/images/I/61GIV7N8B6L._AC_UL320_.jpg,https://www.amazon.eg/dp/B09368NT2Y,2026-06-02T08:04:06.951080
amazon,B0D1G5FRTM,Product B0D1G5FRTM,"Ashfly 2.4 Inch Unicorn Children's Camera, 1080P HD Dual Camera Children's Mobile Phone Toy Recordable Video, Children's Smartphone Toy with SD Card, Pretend Smartphone for 3-10 Years Girls Boys",Toys & Games,"EGP 1,599.00",,,4.1,(36),In Stock,https://m.media-amazon.com/images/I/71420YXPlCL._AC_UL320_.jpg,https://www.amazon.eg/dp/B0D1G5FRTM,2026-06-02T08:04:06.954366
amazon,B098DFPTCZ,Product B098DFPTCZ,"YUYUE Wireless Retro Game Console, Plug and Play Video Game Stick Built in 10000+ Games,9 Classic Emulators, 4K High Definition HDMI Output for TV with Dual 2.4G Wireless Controllers(64G)",Toys & Games,"EGP 1,128.94",,,2.3,(349),In Stock,https://m.media-amazon.com/images/I/71tGmq-8WEL._AC_UL320_.jpg,https://www.amazon.eg/dp/B098DFPTCZ,2026-06-02T08:04:06.957622
amazon,B0FKNCXPYS,Product B0FKNCXPYS,"Fantastic-Kids-Toys 3 Wheel Scooter with LED Light, Foldable, Adjustable Handle, Code 2142-R",Toys & Games,"EGP 1,399.00",,,4.8,(6),In Stock,https://m.media-amazon.com/images/I/614-YMJM1RL._AC_UL320_.jpg,https://www.amazon.eg/dp/B0FKNCXPYS,2026-06-02T08:04:06.960802
amazon,B0FGS8P1HS,Product B0FGS8P1HS,CLASSIC PROFESSIONAL WOOD CHESS BOARD 40X40CM + 32 PIECES INCLUDED (16 WHITE & 16 BLACK) + CHESS TIMER FREE SOFTWARE INCLUDED QR CODE (CLASSIC VERSION),Toys & Games,"EGP 1,249.00",,,4.9,(44),In Stock,https://m.media-amazon.com/images/I/71-xBjkqJQL._AC_UL320_.jpg,https://www.amazon.eg/dp/B0FGS8P1HS,2026-06-02T08:04:06.964049
amazon,B0BVTHQWK1,Product B0BVTHQWK1,3 Wheels Kids Scooter for Boys Girls Ages 3-12 Years Old with Adjustable Height Flashing LED Lights Folding Kick Scooter,Toys & Games,"EGP 1,600.00",,,4.1,(216),In Stock,https://m.media-amazon.com/images/I/51ldSYZhDvL._AC_UL320_.jpg,https://www.amazon.eg/dp/B0BVTHQWK1,2026-06-02T08:04:06.967235
amazon,B0CS33QFXB,Product B0CS33QFXB,Tic Toys Kids 3 Wheel Bike - Pink,Toys & Games,"EGP 1,140.00",,,3.4,(3),In Stock,https://m.media-amazon.com/images/I/51H5AmyN6aL._AC_UL320_.jpg,https://www.amazon.eg/dp/B0CS33QFXB,2026-06-02T08:04:06.970586
amazon,B0DCZN7Y6Q,Product B0DCZN7Y6Q,"R36S Handheld Game Console,3.5-Inch IPS Screen Retro Gaming Console,3500mAh,Built in 20000+ Games. (Purple-128G(20000+ Games))",Toys & Games,"EGP 1,999.00",,,2.1,(13),In Stock,https://m.media-amazon.com/images/I/71sTz8h-faL._AC_UL320_.jpg,https://www.amazon.eg/dp/B0DCZN7Y6Q,2026-06-02T08:04:06.974372
amazon,B00T3SKEFG,Product B00T3SKEFG,Jilong Giant Figure 8 Pool,Toys & Games,,,,4.4,(125),In Stock,https://m.media-amazon.com/images/I/61ExIh+rs7L._AC_UL320_.jpg,https://www.amazon.eg/dp/B00T3SKEFG,2026-06-02T08:04:06.976571
amazon,B0D8FMFRVS,Product B0D8FMFRVS,"FRUSE Remote Control Car for Children, Remote Controlled Cars with Figure Ejection, Music and Light, 2.4 GHz RC Car, Cars for Children, Christmas Gift Boys Girls 3 4 5 Years",Toys & Games,"EGP 1,099.00",,,4.2,(77),In Stock,https://m.media-amazon.com/images/I/81J6auIpeSL._AC_UL320_.jpg,https://www.amazon.eg/dp/B0D8FMFRVS,2026-06-02T08:04:06.979725
amazon,B07ZK9LSS9,Product B07ZK9LSS9,"SEEDARY Scooter for Boys Girls 3 Wheels Scooter with LED Lights, Adjustable Devil Skates Folding Scooter Outdoor Scooter, Kids Scooter Toy Christmas Gift, Graffiti Letters",Toys & Games,"EGP 1,074.00",,,4.5,(563),In Stock,https://m.media-amazon.com/images/I/51nK8hxv8qL._AC_UL320_.jpg,https://www.amazon.eg/dp/B07ZK9LSS9,2026-06-02T08:04:06.982921
amazon,B093LM8NBT,Product B093LM8NBT,Our Generation PLASTIC HORSE BARN,Toys & Games,"EGP 5,000.00",,,4.9,(11),In Stock,https://m.media-amazon.com/images/I/71GsZaE5JRL._AC_UL320_.jpg,https://www.amazon.eg/dp/B093LM8NBT,2026-06-02T08:06:48.693781
amazon,B0GVV4NCRW,Product B0GVV4NCRW,"Building blocks Toy, Train, for kids +6 ages",Toys & Games,"EGP 5,000.00",,,,EGP 5000.00EGP5000.00,In Stock,https://m.media-amazon.com/images/I/81MJJ9bvWzL._AC_UL320_.jpg,https://www.amazon.eg/dp/B0GVV4NCRW,2026-06-02T08:06:48.696615
amazon,B0GVV3BYYM,Product B0GVV3BYYM,"Building blocks Toy, Town, for kids +6 ages, 801 pcs",Toys & Games,"EGP 5,000.00",,,,EGP 5000.00EGP5000.00,In Stock,https://m.media-amazon.com/images/I/814brjTa4XL._AC_UL320_.jpg,https://www.amazon.eg/dp/B0GVV3BYYM,2026-06-02T08:06:48.699442
amazon,B096W6718M,Product B096W6718M,"Fast Set 12' x 30""/3.66m x 76cm Pool Set",Toys & Games,"EGP 5,000.00",,,3.3,(12),In Stock,https://m.media-amazon.com/images/I/81TAjxnRxEL._AC_UL320_.jpg,https://www.amazon.eg/dp/B096W6718M,2026-06-02T08:06:48.702439
amazon,B0D8QMJGR3,Product B0D8QMJGR3,3-In-1 Fabstudio Vanity Easel For Kids - Pink/Blue,Toys & Games,"EGP 5,000.00",,,,EGP 5000.00EGP5000.00,In Stock,https://m.media-amazon.com/images/I/41bsFGgXdmL._AC_UL320_.jpg,https://www.amazon.eg/dp/B0D8QMJGR3,2026-06-02T08:06:48.708849
amazon,B081GSF7SW,Product B081GSF7SW,Royal Baby Chipmunk Mk 12Inch,Toys & Games,"EGP 5,000.00",,,4.5,(2),In Stock,https://m.media-amazon.com/images/I/61tNA+UFmpL._AC_UL320_.jpg,https://www.amazon.eg/dp/B081GSF7SW,2026-06-02T08:06:48.711972
amazon,B0BBWK83F2,Product B0BBWK83F2,"LEGO City Fire Rescue Boat Building Set - Floatable Boat Toy for Boys & Girls, Ages 5+ - Kids Pretend Play Toy for Preschool - Gift for Birthdays - 60373",Toys & Games,"EGP 5,000.00",,,4.8,(1.4K),In Stock,https://m.media-amazon.com/images/I/91mzzPouV6L._AC_UL320_.jpg,https://www.amazon.eg/dp/B0BBWK83F2,2026-06-02T08:06:48.715049
amazon,B0CFW22SBY,Product B0CFW22SBY,LEGO Classic Creative Vehicles with Car and Truck Toys 11036,Toys & Games,,,,4.8,(1K),In Stock,https://m.media-amazon.com/images/I/71Oh4WH6iFL._AC_UL320_.jpg,https://www.amazon.eg/dp/B0CFW22SBY,2026-06-02T08:06:48.717309
amazon,B0BBRYJ4LR,Product B0BBRYJ4LR,"LEGO 41735 Friends Mobile Tiny House, Forest Camping Opening Dollshouse Playset with Toy Car, Leo & Liann Minidolls, Gift Idea for Kids 7 Plus, 2023 Characters",Toys & Games,"EGP 5,000.00",,,4.8,(888),In Stock,https://m.media-amazon.com/images/I/71KXfOdXEeL._AC_UL320_.jpg,https://www.amazon.eg/dp/B0BBRYJ4LR,2026-06-02T08:06:48.720446
amazon,B0BV7CW1VW,Product B0BV7CW1VW,"LEGO 76990 Sonic the Hedgehog Sonic's Speed Sphere Challenge Set, Buildable Toy Game with 3 Characters incl. a Moto Bug Badnik Figure, Toys for Kids, Boys & Girls 6 Plus Years Old",Toys & Games,,,,4.8,(1.5K),In Stock,https://m.media-amazon.com/images/I/61JDbD7qJpL._AC_UL320_.jpg,https://www.amazon.eg/dp/B0BV7CW1VW,2026-06-02T08:06:48.722699
amazon,B0BBS1KGWC,Product B0BBS1KGWC,LEGO® Speed Champions Pagani Utopia 76915 Building Toy Set (249 Pieces),Toys & Games,,,,4.8,(3.1K),In Stock,https://m.media-amazon.com/images/I/61BV4p8CrzL._AC_UL320_.jpg,https://www.amazon.eg/dp/B0BBS1KGWC,2026-06-02T08:06:48.725012
amazon,B0GV1KNQF4,Product B0GV1KNQF4,لعبة باسكت بول +3 سنوات,Toys & Games,"EGP 5,000.00",,,,EGP 5000.00EGP5000.00,In Stock,https://m.media-amazon.com/images/I/81G80FDVYVL._AC_UL320_.jpg,https://www.amazon.eg/dp/B0GV1KNQF4,2026-06-02T08:06:48.727755
amazon,B0GMYDW9JH,Product B0GMYDW9JH,تركيبات 611 قطعه +6 سنوات,Toys & Games,"EGP 5,000.00",,,,EGP 5000.00EGP5000.00,In Stock,https://m.media-amazon.com/images/I/81JHuAciAhL._AC_UL320_.jpg,https://www.amazon.eg/dp/B0GMYDW9JH,2026-06-02T08:06:48.730716
amazon,B0GMXZKHN9,Product B0GMXZKHN9,تركيبات 683 قطعه +6 سنوات,Toys & Games,"EGP 5,000.00",,,,EGP 5000.00EGP5000.00,In Stock,https://m.media-amazon.com/images/I/71qHtZscGNL._AC_UL320_.jpg,https://www.amazon.eg/dp/B0GMXZKHN9,2026-06-02T08:06:48.733684
amazon,B0F74QRSN4,Product B0F74QRSN4,"YIBEIQI Kids Bike – 16"" Black x Orange with Basket & Muzzle Make Play and Go More Fun with YIBEIQI Brand Kids Bike, 16 Inch, Designed for Children Ages 4-7",Toys & Games,,,,,,In Stock,https://m.media-amazon.com/images/I/61gCJ0kyZ7L._AC_UL320_.jpg,https://www.amazon.eg/dp/B0F74QRSN4,2026-06-02T08:06:48.735032
amazon,B0F74FDDMY,Product B0F74FDDMY,"YIBEIQI Kids Bike – 16 inch Green x Black with Basket & Muzzle Make Your Play and Go More Fun with YIBEIQI Brand Kids Bike, 16 Inch, Designed for Children from 4 to 7 Years Old",Toys & Games,,,,,,In Stock,https://m.media-amazon.com/images/I/610xjy1aANL._AC_UL320_.jpg,https://www.amazon.eg/dp/B0F74FDDMY,2026-06-02T08:06:48.736358
amazon,B0F6B763X9,Product B0F6B763X9,95 Swiss Raben Old Coin Switzerland Coin,Toys & Games,"EGP 5,000.00",,,,EGP 5000.00EGP5000.00,In Stock,https://m.media-amazon.com/images/I/71Cmq6iq3tL._AC_UL320_.jpg,https://www.amazon.eg/dp/B0F6B763X9,2026-06-02T08:06:48.739160
amazon,B0D8JNCXXN,Product B0D8JNCXXN,Ssangyong Tivoli Regular & xlv Doorstep,Toys & Games,"EGP 5,000.00",,,,EGP 5000.00EGP5000.00,In Stock,https://m.media-amazon.com/images/I/715w9J+XPJL._AC_UL320_.jpg,https://www.amazon.eg/dp/B0D8JNCXXN,2026-06-02T08:06:48.742099
amazon,B0CX58SF84,Product B0CX58SF84,"DRIVEN Dump Truck R/C, Standard Size",Toys & Games,"EGP 5,000.00",,,,EGP 5000.00EGP5000.00,In Stock,https://m.media-amazon.com/images/I/71DAmLCd8LL._AC_UL320_.jpg,https://www.amazon.eg/dp/B0CX58SF84,2026-06-02T08:06:48.744956
amazon,B0CGXZ79WH,Product B0CGXZ79WH,"LEGO Star Wars Clone Trooper & Battle Droid Battle Pack Set for Kids, Buildable Toy Speeder Bike Vehicle, Tri-Droid and Defensive Post, Collectible, Gift for Boys and Girls Aged 7 and Up, 75372",Toys & Games,,,,4.8,(3.2K),In Stock,https://m.media-amazon.com/images/I/814iDqQEBlL._AC_UL320_.jpg,https://www.amazon.eg/dp/B0CGXZ79WH,2026-06-02T08:06:48.747275
amazon,B0BTXK1WP1,Product B0BTXK1WP1,Old Coin 10 Sharks Olaf 1917,Toys & Games,"EGP 5,000.00",,,,EGP 5000.00EGP5000.00,In Stock,https://m.media-amazon.com/images/I/71mUE6w5IjL._AC_UL320_.jpg,https://www.amazon.eg/dp/B0BTXK1WP1,2026-06-02T08:06:48.750154
amazon,B0BTXH2QLR,Product B0BTXH2QLR,Antique Coin Souvenir Silver Fairy Electric High Drag,Toys & Games,"EGP 5,000.00",,,,EGP 5000.00EGP5000.00,In Stock,https://m.media-amazon.com/images/I/71p1AG4eOnL._AC_UL320_.jpg,https://www.amazon.eg/dp/B0BTXH2QLR,2026-06-02T08:06:48.752939
amazon,B0BLJ4MV8V,Product B0BLJ4MV8V,"LEGO Speed Champions Pagani Utopia 76915 Race Car Toy Model Building Kit, Italian Hypercar, Collectible Racing Vehicle, 2023 Set",Toys & Games,"EGP 5,000.00",,,4.8,(2.4K),In Stock,https://m.media-amazon.com/images/I/71Q6vqdTszL._AC_UL320_.jpg,https://www.amazon.eg/dp/B0BLJ4MV8V,2026-06-02T08:06:48.756083
amazon,B07TCQD33W,Product B07TCQD33W,,Books,EGP 114.00,,,4.6,(713),In Stock,https://m.media-amazon.com/images/I/71dghbVKL0L._AC_UY218_.jpg,https://www.amazon.eg/dp/B07TCQD33W,2026-06-02T08:01:22.128968
amazon,B0BLZPNT2Y,Product B0BLZPNT2Y,,Books,EGP 15.00,,,4.5,(167),In Stock,https://m.media-amazon.com/images/I/810+KfzsEAL._AC_UY218_.jpg,https://www.amazon.eg/dp/B0BLZPNT2Y,2026-06-02T08:01:22.134879
amazon,B0DVGZQ7MP,Product B0DVGZQ7MP,,Books,EGP 104.00,EGP 146.51,,3.5,(74),In Stock,https://m.media-amazon.com/images/I/61EdEvtH9JL._AC_UY218_.jpg,https://www.amazon.eg/dp/B0DVGZQ7MP,2026-06-02T08:01:22.140456
amazon,B0BXJGF2X3,Product B0BXJGF2X3,,Books,EGP 35.00,,,4.0,(90),In Stock,https://m.media-amazon.com/images/I/61v86O74fZL._AC_UY218_.jpg,https://www.amazon.eg/dp/B0BXJGF2X3,2026-06-02T08:01:22.146186
amazon,9778890153,Product 9778890153,,Books,EGP 79.00,,,4.3,(23),In Stock,https://m.media-amazon.com/images/I/61BUy0thF3L._AC_UY218_.jpg,https://www.amazon.eg/dp/9778890153,2026-06-02T08:01:22.156690
amazon,9776742866,Product 9776742866,,Books,EGP 129.00,,,4.5,(38),In Stock,https://m.media-amazon.com/images/I/61FZSCln1qL._AC_UY218_.jpg,https://www.amazon.eg/dp/9776742866,2026-06-02T08:01:22.161127
amazon,B0BLZMMT8M,Product B0BLZMMT8M,,Books,EGP 15.00,,,4.6,(125),In Stock,https://m.media-amazon.com/images/I/91iEfXzf-aL._AC_UY218_.jpg,https://www.amazon.eg/dp/B0BLZMMT8M,2026-06-02T08:01:22.166434
amazon,B018AUGNNO,Product B018AUGNNO,,Books,EGP 160.00,,,4.8,(57),In Stock,https://m.media-amazon.com/images/I/91xf10yFzVL._AC_UY218_.jpg,https://www.amazon.eg/dp/B018AUGNNO,2026-06-02T08:01:22.171956
amazon,9778890161,Product 9778890161,,Books,EGP 79.00,,,4.6,(37),In Stock,https://m.media-amazon.com/images/I/61hjyLsrJHL._AC_UY218_.jpg,https://www.amazon.eg/dp/9778890161,2026-06-02T08:01:22.177033
amazon,B0DJF2732J,Product B0DJF2732J,,Books,EGP 80.00,,,4.7,(23),In Stock,https://m.media-amazon.com/images/I/71eelVCQc5L._AC_UY218_.jpg,https://www.amazon.eg/dp/B0DJF2732J,2026-06-02T08:01:22.182628
amazon,B0BLZPCZM7,Product B0BLZPCZM7,,Books,EGP 15.00,,,4.7,(100),In Stock,https://m.media-amazon.com/images/I/81P3wmKDhvL._AC_UY218_.jpg,https://www.amazon.eg/dp/B0BLZPCZM7,2026-06-02T08:01:22.187956
amazon,9776477267,Product 9776477267,,Books,EGP 299.00,,,4.7,(34),In Stock,https://m.media-amazon.com/images/I/71-UgAdfwaL._AC_UY218_.jpg,https://www.amazon.eg/dp/9776477267,2026-06-02T08:01:22.193337
amazon,B018AUFBFU,Product B018AUFBFU,,Books,EGP 80.00,,,4.4,(29),In Stock,https://m.media-amazon.com/images/I/81swSzKFu1L._AC_UY218_.jpg,https://www.amazon.eg/dp/B018AUFBFU,2026-06-02T08:01:22.198334
amazon,977889017X,Product 977889017X,,Books,EGP 79.00,,,4.6,(22),In Stock,https://m.media-amazon.com/images/I/61tnbftq4+L._AC_UY218_.jpg,https://www.amazon.eg/dp/977889017X,2026-06-02T08:01:22.203004
amazon,B0FZ8YC7C5,Product B0FZ8YC7C5,,Books,EGP 13.73,,,2.5,(6),In Stock,https://m.media-amazon.com/images/I/61daxhzBL0L._AC_UY218_.jpg,https://www.amazon.eg/dp/B0FZ8YC7C5,2026-06-02T08:01:22.207655
amazon,0435181440,Product 0435181440,,Books,"EGP 4,669.81","EGP 4,981.00",,4.6,(179),In Stock,https://m.media-amazon.com/images/I/71PgvjPoQDL._AC_UY218_.jpg,https://www.amazon.eg/dp/0435181440,2026-06-02T08:05:36.527539
amazon,1449373321,Product 1449373321,,Books,"EGP 3,516.17","EGP 4,037.00",,4.7,(3.8K),In Stock,https://m.media-amazon.com/images/I/91YfNb49PLL._AC_UY218_.jpg,https://www.amazon.eg/dp/1449373321,2026-06-02T08:05:36.533111
amazon,0063136899,Product 0063136899,,Books,,,,4.7,(2.8K),In Stock,https://m.media-amazon.com/images/I/71SPjJ+UnLL._AC_UY218_.jpg,https://www.amazon.eg/dp/0063136899,2026-06-02T08:05:36.537417
amazon,B0BXJG8KSS,Product B0BXJG8KSS,,Books,"EGP 4,400.00",,,4.5,(11),In Stock,https://m.media-amazon.com/images/I/71bg9T70yeL._AC_UY218_.jpg,https://www.amazon.eg/dp/B0BXJG8KSS,2026-06-02T08:05:36.542831
amazon,0500022046,Product 0500022046,,Books,"EGP 4,505.00",,,4.8,(1.1K),In Stock,https://m.media-amazon.com/images/I/51mnuYcZh+L._AC_UY218_.jpg,https://www.amazon.eg/dp/0500022046,2026-06-02T08:05:36.547529
amazon,B0BXJHC5QN,Product B0BXJHC5QN,,Books,"EGP 3,150.00",,,5.0,(1),In Stock,https://m.media-amazon.com/images/I/81FhKs15sTL._AC_UY218_.jpg,https://www.amazon.eg/dp/B0BXJHC5QN,2026-06-02T08:05:36.552534
amazon,0596101430,Product 0596101430,,Books,"EGP 2,409.55",,,2.3,(32),In Stock,https://m.media-amazon.com/images/I/61Efa9FlgPL._AC_UY218_.jpg,https://www.amazon.eg/dp/0596101430,2026-06-02T08:05:36.557373
amazon,3869931140,Product 3869931140,,Books,"EGP 2,911.00",,,4.7,(2.7K),In Stock,https://m.media-amazon.com/images/I/61cIdzclx-L._AC_UY218_.jpg,https://www.amazon.eg/dp/3869931140,2026-06-02T08:05:36.562069
amazon,1426215649,Product 1426215649,,Books,"EGP 2,547.29",,,4.7,(5.7K),In Stock,https://m.media-amazon.com/images/I/91vMxtTtWaL._AC_UY218_.jpg,https://www.amazon.eg/dp/1426215649,2026-06-02T08:05:36.567232
amazon,0199689903,Product 0199689903,,Books,"EGP 3,002.15",,,4.8,(1.5K),In Stock,https://m.media-amazon.com/images/I/51q4iqQS-VL._AC_UY218_.jpg,https://www.amazon.eg/dp/0199689903,2026-06-02T08:05:36.572121
amazon,0553609416,Product 0553609416,,Books,"EGP 2,268.11","EGP 2,744.00",,4.8,(7.9K),In Stock,https://m.media-amazon.com/images/I/717aNFuEvxL._AC_UY218_.jpg,https://www.amazon.eg/dp/0553609416,2026-06-02T08:05:36.577556
amazon,6144190635,Product 6144190635,,Books,"EGP 3,250.00",,,2.4,(6),In Stock,https://m.media-amazon.com/images/I/61v0kF6QAtL._AC_UY218_.jpg,https://www.amazon.eg/dp/6144190635,2026-06-02T08:05:36.582041
amazon,1292402075,Product 1292402075,,Books,"EGP 4,121.00",,,4.3,(16),In Stock,https://m.media-amazon.com/images/I/719QbRzHBsL._AC_UY218_.jpg,https://www.amazon.eg/dp/1292402075,2026-06-02T08:05:36.586806
amazon,B0BXJH3STJ,Product B0BXJH3STJ,,Books,"EGP 3,250.00",,,,Album,In Stock,https://m.media-amazon.com/images/I/71Kn64HFDxL._AC_UY218_.jpg,https://www.amazon.eg/dp/B0BXJH3STJ,2026-06-02T08:05:36.591634
amazon,043518864X,Product 043518864X,,Books,"EGP 4,451.50",,,4.4,(85),In Stock,https://m.media-amazon.com/images/I/91VoCYHMYxL._AC_UY218_.jpg,https://www.amazon.eg/dp/043518864X,2026-06-02T08:05:36.596528
amazon,1982160276,Product 1982160276,,Books,,,,4.7,(5.5K),In Stock,https://m.media-amazon.com/images/I/71-WJgHWC1L._AC_UY218_.jpg,https://www.amazon.eg/dp/1982160276,2026-06-02T08:05:36.600455
amazon,B09B316TZW,Product B09B316TZW,,Books,"EGP 5,000.00",,,,Paperback,In Stock,https://m.media-amazon.com/images/I/41xvL5f1yQL._AC_UY218_.jpg,https://www.amazon.eg/dp/B09B316TZW,2026-06-02T08:05:37.547020
amazon,B099SFX7HQ,Product B099SFX7HQ,,Books,"EGP 5,000.00",,,,Paperback,In Stock,https://m.media-amazon.com/images/I/61n6AQJ1viL._AC_UY218_.jpg,https://www.amazon.eg/dp/B099SFX7HQ,2026-06-02T08:05:37.551335
amazon,B099SDMGGY,Product B099SDMGGY,,Books,"EGP 5,000.00",,,,Paperback,In Stock,https://m.media-amazon.com/images/I/61VFrhyv8oS._AC_UY218_.jpg,https://www.amazon.eg/dp/B099SDMGGY,2026-06-02T08:05:37.555854
amazon,B09238PX6M,Product B09238PX6M,,Books,"EGP 5,000.00",,,,Paperback,In Stock,https://m.media-amazon.com/images/I/41VQ7jfLKBS._AC_UY218_.jpg,https://www.amazon.eg/dp/B09238PX6M,2026-06-02T08:05:37.560292
amazon,9819952557,Product 9819952557,,Books,"EGP 5,000.00",,,,Paperback,In Stock,https://m.media-amazon.com/images/I/61rJ8cnDb+L._AC_UY218_.jpg,https://www.amazon.eg/dp/9819952557,2026-06-02T08:05:37.564607
amazon,9819929679,Product 9819929679,,Books,"EGP 5,000.00",,,,Paperback,In Stock,https://m.media-amazon.com/images/I/61l3uCyoe7L._AC_UY218_.jpg,https://www.amazon.eg/dp/9819929679,2026-06-02T08:05:37.568907
amazon,9811992339,Product 9811992339,,Books,"EGP 5,000.00",,,,Paperback,In Stock,https://m.media-amazon.com/images/I/615xpKo9tGL._AC_UY218_.jpg,https://www.amazon.eg/dp/9811992339,2026-06-02T08:05:37.573314
amazon,9041132090,Product 9041132090,,Books,"EGP 5,000.00",,,5.0,(1),In Stock,https://m.media-amazon.com/images/I/61Y4dpsbLjL._AC_UY218_.jpg,https://www.amazon.eg/dp/9041132090,2026-06-02T08:05:37.578053
amazon,3662532824,Product 3662532824,,Books,"EGP 5,000.00",,,,Hardcover,In Stock,https://m.media-amazon.com/images/I/612wknrXALL._AC_UY218_.jpg,https://www.amazon.eg/dp/3662532824,2026-06-02T08:05:37.582497
amazon,183968920X,Product 183968920X,,Books,"EGP 5,000.00",,,,Hardcover,In Stock,https://m.media-amazon.com/images/I/61mIsDI-5fL._AC_UY218_.jpg,https://www.amazon.eg/dp/183968920X,2026-06-02T08:05:37.586932
amazon,1782423273,Product 1782423273,,Books,"EGP 5,000.00",,,,Hardcover,In Stock,https://m.media-amazon.com/images/I/51k+NGy7upL._AC_UY218_.jpg,https://www.amazon.eg/dp/1782423273,2026-06-02T08:05:37.591357
amazon,1509971890,Product 1509971890,,Books,"EGP 5,000.00",,,4.0,(1),In Stock,https://m.media-amazon.com/images/I/71a09Ju1L9L._AC_UY218_.jpg,https://www.amazon.eg/dp/1509971890,2026-06-02T08:05:37.596385
amazon,1509959270,Product 1509959270,,Books,"EGP 5,000.00",,,,Paperback,In Stock,https://m.media-amazon.com/images/I/61wozkctUsL._AC_UY218_.jpg,https://www.amazon.eg/dp/1509959270,2026-06-02T08:05:37.600825
amazon,1032825596,Product 1032825596,,Books,"EGP 5,000.00",,,,Paperback,In Stock,https://m.media-amazon.com/images/I/81alLqJHclL._AC_UY218_.jpg,https://www.amazon.eg/dp/1032825596,2026-06-02T08:05:37.605528
amazon,1032621435,Product 1032621435,,Books,"EGP 5,000.00",,,,Paperback,In Stock,https://m.media-amazon.com/images/I/613OSihn6YL._AC_UY218_.jpg,https://www.amazon.eg/dp/1032621435,2026-06-02T08:05:37.610250
amazon,1032443235,Product 1032443235,,Books,"EGP 5,000.00",,,,Paperback,In Stock,https://m.media-amazon.com/images/I/81I20gu2RkL._AC_UY218_.jpg,https://www.amazon.eg/dp/1032443235,2026-06-02T08:05:37.615045
amazon,B0BYXNFXV5,Product B0BYXNFXV5,TotalEnergies QUARTZ 5000 SL 20W-50-5 Liter Engine Oil for Passenger Car (5 Liters),Automotive,EGP 999.00,,,4.3,(348),In Stock,https://m.media-amazon.com/images/I/61VJgigVzoL._AC_UL320_.jpg,https://www.amazon.eg/dp/B0BYXNFXV5,2026-06-02T08:04:10.048208
amazon,B0D9NPDLG3,Product B0D9NPDLG3,"Anker USB-C Car Charger, 75W Max Ultra-Compact Type-C Fast Car Charger with Built-in Retractable Cable, Car Adapter for iPhone 16/15/14 Series, MacBook Pro/Air, iPad, Galaxy, AirPods, and More",Automotive,EGP 885.00,EGP 955.00,,4.7,(2.7K),In Stock,https://m.media-amazon.com/images/I/61AWjk2OVkL._AC_UL320_.jpg,https://www.amazon.eg/dp/B0D9NPDLG3,2026-06-02T08:04:10.051591
amazon,B0969LDPGK,Product B0969LDPGK,TOTAL PBCA16008 BOOSTER CABLE 3m,Automotive,EGP 729.17,EGP 804.00,,4.7,(56),In Stock,https://m.media-amazon.com/images/I/71q85Q5rxGL._AC_UL320_.jpg,https://www.amazon.eg/dp/B0969LDPGK,2026-06-02T08:04:10.055163
amazon,B0843SCLYH,Product B0843SCLYH,"Anker USB C Car Charger, 40W 2-Port PowerIQ 3.0 Type C Car Adapter, PowerDrive III Duo with Power Delivery for iPhone 14 13 12 11 X XS Pro Max mini, Galaxy S22/S20/S10, Pixel, iPad/iPad mini, and More",Automotive,EGP 575.00,EGP 635.70,,4.7,(9K),In Stock,https://m.media-amazon.com/images/I/61POG9nvHuL._AC_UL320_.jpg,https://www.amazon.eg/dp/B0843SCLYH,2026-06-02T08:04:10.058533
amazon,B0F6KGCTBH,Product B0F6KGCTBH,"Dipelle™ Trunk Organizer for Car - Car Organizer, Foldable Trunk organizer for SUVs & Sedans, Sturdy Car,Tools, Sundries, 2 Compartments (Black, Medium)",Automotive,EGP 750.00,,,3.9,(44),In Stock,https://m.media-amazon.com/images/I/81TyKyhrQxL._AC_UL320_.jpg,https://www.amazon.eg/dp/B0F6KGCTBH,2026-06-02T08:04:10.062137
amazon,B0DF6YRW4K,Product B0DF6YRW4K,"Tire Inflator Portable Air Compressor, 150PSI Cordless Air Pump for Car Tires, Battery & 12V DC Dual Power Electric Bike Tire Pump with pressure gauge, LED Light for Car Motorcycle Bicycle Ball",Automotive,EGP 899.00,,,4.4,(501),In Stock,https://m.media-amazon.com/images/I/71zLxrLJeyL._AC_UL320_.jpg,https://www.amazon.eg/dp/B0DF6YRW4K,2026-06-02T08:04:10.065389
amazon,B09696YJ5X,Product B09696YJ5X,TotalEnergies QUARTZ 5000 SL 20W-50 Engine oil for Passenger Car - 4 Liter,Automotive,EGP 899.00,,,4.5,(151),In Stock,https://m.media-amazon.com/images/I/61ClbBkCNxL._AC_UL320_.jpg,https://www.amazon.eg/dp/B09696YJ5X,2026-06-02T08:04:10.068132
amazon,B0B1L63MP8,Product B0B1L63MP8,"Super Drive Superdrive 800Amp Jumper Cables for Car Battery, Heavy Duty Automotive Booster Cables for Jump Starting Dead or Weak Batteries with Carrying Blue Plastic Box Included",Automotive,EGP 585.00,,,4.2,(135),In Stock,https://m.media-amazon.com/images/I/618y5u7MpZL._AC_UL320_.jpg,https://www.amazon.eg/dp/B0B1L63MP8,2026-06-02T08:04:10.071025
amazon,B0BZQ5D2BR,Product B0BZQ5D2BR,ARCOON OBD2 ELM327 Arcon Bluetooth Car Fault detector ARC-101 Compatible with Android and iPhone,Automotive,EGP 512.10,EGP 569.00,,3.9,(207),In Stock,https://m.media-amazon.com/images/I/71dwP2LtzBL._AC_UL320_.jpg,https://www.amazon.eg/dp/B0BZQ5D2BR,2026-06-02T08:04:10.074459
amazon,B0F2GNZCBG,Product B0F2GNZCBG,TotalEnergies Quartz 3000 20W50 - Engine Oil for Passenger Car - 5 Liter,Automotive,EGP 749.00,,,4.5,(64),In Stock,https://m.media-amazon.com/images/I/81FkdwFQ-rL._AC_UL320_.jpg,https://www.amazon.eg/dp/B0F2GNZCBG,2026-06-02T08:04:10.077292
amazon,B00103VE9C,Product B00103VE9C,SONAX INTERIOR CLEANER (500 ml) - Gently removes stubborn dirt. With a fresh fragrance. | Item-No. 03212000-544,Automotive,EGP 649.00,EGP 689.00,,4.5,(1.7K),In Stock,https://m.media-amazon.com/images/I/61HPsvXqi8L._AC_UL320_.jpg,https://www.amazon.eg/dp/B00103VE9C,2026-06-02T08:04:10.080531
amazon,B07ZXCGRKD,Product B07ZXCGRKD,TOTAL AUTO AIR COMPRESSOR Li - ion 20V (TACLI2001),Automotive,EGP 899.00,,,4.1,(69),In Stock,https://m.media-amazon.com/images/I/719gMd1ZRrL._AC_UL320_.jpg,https://www.amazon.eg/dp/B07ZXCGRKD,2026-06-02T08:04:10.083722
amazon,B0FM6NMQJ6,Product B0FM6NMQJ6,OBD2 ELM327 OBD EGYPT Bluetooth Car Fault detector OEGY-101 Compatible with Android and iPhone,Automotive,EGP 550.00,,,4.0,(38),In Stock,https://m.media-amazon.com/images/I/61MuLX2BWJL._AC_UL320_.jpg,https://www.amazon.eg/dp/B0FM6NMQJ6,2026-06-02T08:04:10.086549
amazon,B0DDXRBHCX,Product B0DDXRBHCX,Wolf Motorcycle Oil Moto 4T 10W40 Racing Ester - 1L,Automotive,EGP 631.00,,,4.4,(26),In Stock,https://m.media-amazon.com/images/I/71PnM5Vx5BL._AC_UL320_.jpg,https://www.amazon.eg/dp/B0DDXRBHCX,2026-06-02T08:04:10.089433
amazon,B0084EIW7M,Product B0084EIW7M,Uni-T UT33B LCD Digital AC/DC Ohm Volt Tester Meter,Automotive,EGP 600.00,,,4.5,(793),In Stock,https://m.media-amazon.com/images/I/71EQic3BXVL._AC_UL320_.jpg,https://www.amazon.eg/dp/B0084EIW7M,2026-06-02T08:04:10.092087
amazon,B07HGZSNW3,Product B07HGZSNW3,MANNOL 5L Coolant Antifreeze G12+ RED Ready Mixed -30°C / +125 German Hi Spec,Automotive,EGP 749.00,,,4.6,(2.4K),In Stock,https://m.media-amazon.com/images/I/61dS0EzwFyL._AC_UL320_.jpg,https://www.amazon.eg/dp/B07HGZSNW3,2026-06-02T08:04:10.094868
amazon,B0BVKFWZVK,Product B0BVKFWZVK,Car Cover Polycarbonate Acrylic Car Dust And Sun Protection Car Cover For Kia Cerato K3 210x70x47,Automotive,EGP 544.07,,,2.9,(6),In Stock,https://m.media-amazon.com/images/I/716yMAEQONL._AC_UL320_.jpg,https://www.amazon.eg/dp/B0BVKFWZVK,2026-06-02T08:04:10.097473
amazon,B0C6F8YLJW,Product B0C6F8YLJW,"150 PSI Inflator Portable Air Compressor, Cordless Air Pump for Car Tires with Digital Pressure Gauge, Rechargeable Tire Pump Air Pump with Light for Car, Bike, Motorcycle, Balls, Swim Rings",Automotive,EGP 750.00,EGP 799.00,,3.6,(187),In Stock,https://m.media-amazon.com/images/I/710bvPE0zSL._AC_UL320_.jpg,https://www.amazon.eg/dp/B0C6F8YLJW,2026-06-02T08:04:10.100798
amazon,B081F9ND7Z,Product B081F9ND7Z,UGREEN CM309 Car Bluetooth Audio Receiver Aux Grey,Automotive,EGP 799.00,,,4.6,(866),In Stock,https://m.media-amazon.com/images/I/51ht-nNiD7L._AC_UL320_.jpg,https://www.amazon.eg/dp/B081F9ND7Z,2026-06-02T08:04:10.103484
amazon,B09BMFVWR9,Product B09BMFVWR9,SONAX Gloss Concentrated Wash Shampoo,Automotive,EGP 699.00,EGP 725.00,,4.4,(12),In Stock,https://m.media-amazon.com/images/I/61RoIUNFRML._AC_UL320_.jpg,https://www.amazon.eg/dp/B09BMFVWR9,2026-06-02T08:04:10.106660
amazon,B0923126DS,Product B0923126DS,"abro gold concentrated wash with carnauba wax,946ml",Automotive,,,,4.1,(71),In Stock,https://m.media-amazon.com/images/I/61yHLEqfdpL._AC_UL320_.jpg,https://www.amazon.eg/dp/B0923126DS,2026-06-02T08:04:10.108597
amazon,B094YJGGHY,Product B094YJGGHY,RZ59E Ceramic Engine Protection | Ceramic Additive | Wear Protection | Engine Oil Additive | Engine Oil Additive | Engine Protect | 300 ml,Automotive,EGP 999.99,"EGP 1,067.00",,4.4,(77),In Stock,https://m.media-amazon.com/images/I/616WuaVIsCS._AC_UL320_.jpg,https://www.amazon.eg/dp/B094YJGGHY,2026-06-02T08:04:10.111883
amazon,B0BXM4MSZ2,Product B0BXM4MSZ2,"OBD2 Fault Tracer & Sensor Tracer - Original V1.5 - ELM327 PIC18F25K80 - Bluetooth - With Apps & Usage Catalog - Android,",Automotive,EGP 999.00,,,4.3,(24),In Stock,https://m.media-amazon.com/images/I/81w-NBbrCbL._AC_UL320_.jpg,https://www.amazon.eg/dp/B0BXM4MSZ2,2026-06-02T08:04:10.114620
amazon,B09231LGQ3,Product B09231LGQ3,TOTAL BOOSTER CABLE600 AMP IN BOX- PBCA16008,Automotive,EGP 610.00,EGP 804.00,,4.6,(17),In Stock,https://m.media-amazon.com/images/I/613hPVltRoS._AC_UL320_.jpg,https://www.amazon.eg/dp/B09231LGQ3,2026-06-02T08:04:10.119596
amazon,B09LVWBXZ5,Product B09LVWBXZ5,Shell Helix HX6 15W50 4L,Automotive,"EGP 1,199.00",,,4.1,(143),In Stock,https://m.media-amazon.com/images/I/71b4o6UaboL._AC_UL320_.jpg,https://www.amazon.eg/dp/B09LVWBXZ5,2026-06-02T08:05:41.427571
amazon,B0DF2X27V6,Product B0DF2X27V6,"Wireless CarPlay Adapter for iPhone, Convert Wired to Wireless CarPlay Adapter, Mini Size with Extension Cable USB & USB-C/Type-C, Stable Car Control & No Delay, Black",Automotive,"EGP 1,579.00","EGP 1,739.00",,4.1,(1.4K),In Stock,https://m.media-amazon.com/images/I/71QJGy-FnNL._AC_UL320_.jpg,https://www.amazon.eg/dp/B0DF2X27V6,2026-06-02T08:05:41.430934
amazon,B0FNMHBV3S,Product B0FNMHBV3S,"Carlinkit Wireless CarPlay & Android Auto Adapter - Mini Ultra 3 Convert OEM Wired to Wireless Dongle for iPhone & Android 11+, USB-A/Type-C Plug & Play, Fast Connection, Online Upgrade",Automotive,"EGP 1,410.00","EGP 1,799.00",,3.7,(484),In Stock,https://m.media-amazon.com/images/I/61QCvBu+VcL._AC_UL320_.jpg,https://www.amazon.eg/dp/B0FNMHBV3S,2026-06-02T08:05:41.434252
amazon,B092343CQP,Product B092343CQP,TOTAL Auto air compressor Car 8bar,Automotive,"EGP 1,690.00",,,4.6,(456),In Stock,https://m.media-amazon.com/images/I/71a50DW5EoL._AC_UL320_.jpg,https://www.amazon.eg/dp/B092343CQP,2026-06-02T08:05:41.437136
amazon,B096CSN8R1,Product B096CSN8R1,Total Tools TOTAL Auto air compressor TTAC2506,Automotive,"EGP 1,700.00","EGP 2,042.00",,4.6,(103),In Stock,https://m.media-amazon.com/images/I/71E3oFD5HvL._AC_UL320_.jpg,https://www.amazon.eg/dp/B096CSN8R1,2026-06-02T08:05:41.440892
amazon,B0CDPW5RSX,Product B0CDPW5RSX,Air Compressor,Automotive,"EGP 1,248.00",,,4.2,(1.8K),In Stock,https://m.media-amazon.com/images/I/71sCbzX2APL._AC_UL320_.jpg,https://www.amazon.eg/dp/B0CDPW5RSX,2026-06-02T08:05:41.443808
amazon,B0922ZX2W8,Product B0922ZX2W8,Total Hand Jacks THT108225,Automotive,"EGP 1,825.00","EGP 2,066.49",,4.1,(142),In Stock,https://m.media-amazon.com/images/I/61oMcE2QizL._AC_UL320_.jpg,https://www.amazon.eg/dp/B0922ZX2W8,2026-06-02T08:05:41.447879
amazon,B00NC1GZ7G,Product B00NC1GZ7G,STP ULTRA 5-IN-1 PETROL SYSTEM CLEANER - 400ml,Automotive,"EGP 1,540.00",,,4.6,(1.9K),In Stock,https://m.media-amazon.com/images/I/61-FCy1yDUL._AC_UL320_.jpg,https://www.amazon.eg/dp/B00NC1GZ7G,2026-06-02T08:05:41.450865
amazon,B0H15NZHFP,Product B0H15NZHFP,BendexEngine OIL 5w-40 SN Fully Synthitic 4L,Automotive,"EGP 1,150.00",,,,EGP 1150.00EGP1150.00,In Stock,https://m.media-amazon.com/images/I/71c026bpzjL._AC_UL320_.jpg,https://www.amazon.eg/dp/B0H15NZHFP,2026-06-02T08:05:41.453416
amazon,B0BB2K56P6,Product B0BB2K56P6,"Tire Inflator Portable Air Compressor, Emergency Essential Car Accessories，4X Faster Inflation, 150PSI Cordless Tire Inflator with LCD Screen, Suitable for Car, E-Bike, Ball, Motorcycle",Automotive,"EGP 1,097.50",,,3.3,(16),In Stock,https://m.media-amazon.com/images/I/61VGYIN4K+L._AC_UL320_.jpg,https://www.amazon.eg/dp/B0BB2K56P6,2026-06-02T08:05:41.456088
amazon,B0G5324QJ5,Product B0G5324QJ5,"Beauty beast Wireless CarPlay Adapter for Apple CarPlay, Upgrade Wired CarPlay to Wireless, Instant Connectivity, Super Mini Car Play Dongle for iPhone, Fit for Cars (Carplay)",Automotive,"EGP 1,499.00",,,3.2,(12),In Stock,https://m.media-amazon.com/images/I/71Ay+20kajL._AC_UL320_.jpg,https://www.amazon.eg/dp/B0G5324QJ5,2026-06-02T08:05:41.458900
amazon,B0DDVSVQQC,Product B0DDVSVQQC,"Beauty beast Wireless CarPlay Adapter for Apple CarPlay, Upgrade Wired CarPlay to Wireless, Instant Connectivity, Super Mini Car Play Dongle for iPhone, Fit for Cars with Built-in CarPlay (ST3-Black)",Automotive,"EGP 1,319.18","EGP 1,469.18",,3.8,(28),In Stock,https://m.media-amazon.com/images/I/61s8bXNgkbL._AC_UL320_.jpg,https://www.amazon.eg/dp/B0DDVSVQQC,2026-06-02T08:05:41.462168
amazon,B0B2B26RMR,Product B0B2B26RMR,PRIFIX Brix Roof Rocket Fan,Automotive,"EGP 1,749.00","EGP 1,799.00",,3.6,(89),In Stock,https://m.media-amazon.com/images/I/41-xq9lbk0L._AC_UL320_.jpg,https://www.amazon.eg/dp/B0B2B26RMR,2026-06-02T08:05:41.465517
amazon,B091CWBV9B,Product B091CWBV9B,TOTaL TOOLS auto air compressor 12V,Automotive,"EGP 1,240.00",,,4.1,(177),In Stock,https://m.media-amazon.com/images/I/81j+S7H1c0L._AC_UL320_.jpg,https://www.amazon.eg/dp/B091CWBV9B,2026-06-02T08:05:41.468567
amazon,B0GFGHJLXV,Product B0GFGHJLXV,"2026 Upgraded Wireless CarPlay & Android Auto Adapter 2 in 1 Converts Factory Wired CarPlay to Wireless, Plug and Play Car Play Adapter, Compatible with iPhone/Android Phones with USB/USB-C Port",Automotive,"EGP 1,849.97",,,3.0,(2),In Stock,https://m.media-amazon.com/images/I/41QsIrppHGL._AC_UL320_.jpg,https://www.amazon.eg/dp/B0GFGHJLXV,2026-06-02T08:05:41.471408
amazon,B0CQZLRYHR,Product B0CQZLRYHR,"Anker MagGo 15W MagSafe Car Mount, Mobile Phone Holder Car with Charging Function, 360° Adjustable Angle and Strong Magnets, Wireless Car Charger for iPhone 15/14 Series (Includes Cable and Adapter)",Automotive,"EGP 1,100.00",,,4.5,(475),In Stock,https://m.media-amazon.com/images/I/61kwgTDleqL._AC_UL320_.jpg,https://www.amazon.eg/dp/B0CQZLRYHR,2026-06-02T08:05:41.474177
amazon,B0FJMBLC4T,Product B0FJMBLC4T,"Wireless CarPlay Adapter & Android Auto Dongle, Fast Auto-Connect, Compact Plug & Play Wireless CarPlay Converter for iPhone & Android, USB/USB-C, No Delay, Seamless Reconnection (Black)",Automotive,"EGP 1,600.00",,,3.7,(292),In Stock,https://m.media-amazon.com/images/I/51hTNFgDxaL._AC_UL320_.jpg,https://www.amazon.eg/dp/B0FJMBLC4T,2026-06-02T08:05:41.477040
amazon,B08SCFTTB4,Product B08SCFTTB4,Vee - car lifter 2 tons,Automotive,"EGP 1,850.00","EGP 2,686.00",,3.9,(74),In Stock,https://m.media-amazon.com/images/I/61r6WaGTCHL._AC_UL320_.jpg,https://www.amazon.eg/dp/B08SCFTTB4,2026-06-02T08:05:41.480206
amazon,B097BLYGJ4,Product B097BLYGJ4,MN7726 Ceramic Pro 10W-40 4L,Automotive,"EGP 1,440.00",,,3.9,(9),In Stock,https://m.media-amazon.com/images/I/71QLLYuF6AL._AC_UL320_.jpg,https://www.amazon.eg/dp/B097BLYGJ4,2026-06-02T08:05:41.482960
amazon,B0CM24239T,Product B0CM24239T,Generic Waterproof Car Cover With Phosphorescent Reflectors For Car Protection In Extreme Weather Conditions Against Rain And Dust For Mercedes-Benz C180,Automotive,"EGP 1,653.00",,,4.5,(16),In Stock,https://m.media-amazon.com/images/I/51l-Skl09gL._AC_UL320_.jpg,https://www.amazon.eg/dp/B0CM24239T,2026-06-02T08:05:41.485823
amazon,B00IERQC80,Product B00IERQC80,Michelin digital tyre inflator - black,Automotive,,,,4.6,(3K),In Stock,https://m.media-amazon.com/images/I/61yCLB96ndL._AC_UL320_.jpg,https://www.amazon.eg/dp/B00IERQC80,2026-06-02T08:05:42.497688
amazon,B0C42ZJLDP,Product B0C42ZJLDP,TotalEnergies QUARTZ INEO MC3 5W-30 Fully Synthetic Engine Oil for Passenger Car- 4 Liters,Automotive,,,,4.6,(120),In Stock,https://m.media-amazon.com/images/I/61FbQxA+yfL._AC_UL320_.jpg,https://www.amazon.eg/dp/B0C42ZJLDP,2026-06-02T08:05:42.499708
amazon,B0C4351RLL,Product B0C4351RLL,TotalEnergies QUARTZ INEO C3 5W-40 - Fully synthetic Engine Oil for Passenger Car - 4 Liters,Automotive,"EGP 2,199.00",,,4.4,(165),In Stock,https://m.media-amazon.com/images/I/81GIu83l-mL._AC_UL320_.jpg,https://www.amazon.eg/dp/B0C4351RLL,2026-06-02T08:05:42.502645
amazon,B0CFYTVGSQ,Product B0CFYTVGSQ,"360 Degree Bird View Surround System, 1080P HD Car Backup Camera System with Car DVR Recorder & 4 Reverse Cameras, Waterproof Universal Panoramic View All Round Front/Side/Rear View Camera for All Car",Automotive,"EGP 4,868.00",,,,EGP 4868.00EGP4868.00,In Stock,https://m.media-amazon.com/images/I/512RYm-ULWL._AC_UL320_.jpg,https://www.amazon.eg/dp/B0CFYTVGSQ,2026-06-02T08:05:42.508569
amazon,B0BK8ZXJJ7,Product B0BK8ZXJJ7,Energizer ultimate pac6003 portable air compressor capacity 6000mah/ 22.22wh (max.),Automotive,"EGP 2,029.00","EGP 2,282.61",,3.6,(320),In Stock,https://m.media-amazon.com/images/I/61OrZAvR94L._AC_UL320_.jpg,https://www.amazon.eg/dp/B0BK8ZXJJ7,2026-06-02T08:05:42.511963
amazon,B0F9BDRTM7,Product B0F9BDRTM7,9 Inch IPS Car Display Screen Android Auto Carplay 2GB RAM/32GB Storage Bluetooth Cooling Fan Radio Navigation,Automotive,"EGP 3,961.50",,,2.8,(14),In Stock,https://m.media-amazon.com/images/I/515ayXzFpyL._AC_UL320_.jpg,https://www.amazon.eg/dp/B0F9BDRTM7,2026-06-02T08:05:42.515151
amazon,B098TWVN97,Product B098TWVN97,Total Couric crocodile 2 tons 6.8 kg Model: TOTAL THT108225,Automotive,"EGP 2,199.00",,,4.2,(43),In Stock,https://m.media-amazon.com/images/I/51Xltlc1PiS._AC_UL320_.jpg,https://www.amazon.eg/dp/B098TWVN97,2026-06-02T08:05:42.518058
amazon,B0DKJS2G5T,Product B0DKJS2G5T,"Xiaomi Portable Electric Air Compressor 2 Pro, Electric Air Compressor Inflatable Treasure 150psi High Pressure For Motorcycle Bike Car Scooter Football Basketball",Automotive,,,,4.8,(39),In Stock,https://m.media-amazon.com/images/I/41VGp-w7PnL._AC_UL320_.jpg,https://www.amazon.eg/dp/B0DKJS2G5T,2026-06-02T08:05:42.519998
amazon,B0CJ87HJL7,Product B0CJ87HJL7,"360 Degree Car Camera, Easy Installation, Starlight Night Vision Panoramic Camera System for Car Radio (1080P)",Automotive,"EGP 4,868.00",,,3.4,(10),In Stock,https://m.media-amazon.com/images/I/61bk6P7V57L._AC_UL320_.jpg,https://www.amazon.eg/dp/B0CJ87HJL7,2026-06-02T08:05:42.522840
amazon,B08HQHW4LS,Product B08HQHW4LS,Bosch Easy Pump 0603947000,Automotive,"EGP 3,099.00",,,4.5,(23K),In Stock,https://m.media-amazon.com/images/I/718A06u30NL._AC_UL320_.jpg,https://www.amazon.eg/dp/B08HQHW4LS,2026-06-02T08:05:42.526093
amazon,B0F4PK9DNV,Product B0F4PK9DNV,b.go 5008+2020,Automotive,"EGP 2,499.00",,,,EGP 2499.00EGP2499.00,In Stock,https://m.media-amazon.com/images/I/51muUjZqQ9L._AC_UL320_.jpg,https://www.amazon.eg/dp/B0F4PK9DNV,2026-06-02T08:05:42.528640
amazon,B0DK9V6CSP,Product B0DK9V6CSP,"Vehicle Turn Indicator Light LED Blinker Bulb Amber Yellow 3 Watt Replacement 1156, 1157,7440,7443 with Projector for Car Front Turn Signal Parking Lights (1156-180-YELLOW)",Automotive,"EGP 3,540.38",,,3.8,(9),In Stock,https://m.media-amazon.com/images/I/71AKGG2SS8L._AC_UL320_.jpg,https://www.amazon.eg/dp/B0DK9V6CSP,2026-06-02T08:05:42.531373
amazon,B09YX3YF1C,Product B09YX3YF1C,7 inch screen cassette/works on ANDROID & IOS FM/AM radio Supports (MIRROR LINK) connection Supports audio formats (TUNERMP3/MPEG4/RMVB) Provided with cables to connect,Automotive,"EGP 2,420.11",,,1.0,(1),In Stock,https://m.media-amazon.com/images/I/61jXxWsFDeL._AC_UL320_.jpg,https://www.amazon.eg/dp/B09YX3YF1C,2026-06-02T08:05:42.534109
amazon,B018QPOP5G,Product B018QPOP5G,"M.Store 1455 Packy Poda Universal Heavy-Duty All-Weather Car Floor Mats 5-Pieces, Grey",Automotive,"EGP 3,487.00",,,,EGP 3487.00EGP3487.00,In Stock,https://m.media-amazon.com/images/I/51ihPI+negL._AC_UL320_.jpg,https://www.amazon.eg/dp/B018QPOP5G,2026-06-02T08:05:42.536778
amazon,B0G7RBMM32,Product B0G7RBMM32,"Car Trunk Mat Waterproof Cargo Liner – Heavy Duty Non-Slip Rubber Boot Mat, Universal Fit for Audi A3 S-Line Sedan 2017",Automotive,"EGP 2,668.00",,,,EGP 2668.00EGP2668.00,In Stock,https://m.media-amazon.com/images/I/71Bgnci7kDL._AC_UL320_.jpg,https://www.amazon.eg/dp/B0G7RBMM32,2026-06-02T08:05:42.539383
amazon,B0FH5VHS8N,Product B0FH5VHS8N,"car Cover 2 Layers for Land Rover Defender 130 d300 X Dynamic SE SUV 2025 – Waterproof, UV, Dustproof, Outdoor Convertible Cover (Two years warranty)",Automotive,"EGP 3,589.00",,,,EGP 3589.00EGP3589.00,In Stock,https://m.media-amazon.com/images/I/41Su78f3rPL._AC_UL320_.jpg,https://www.amazon.eg/dp/B0FH5VHS8N,2026-06-02T08:05:42.541950
amazon,B0G4K26JKM,Product B0G4K26JKM,M.Store 12 Volt Automatic Air Compressor for Car Tires with Digital Display,Automotive,"EGP 3,800.00",,,,EGP 3800.00EGP3800.00,In Stock,https://m.media-amazon.com/images/I/51dcnHh2peL._AC_UL320_.jpg,https://www.amazon.eg/dp/B0G4K26JKM,2026-06-02T08:05:42.544496
amazon,B0GWYH6FQP,Product B0GWYH6FQP,جهاز تشغيل بطارية السيارة المحمول مع ضاغط هواء، بطارية تشغيل قصوى 8000 أمبير وضغط 150 رطل لكل بوصة مربعة، صندوق تشغيل 12 فولت مع كابلات توصيل ذكية، منفاخ إطارات سيارة رقمي بشاشة عرض كبيرة,Automotive,"EGP 3,400.00",,,5.0,(3),In Stock,https://m.media-amazon.com/images/I/41ptFbmGlML._AC_UL320_.jpg,https://www.amazon.eg/dp/B0GWYH6FQP,2026-06-02T08:05:42.547323
amazon,B0866883WT,Product B0866883WT,ELF Evolution Full-Tech MSX 5W30 Engine Oil for Passenger Car 5-Liter,Automotive,"EGP 2,999.00",,,2.8,(2),In Stock,https://m.media-amazon.com/images/I/61bUS+VcjzL._AC_UL320_.jpg,https://www.amazon.eg/dp/B0866883WT,2026-06-02T08:05:42.550165
amazon,B0G44NYL92,Product B0G44NYL92,"Car LED Headlight, 12-24V, 50000LM, H4 Model, Universal Fit, Black/Silver, Aluminum, Turbo Fan with Dual Copper Heatsink, CANBUS System, Plug & Play",Automotive,"EGP 4,601.61",,,,EGP 4601.61EGP4601.61,In Stock,https://m.media-amazon.com/images/I/71XGBhw-gfL._AC_UL320_.jpg,https://www.amazon.eg/dp/B0G44NYL92,2026-06-02T08:05:42.552691
amazon,B091NXBCPN,Product B091NXBCPN,"Liqui Moly 5W-40 High Tech Engine Oil With Low Vescosity, 4 Litres",Automotive,"EGP 2,425.00",,,4.3,(28),In Stock,https://m.media-amazon.com/images/I/61+rnNG85qL._AC_UL320_.jpg,https://www.amazon.eg/dp/B091NXBCPN,2026-06-02T08:05:42.555392
amazon,B00DZISNZS,Product B00DZISNZS,"Mannol elite fully synthetic motor oil, 5w-40-4 liter",Automotive,"EGP 2,195.00","EGP 2,207.61",,4.2,(80),In Stock,https://m.media-amazon.com/images/I/713qTRTvoPL._AC_UL320_.jpg,https://www.amazon.eg/dp/B00DZISNZS,2026-06-02T08:05:42.559465
amazon,B00XELZ94Y,Product B00XELZ94Y,MICHELIN High Power Tyre Inflator Pump Electric Air Compressor 12V Display 12265,Automotive,"EGP 2,400.00",,,4.3,(258),In Stock,https://m.media-amazon.com/images/I/61yCLB96ndL._AC_UL320_.jpg,https://www.amazon.eg/dp/B00XELZ94Y,2026-06-02T08:05:42.562243
amazon,B0923HPCT6,Product B0923HPCT6,HUGO BOSS Key ring Gear Matrix Blue,Automotive,"EGP 5,000.00",,,5.0,(1),In Stock,https://m.media-amazon.com/images/I/51UgLpH5TdL._AC_UL320_.jpg,https://www.amazon.eg/dp/B0923HPCT6,2026-06-02T08:05:43.355438
amazon,B07P7M8NZM,Product B07P7M8NZM,Uni-T UT502 Insulation Resistance Tester,Automotive,"EGP 5,000.00",,,5.0,(2),In Stock,https://m.media-amazon.com/images/I/61l6HpGzEXL._AC_UL320_.jpg,https://www.amazon.eg/dp/B07P7M8NZM,2026-06-02T08:05:43.363182
amazon,B0GL9B55J1,Product B0GL9B55J1,"Air Mass Flow Sensor compatible with BMW E46 E39 E60 M54B30, Automotive MAF Sensor",Automotive,"EGP 5,000.00",,,,EGP 5000.00EGP5000.00,In Stock,https://m.media-amazon.com/images/I/718sZmD2KsL._AC_UL320_.jpg,https://www.amazon.eg/dp/B0GL9B55J1,2026-06-02T08:05:43.365559
amazon,B0G62R3ZRT,Product B0G62R3ZRT,Compatible with Mercedes Benz C-Class W205 Exhaust Pipe Upgrade AMG C63 Black Quad Muffler Carbon Fiber Stainless Steel Nozzle Tip 2014-2018 (Stainless steel),Automotive,"EGP 5,000.00",,,,EGP 5000.00EGP5000.00,In Stock,https://m.media-amazon.com/images/I/61bKCjcOEcL._AC_UL320_.jpg,https://www.amazon.eg/dp/B0G62R3ZRT,2026-06-02T08:05:43.368119
amazon,B0G2KQC3CT,Product B0G2KQC3CT,car Cover 2 Layers for Skoda Kamiq Style SUV 2022 (Three years warranty),Automotive,"EGP 5,000.00",,,,EGP 5000.00EGP5000.00,In Stock,https://m.media-amazon.com/images/I/41RHSG6-zXL._AC_UL320_.jpg,https://www.amazon.eg/dp/B0G2KQC3CT,2026-06-02T08:05:43.370648
amazon,B0G2KPV16X,Product B0G2KPV16X,car Cover 2 Layers for Nissan Versa Note SL Hatchback 2014 (Three years warranty),Automotive,"EGP 5,000.00",,,,EGP 5000.00EGP5000.00,In Stock,https://m.media-amazon.com/images/I/41W4dWKEDVL._AC_UL320_.jpg,https://www.amazon.eg/dp/B0G2KPV16X,2026-06-02T08:05:43.373218
amazon,B0G2KPRMN3,Product B0G2KPRMN3,car Cover 2 Layers for Land Rover Range Rover HSE SUV 2020 (Three years warranty),Automotive,"EGP 5,000.00",,,,EGP 5000.00EGP5000.00,In Stock,https://m.media-amazon.com/images/I/31Nu3hIBV4L._AC_UL320_.jpg,https://www.amazon.eg/dp/B0G2KPRMN3,2026-06-02T08:05:43.375741
amazon,B0G2KP3LVD,Product B0G2KP3LVD,car Cover 2 Layers for Chevrolet Silverado 1500 Custom Truck... (Three years warranty),Automotive,"EGP 5,000.00",,,,EGP 5000.00EGP5000.00,In Stock,https://m.media-amazon.com/images/I/311jLLq0TwL._AC_UL320_.jpg,https://www.amazon.eg/dp/B0G2KP3LVD,2026-06-02T08:05:43.378287
amazon,B0G2KNQTJ6,Product B0G2KNQTJ6,car Cover 2 Layers for Toyota GT86 Coupe 2013 (Three years warranty),Automotive,"EGP 5,000.00",,,,EGP 5000.00EGP5000.00,In Stock,https://m.media-amazon.com/images/I/41U9OwkW2TL._AC_UL320_.jpg,https://www.amazon.eg/dp/B0G2KNQTJ6,2026-06-02T08:05:43.380820
amazon,B0G2KMXPLP,Product B0G2KMXPLP,car Cover 2 Layers for Jaguar E-PACE SE SUV 2024 (Three years warranty),Automotive,"EGP 5,000.00",,,,EGP 5000.00EGP5000.00,In Stock,https://m.media-amazon.com/images/I/31mn6lz00QL._AC_UL320_.jpg,https://www.amazon.eg/dp/B0G2KMXPLP,2026-06-02T08:05:43.383337
amazon,B0G2KMP9VP,Product B0G2KMP9VP,car Cover 2 Layers for Toyota GR Corolla Core Hatchback 2024 (Three years warranty),Automotive,"EGP 5,000.00",,,,EGP 5000.00EGP5000.00,In Stock,https://m.media-amazon.com/images/I/31N29bQnrBL._AC_UL320_.jpg,https://www.amazon.eg/dp/B0G2KMP9VP,2026-06-02T08:05:43.385883
amazon,B0G2KMK913,Product B0G2KMK913,car Cover 2 Layers for Seat Ibiza Reference Hatchback 2018 (Three years warranty),Automotive,"EGP 5,000.00",,,,EGP 5000.00EGP5000.00,In Stock,https://m.media-amazon.com/images/I/31E289yLopL._AC_UL320_.jpg,https://www.amazon.eg/dp/B0G2KMK913,2026-06-02T08:05:43.388408
amazon,B0G2KMGXQH,Product B0G2KMGXQH,car Cover 2 Layers for Mercedes-Benz GLA AMG 45 S SUV 2021 (Three years warranty),Automotive,"EGP 5,000.00",,,,EGP 5000.00EGP5000.00,In Stock,https://m.media-amazon.com/images/I/416mjlBU24L._AC_UL320_.jpg,https://www.amazon.eg/dp/B0G2KMGXQH,2026-06-02T08:05:43.390944
amazon,B0G2KM34F2,Product B0G2KM34F2,car Cover 2 Layers for Audi S5 Quattro Coupe 2017 (Three years warranty),Automotive,"EGP 5,000.00",,,,EGP 5000.00EGP5000.00,In Stock,https://m.media-amazon.com/images/I/31L-zHYzGeL._AC_UL320_.jpg,https://www.amazon.eg/dp/B0G2KM34F2,2026-06-02T08:05:43.393488
amazon,B0G1LY6RGW,Product B0G1LY6RGW,"Gold and Silver Tester, Diamond Tester Pen Professional Diamond Detector Non-Destructive Jewelry Testing Kit for Novice and Expert",Automotive,"EGP 5,000.00",,,2.9,(8),In Stock,https://m.media-amazon.com/images/I/51isKmEktDL._AC_UL320_.jpg,https://www.amazon.eg/dp/B0G1LY6RGW,2026-06-02T08:05:43.396125
amazon,B0DSW4RZ9M,Product B0DSW4RZ9M,"Endoscope Inspection Camera, Endoscope Camera with Light with 10M Semi-Rigid Cable, Waterproof IP67, 6 LED Lights, Type C, No WiFi Required, for Android, Tablet, PC Windows",Automotive,"EGP 5,000.00",,,3.4,(59),In Stock,https://m.media-amazon.com/images/I/71hXTKMRoHL._AC_UL320_.jpg,https://www.amazon.eg/dp/B0DSW4RZ9M,2026-06-02T08:05:43.398753
amazon,B0D5GZQMYC,Product B0D5GZQMYC,Upgarde full LED Driver and Passenger DRL Turn Signal Light Front Bumper Fog Lamps Compatible with Hyundai Elantra 2024 SE SEL Limited Indicated Light (FRONT LIGHT),Automotive,"EGP 5,000.00",,,3.9,(11),In Stock,https://m.media-amazon.com/images/I/614BzCP4U6L._AC_UL320_.jpg,https://www.amazon.eg/dp/B0D5GZQMYC,2026-06-02T08:05:43.401377
amazon,B0D3XN44HW,Product B0D3XN44HW,"5G WiFi Android Radio for Hyundai Elantra 2011 2012 2013, Built-in Wireless CarPlay with Android Auto, 9'' Touch Screen Car Stereo with GPS Navigation Bluetooth FM RDS DSP 2+64G",Automotive,"EGP 5,000.00",,,3.5,(6),In Stock,https://m.media-amazon.com/images/I/71skpOZuYkL._AC_UL320_.jpg,https://www.amazon.eg/dp/B0D3XN44HW,2026-06-02T08:05:43.404010
amazon,B0BYJL8Z9L,Product B0BYJL8Z9L,1Pcs Plastic Fuel Pump Filter Compatible With W211 E320 E350 E500 CLS500 2114703994,Automotive,"EGP 5,000.00",,,,EGP 5000.00EGP5000.00,In Stock,https://m.media-amazon.com/images/I/51txk0uz03L._AC_UL320_.jpg,https://www.amazon.eg/dp/B0BYJL8Z9L,2026-06-02T08:05:43.406446
amazon,B0B4RMVJ2M,Product B0B4RMVJ2M,grille Car Front Bumper Upper Grill Grille Compatible With Mer-cedes Compatible WithBenz C Class W205 C200 C250 C300 C350 2015-2018 Racing Grill automotive exterior parts ( Color : B-Black ),Automotive,"EGP 5,000.00",,,,EGP 5000.00EGP5000.00,In Stock,https://m.media-amazon.com/images/I/61jORe7Uk9L._AC_UL320_.jpg,https://www.amazon.eg/dp/B0B4RMVJ2M,2026-06-02T08:05:43.408867
amazon,B09FT9PPVZ,Product B09FT9PPVZ,"LEMFÖRDER 33504 01 Repair Kit Suspension Strut Support Mount for Mercedes-Benz C-Class Sedan (W204) 2007-2015 Left, Right, Front Axle and other vehicles",Automotive,"EGP 5,000.00",,,,EGP 5000.00EGP5000.00,In Stock,https://m.media-amazon.com/images/I/51GCfRsULCL._AC_UL320_.jpg,https://www.amazon.eg/dp/B09FT9PPVZ,2026-06-02T08:05:43.411268
